<organization>
	<organizationId>10007</organizationId>
	<names>
		<name>
			<value>O'Reilly-Schneider</value>
			<classification>S</classification>
			<restricted>false</restricted>
			<source>
				<name>New York Times</name>
				<ts>2021-02-09T16:58:25Z</ts>
			</source>
		</name>
	</names>
	<types>
		<type>Social Club</type>
	</types>
	<country>Ukraine</country>
	<areas>
		<area>Europe</area>
	</areas>
	<images>
		<image>
			<url>/images/organizations/church.jpg</url>
			<source>Los Angeles Times</source>
		</image>
		<image>
			<url>/images/organizations/church.jpg</url>
			<source>USA Today</source>
		</image>
		<image>
			<url>/images/organizations/factory.jpg</url>
			<source>Washington Post</source>
		</image>
		<image>
			<url>/images/organizations/office.jpg</url>
			<source>Chicago Tribune</source>
		</image>
	</images>
	<sources>
		<source>
			<name>Washington Post</name>
			<ts>2016-12-22T15:44:07Z</ts>
		</source>
	</sources>
	<createdOn>
		<ts>2022-02-15T14:34:47Z</ts>
		<user>clincey6</user>
	</createdOn>
</organization>