<organization>
	<organizationId>10005</organizationId>
	<names>
		<name>
			<value>Will, Little and Durgan</value>
			<classification>S</classification>
			<restricted>false</restricted>
			<source>
				<name>Chicago Tribune</name>
				<ts>2020-10-26T03:19:56Z</ts>
			</source>
		</name>
	</names>
	<types>
		<type>Employer</type>
	</types>
	<country>Dominican Republic</country>
	<areas>
		<area>NA</area>
	</areas>
	<images>
		<image>
			<url>/images/organizations/capitol.jpg</url>
			<source>USA Today</source>
		</image>
		<image>
			<url>/images/organizations/factory.jpg</url>
			<source>Chicago Tribune</source>
		</image>
		<image>
			<url>/images/organizations/capitol.jpg</url>
			<source>Chicago Tribune</source>
		</image>
	</images>
	<sources>
		<source>
			<name>New York Times</name>
			<ts>2013-05-16T03:22:43Z</ts>
		</source>
	</sources>
	<createdOn>
		<ts>2022-01-13T08:20:03Z</ts>
		<user>ndanter4</user>
	</createdOn>
</organization>