<organization>
	<organizationId>10001</organizationId>
	<names>
		<name>
			<value>Rohan-Rau</value>
			<classification>S</classification>
			<restricted>true</restricted>
			<source>
				<name>New York Times</name>
				<ts>2020-04-28T04:41:19Z</ts>
			</source>
		</name>
	</names>
	<types>
		<type>Social Club</type>
	</types>
	<country>China</country>
	<areas>
		<area>APAC</area>
	</areas>
	<images>
		<image>
			<url>/images/organizations/factory.jpg</url>
			<source>Chicago Tribune</source>
		</image>
		<image>
			<url>/images/organizations/office.jpg</url>
			<source>USA Today</source>
		</image>
	</images>
	<sources>
		<source>
			<name>Wall Street Journal</name>
			<ts>2012-09-22T13:50:21Z</ts>
		</source>
	</sources>
	<createdOn>
		<ts>2022-01-05T19:43:09Z</ts>
		<user>jhessay0</user>
	</createdOn>
</organization>