<organization>
	<organizationId>10008</organizationId>
	<names>
		<name>
			<value>Turcotte-Koepp</value>
			<classification>C</classification>
			<restricted>false</restricted>
			<source>
				<name>Washington Post</name>
				<ts>2020-06-01T12:26:12Z</ts>
			</source>
		</name>
	</names>
	<types>
		<type>Non-Governmental Organization</type>
	</types>
	<country>Costa Rica</country>
	<areas>
		<area>NA</area>
	</areas>
	<images>
		<image>
			<url>/images/organizations/church.jpg</url>
			<source>Washington Post</source>
		</image>
		<image>
			<url>/images/organizations/factory.jpg</url>
			<source>Washington Post</source>
		</image>
	</images>
	<sources>
		<source>
			<name>New York Times</name>
			<ts>2016-04-16T09:02:40Z</ts>
		</source>
	</sources>
	<createdOn>
		<ts>2022-01-19T23:47:26Z</ts>
		<user>hmaxweell7</user>
	</createdOn>
</organization>