<organization>
	<organizationId>10011</organizationId>
	<names>
		<name>
			<value>Skiles, Hoppe and Armstrong</value>
			<classification>S</classification>
			<restricted>false</restricted>
			<source>
				<name>USA Today</name>
				<ts>2021-01-27T02:17:40Z</ts>
			</source>
		</name>
	</names>
	<types>
		<type>Non-Governmental Organization</type>
	</types>
	<country>United Kingdom</country>
	<areas>
		<area>World Wide</area>
	</areas>
	<images>
		<image>
			<url>/images/organizations/port.jpg</url>
			<source>USA Today</source>
		</image>
	</images>
	<sources>
		<source>
			<name>Chicago Tribune</name>
			<ts>2010-07-16T13:13:47Z</ts>
		</source>
	</sources>
	<sources>
		<source>
			<name>Washington Post</name>
			<ts>2012-04-22T03:29:08Z</ts>
		</source>
	</sources>
	<sources>
		<source>
			<name>Washington Post</name>
			<ts>2017-04-27T13:58:58Z</ts>
		</source>
	</sources>
	<createdOn>
		<ts>2022-01-01T18:14:12Z</ts>
		<user>ametzinga</user>
	</createdOn>
</organization>