<organization>
	<organizationId>10013</organizationId>
	<names>
		<name>
			<value>Will-Bauch</value>
			<classification>U</classification>
			<restricted>false</restricted>
			<source>
				<name>Chicago Tribune</name>
				<ts>2022-02-07T08:16:40Z</ts>
			</source>
		</name>
	</names>
	<types>
		<type>Non-Governmental Organization</type>
	</types>
	<country>China</country>
	<areas>
		<area>APAC</area>
	</areas>
	<images>
		<image>
			<url>/images/organizations/capitol.jpg</url>
			<source>Chicago Tribune</source>
		</image>
	</images>
	<sources>
		<source>
			<name>Chicago Tribune</name>
			<ts>2018-03-24T21:40:32Z</ts>
		</source>
	</sources>
	<sources>
		<source>
			<name>Wall Street Journal</name>
			<ts>2010-11-27T18:40:00Z</ts>
		</source>
	</sources>
	<createdOn>
		<ts>2022-02-06T14:23:15Z</ts>
		<user>hbootsc</user>
	</createdOn>
</organization>