<organization>
	<organizationId>10024</organizationId>
	<names>
		<name>
			<value>Watsica-Metz</value>
			<classification>C</classification>
			<restricted>false</restricted>
			<source>
				<name>New York Times</name>
				<ts>2021-11-12T06:18:47Z</ts>
			</source>
		</name>
	</names>
	<types>
		<type>Social Club</type>
	</types>
	<country>Finland</country>
	<areas>
		<area>Europe</area>
	</areas>
	<images>
		<image>
			<url>/images/organizations/factory.jpg</url>
			<source>New York Times</source>
		</image>
		<image>
			<url>/images/organizations/capitol.jpg</url>
			<source>Chicago Tribune</source>
		</image>
	</images>
	<sources>
		<source>
			<name>USA Today</name>
			<ts>2016-07-20T16:36:52Z</ts>
		</source>
	</sources>
	<createdOn>
		<ts>2022-01-14T07:15:58Z</ts>
		<user>hgianninottin</user>
	</createdOn>
</organization>