<organization>
	<organizationId>10020</organizationId>
	<names>
		<name>
			<value>Kshlerin, Sporer and Fahey</value>
			<classification>U</classification>
			<restricted>false</restricted>
			<source>
				<name>Washington Post</name>
				<ts>2021-10-19T12:42:08Z</ts>
			</source>
		</name>
	</names>
	<types>
		<type>Non-Governmental Organization</type>
	</types>
	<country>Philippines</country>
	<areas>
		<area>APAC</area>
	</areas>
	<images>
		<image>
			<url>/images/organizations/office.jpg</url>
			<source>Wall Street Journal</source>
		</image>
		<image>
			<url>/images/organizations/capitol.jpg</url>
			<source>Wall Street Journal</source>
		</image>
		<image>
			<url>/images/organizations/office.jpg</url>
			<source>New York Times</source>
		</image>
	</images>
	<sources>
		<source>
			<name>Washington Post</name>
			<ts>2021-09-21T12:15:26Z</ts>
		</source>
	</sources>
	<createdOn>
		<ts>2022-02-15T13:01:41Z</ts>
		<user>mmellingsj</user>
	</createdOn>
</organization>