<organization>
	<organizationId>10036</organizationId>
	<names>
		<name>
			<value>Hartmann-Reynolds</value>
			<classification>U</classification>
			<restricted>false</restricted>
			<source>
				<name>Chicago Tribune</name>
				<ts>2022-03-27T08:46:03Z</ts>
			</source>
		</name>
	</names>
	<types>
		<type>Employer</type>
	</types>
	<country>Peru</country>
	<areas>
		<area>SA</area>
	</areas>
	<images>
		<image>
			<url>/images/organizations/office.jpg</url>
			<source>Los Angeles Times</source>
		</image>
		<image>
			<url>/images/organizations/church.jpg</url>
			<source>Wall Street Journal</source>
		</image>
	</images>
	<sources>
		<source>
			<name>Los Angeles Times</name>
			<ts>2014-03-04T02:43:48Z</ts>
		</source>
	</sources>
	<sources>
		<source>
			<name>Wall Street Journal</name>
			<ts>2010-01-09T07:08:01Z</ts>
		</source>
	</sources>
	<sources>
		<source>
			<name>New York Times</name>
			<ts>2019-09-16T22:44:38Z</ts>
		</source>
	</sources>
	<createdOn>
		<ts>2022-01-07T07:52:25Z</ts>
		<user>gclemmensz</user>
	</createdOn>
</organization>