<organization>
	<organizationId>10039</organizationId>
	<names>
		<name>
			<value>Runolfsdottir LLC</value>
			<classification>C</classification>
			<restricted>false</restricted>
			<source>
				<name>Chicago Tribune</name>
				<ts>2020-04-17T20:56:26Z</ts>
			</source>
		</name>
	</names>
	<types>
		<type>Social Club</type>
	</types>
	<country>Ukraine</country>
	<areas>
		<area>Europe</area>
	</areas>
	<images>
		<image>
			<url>/images/organizations/capitol.jpg</url>
			<source>Wall Street Journal</source>
		</image>
	</images>
	<sources>
		<source>
			<name>Los Angeles Times</name>
			<ts>2018-09-08T17:27:28Z</ts>
		</source>
	</sources>
	<sources>
		<source>
			<name>Washington Post</name>
			<ts>2010-09-03T16:25:21Z</ts>
		</source>
	</sources>
	<createdOn>
		<ts>2022-01-18T22:46:25Z</ts>
		<user>borred12</user>
	</createdOn>
</organization>