<organization>
	<organizationId>10038</organizationId>
	<names>
		<name>
			<value>Cummings, Upton and Schaefer</value>
			<classification>S</classification>
			<restricted>true</restricted>
			<source>
				<name>Washington Post</name>
				<ts>2020-11-10T10:55:09Z</ts>
			</source>
		</name>
	</names>
	<types>
		<type>Non-Governmental Organization</type>
	</types>
	<country>Venezuela</country>
	<areas>
		<area>SA</area>
	</areas>
	<images>
		<image>
			<url>/images/organizations/office.jpg</url>
			<source>Chicago Tribune</source>
		</image>
		<image>
			<url>/images/organizations/church.jpg</url>
			<source>Wall Street Journal</source>
		</image>
	</images>
	<sources>
		<source>
			<name>Wall Street Journal</name>
			<ts>2014-12-24T21:29:56Z</ts>
		</source>
	</sources>
	<createdOn>
		<ts>2022-01-24T02:47:45Z</ts>
		<user>mmatuszewski11</user>
	</createdOn>
</organization>