<organization>
	<organizationId>10037</organizationId>
	<names>
		<name>
			<value>O'Keefe, Ratke and Boehm</value>
			<classification>U</classification>
			<restricted>true</restricted>
			<source>
				<name>Wall Street Journal</name>
				<ts>2021-08-31T23:52:13Z</ts>
			</source>
		</name>
	</names>
	<types>
		<type>Social Club</type>
	</types>
	<country>Indonesia</country>
	<areas>
		<area>APAC</area>
	</areas>
	<images>
		<image>
			<url>/images/organizations/port.jpg</url>
			<source>USA Today</source>
		</image>
		<image>
			<url>/images/organizations/port.jpg</url>
			<source>New York Times</source>
		</image>
		<image>
			<url>/images/organizations/capitol.jpg</url>
			<source>Wall Street Journal</source>
		</image>
	</images>
	<sources>
		<source>
			<name>New York Times</name>
			<ts>2021-09-28T12:24:52Z</ts>
		</source>
	</sources>
	<sources>
		<source>
			<name>Wall Street Journal</name>
			<ts>2020-07-16T14:02:17Z</ts>
		</source>
	</sources>
	<createdOn>
		<ts>2022-01-25T08:37:24Z</ts>
		<user>kiddons10</user>
	</createdOn>
</organization>