<organization>
	<organizationId>10035</organizationId>
	<names>
		<name>
			<value>Witting-Hermiston</value>
			<classification>U</classification>
			<restricted>true</restricted>
			<source>
				<name>Wall Street Journal</name>
				<ts>2022-01-29T20:44:08Z</ts>
			</source>
		</name>
	</names>
	<types>
		<type>Non-Governmental Organization</type>
	</types>
	<country>Indonesia</country>
	<areas>
		<area>APAC</area>
	</areas>
	<images>
		<image>
			<url>/images/organizations/office.jpg</url>
			<source>Washington Post</source>
		</image>
		<image>
			<url>/images/organizations/church.jpg</url>
			<source>Washington Post</source>
		</image>
	</images>
	<sources>
		<source>
			<name>USA Today</name>
			<ts>2017-01-03T00:07:11Z</ts>
		</source>
	</sources>
	<sources>
		<source>
			<name>USA Today</name>
			<ts>2020-01-31T04:24:38Z</ts>
		</source>
	</sources>
	<sources>
		<source>
			<name>USA Today</name>
			<ts>2019-12-28T18:38:43Z</ts>
		</source>
	</sources>
	<createdOn>
		<ts>2022-01-16T03:44:44Z</ts>
		<user>blabastiday</user>
	</createdOn>
</organization>