<?xml version="1.0" encoding="UTF-8" standalone="yes"?>
<person>
  <personId>10002</personId>
  <nameGroup>
    <givenname>
      <value>Ashlin</value>
    </givenname>
    <surname>
      <value>Phizakarley</value>
    </surname>
    <fullname>
      <classification>S</classification>
      <restricted>true</restricted>
      <value>Ashlin Phizakarley </value>
      <source>
        <name>USA Today</name>
        <ts>2013-01-15T19:22:56Z</ts>
      </source>
    </fullname>
  </nameGroup>
  <emails>
    <email>
      <value>mwinnard0@opensource.org</value>
      <classification>C</classification>
      <restricted>false</restricted>
    </email>
    <email>
      <value>caguilar1@cam.ac.uk</value>
      <classification>C</classification>
      <restricted>false</restricted>
    </email>
  </emails>
  <phone>268-273-3557</phone>
  <contacts>
    <contact>
      <type>phone</type>
      <value>887-509-2560</value>
    </contact>
    <contact>
      <type>email</type>
      <value>gspinello1@nifty.com</value>
    </contact>
    <contact>
      <type>phone</type>
      <value>966-511-8506</value>
    </contact>
  </contacts>
  <ssn>
    <value>177-38-7606</value>
    <classification>(S)</classification>
  </ssn>
  <images>
    <image>
      <url>/images/persons/person-08.jpg</url>
      <source>
        <name>USA Today</name>
        <ts>2019-04-23T13:38:54Z</ts>
        <uploadedBy>clepick0</uploadedBy>
      </source>
    </image>
    <image>
      <url>/images/persons/person-05.jpg</url>
      <source>
        <name>Chicago Tribune</name>
        <ts>2012-07-10T02:20:47Z</ts>
        <uploadedBy>droutley0</uploadedBy>
      </source>
    </image>
    <image>
      <url>/images/persons/person-06.jpg</url>
      <source>
        <name>Chicago Tribune</name>
        <ts>2011-05-26T20:03:07Z</ts>
        <uploadedBy>zdettmar0</uploadedBy>
      </source>
    </image>
  </images>
  <addresses>
    <address>
      <street>6562 Waxwing Road</street>
      <city>Spartanburg</city>
      <state>SC</state>
      <postal>29319</postal>
      <country>United States</country>
      <latitude>34.8882</latitude>
      <longitude>-81.969</longitude>
    </address>
    <address>
      <street>3 Mallard Street</street>
      <city>South Bend</city>
      <state>IN</state>
      <postal>46634</postal>
      <country>United States</country>
      <latitude>41.5968</latitude>
      <longitude>-86.293</longitude>
    </address>
    <address>
      <street>22 Buhler Center</street>
      <city>Washington</city>
      <state>DC</state>
      <postal>20442</postal>
      <country>United States</country>
      <latitude>38.896</latitude>
      <longitude>-77.0177</longitude>
    </address>
  </addresses>
  <schools>
    <school>
      <country>Canada</country>
      <name>Northern Alberta Institute of Technology</name>
      <city>Port Hawkesbury</city>
      <state>NS</state>
      <postal>B9A</postal>
      <latitude>45.6152297</latitude>
      <longitude>-61.3552089</longitude>
      <source>
        <name>USA Today</name>
        <ts>2020-04-21T09:38:50Z</ts>
      </source>
      <source>
        <name>New York Times</name>
        <ts>2010-06-10T16:35:07Z</ts>
      </source>
      <source>
        <name>Chicago Tribune</name>
        <ts>2016-06-15T21:35:54Z</ts>
      </source>
    </school>
  </schools>
  <status>Active</status>
  <sources>
    <source>
      <name>Chicago Tribune</name>
      <ts>2018-06-02T15:01:36Z</ts>
    </source>
  </sources>
  <sources>
    <source>
      <name>New York Times</name>
      <ts>2010-03-23T04:01:54Z</ts>
    </source>
  </sources>
  <relations>
    <relation>
      <id>/person/10087.xml</id>
      <predicate>relatedTo</predicate>
      <imageSrc>/images/persons/person-07.jpg</imageSrc>
      <fullname>Carlyle Dowker </fullname>
      <city>Memphis</city>
      <state>TN</state>
    </relation>
    <relation>
      <id>/person/10031.xml</id>
      <predicate>worksWith</predicate>
      <imageSrc>/images/persons/person-03.jpg</imageSrc>
      <fullname>Adamo Downham </fullname>
      <city>Salt Lake City</city>
      <state>UT</state>
    </relation>
  </relations>
  <createdOn>
    <ts>2022-02-10T23:15:54Z</ts>
    <user>aphizakarley1</user>
  </createdOn>
  <lastUpdated>
    <ts>2022-02-27T00:18:52Z</ts>
    <user>aphizakarley1</user>
  </lastUpdated>
  <socials>
    <social>
      <site>facebook</site>
      <handle>ccrufts0</handle>
      <address>http://huffingtonpost.com/amet/eleifend/pede/libero.xml</address>
    </social>
    <social>
      <site>twitter</site>
      <handle>gstudholme1</handle>
      <address>http://rambler.ru/vestibulum/ante/ipsum/primis/in/faucibus/orci.html</address>
    </social>
  </socials>
  <memberships>
    <membership>
      <list>list7</list>
      <important>true</important>
      <ts>2022-01-06</ts>
    </membership>
    <membership>
      <list>list7</list>
      <important>false</important>
      <ts>2022-02-27</ts>
    </membership>
    <membership>
      <list>list4</list>
      <important>false</important>
      <ts>2022-02-05</ts>
    </membership>
    <membership>
      <list>list2</list>
      <important>true</important>
      <ts>2022-01-22</ts>
    </membership>
  </memberships>
  <links>
    <link>
      <label>Quick View</label>
      <url>http://sina.com.cn</url>
      <icon>faEye</icon>
    </link>
    <link>
      <label>Nomination History</label>
      <url>http://blog.com</url>
      <icon>faMedal</icon>
    </link>
    <link>
      <label>Comments</label>
      <url>https://livejournal.com</url>
      <icon>faComments</icon>
    </link>
  </links>
  <activities>
    <activity>
      <predicate>transferredTo</predicate>
      <place>Devpulse</place>
      <predplace>transferredTo Devpulse</predplace>
      <ts>2019-12-09T08:21:43Z</ts>
      <source>
        <name>USA Today</name>
        <ts>2020-12-28T23:09:23Z</ts>
        <createdBy>Aldis Ogley</createdBy>
        <approvedBy>Alva Marde</approvedBy>
      </source>
    </activity>
    <activity>
      <predicate>endedAt</predicate>
      <place>Linkbridge</place>
      <predplace>endedAt Linkbridge</predplace>
      <ts>2014-01-03T11:21:31Z</ts>
      <source>
        <name>New York Times</name>
        <ts>2020-10-25T00:55:09Z</ts>
        <createdBy>Maddy Wingham</createdBy>
        <approvedBy>Malanie Dibner</approvedBy>
      </source>
    </activity>
    <activity>
      <predicate>transferredTo</predicate>
      <place>Yambee</place>
      <predplace>transferredTo Yambee</predplace>
      <ts>2015-07-11T21:24:03Z</ts>
      <source>
        <name>Chicago Tribune</name>
        <ts>2020-07-13T02:56:09Z</ts>
        <createdBy>Marchelle Collibear</createdBy>
        <approvedBy>Daphne Grigg</approvedBy>
      </source>
    </activity>
    <activity>
      <predicate>movedTo</predicate>
      <place>Yombu</place>
      <predplace>movedTo Yombu</predplace>
      <ts>2016-06-05T22:54:23Z</ts>
      <source>
        <name>Los Angeles Times</name>
        <ts>2020-07-06T11:28:48Z</ts>
        <createdBy>Brandice Klimochkin</createdBy>
        <approvedBy>Rosalinde Surmeir</approvedBy>
      </source>
    </activity>
  </activities>
  <events>
    <event>
      <predicate>livedIn</predicate>
      <place>China</place>
      <predplace>livedIn China</predplace>
      <end>2017-01-04T06:27:50Z</end>
      <start>2015-05-03T22:40:33Z</start>
    </event>
  </events>
  <actions>
    <action>
      <url>http://msn.com</url>
      <icon>faCog</icon>
    </action>
    <action>
      <url>https://tumblr.com</url>
      <icon>faCode</icon>
    </action>
    <action>
      <url>https://webmd.com</url>
      <icon>faSync</icon>
    </action>
  </actions>
</person>