<?xml version="1.0" encoding="UTF-8" standalone="yes"?>
<person>
  <personId>10006</personId>
  <nameGroup>
    <givenname>
      <value>Gannon</value>
    </givenname>
    <surname>
      <value>Gecke</value>
    </surname>
    <fullname>
      <classification>C</classification>
      <restricted>false</restricted>
      <value>Gannon Gecke </value>
      <source>
        <name>USA Today</name>
        <ts>2015-01-26T16:53:32Z</ts>
      </source>
      <source>
        <name>Washington Post</name>
        <ts>2016-09-07T09:46:56Z</ts>
      </source>
    </fullname>
  </nameGroup>
  <emails>
    <email>
      <value>lswadlen0@unblog.fr</value>
      <classification>C</classification>
      <restricted>false</restricted>
    </email>
    <email>
      <value>agillogley1@wordpress.org</value>
      <classification>U</classification>
      <restricted>false</restricted>
    </email>
    <email>
      <value>mheikkinen2@tinyurl.com</value>
      <classification>U</classification>
      <restricted>false</restricted>
    </email>
  </emails>
  <phone>881-542-5239</phone>
  <contacts>
    <contact>
      <type>email</type>
      <value>knaisbet0@nba.com</value>
    </contact>
    <contact>
      <type>email</type>
      <value>mdunthorne1@facebook.com</value>
    </contact>
    <contact>
      <type>phone</type>
      <value>812-537-1514</value>
    </contact>
  </contacts>
  <ssn>
    <value>870-14-5929</value>
    <classification>(S)</classification>
  </ssn>
  <images>
    <image>
      <url>/images/persons/person-09.jpg</url>
      <source>
        <name>New York Times</name>
        <ts>2021-01-27T04:45:35Z</ts>
        <uploadedBy>rgoulthorp0</uploadedBy>
      </source>
    </image>
    <image>
      <url>/images/persons/person-02.jpg</url>
      <source>
        <name>Washington Post</name>
        <ts>2017-07-26T10:01:24Z</ts>
        <uploadedBy>tjankovic0</uploadedBy>
      </source>
    </image>
    <image>
      <url>/images/persons/person-08.jpg</url>
      <source>
        <name>Los Angeles Times</name>
        <ts>2021-03-19T12:05:54Z</ts>
        <uploadedBy>hwetwood0</uploadedBy>
      </source>
    </image>
  </images>
  <addresses>
    <address>
      <street>62513 Burning Wood Avenue</street>
      <city>Corpus Christi</city>
      <state>TX</state>
      <postal>78475</postal>
      <country>United States</country>
      <latitude>27.777</latitude>
      <longitude>-97.4632</longitude>
    </address>
    <address>
      <street>1795 Pleasure Crossing</street>
      <city>Evansville</city>
      <state>IN</state>
      <postal>47732</postal>
      <country>United States</country>
      <latitude>37.9971</latitude>
      <longitude>-87.575</longitude>
    </address>
    <address>
      <street>706 Waywood Lane</street>
      <city>Phoenix</city>
      <state>AZ</state>
      <postal>85005</postal>
      <country>United States</country>
      <latitude>33.2765</latitude>
      <longitude>-112.1872</longitude>
    </address>
  </addresses>
  <schools>
    <school>
      <country>United States</country>
      <name>Florida Metropolitan University, Tampa College</name>
      <city>Kansas City</city>
      <state>MO</state>
      <postal>64130</postal>
      <latitude>39.0345609</latitude>
      <longitude>-94.5521274</longitude>
      <source>
        <name>USA Today</name>
        <ts>2018-02-19T20:02:17Z</ts>
      </source>
    </school>
    <school>
      <country>United States</country>
      <name>Oklahoma Panhandle State University</name>
      <city>Huntington</city>
      <state>WV</state>
      <postal>25775</postal>
      <latitude>38.42</latitude>
      <longitude>-82.47</longitude>
      <source>
        <name>USA Today</name>
        <ts>2014-02-17T20:33:11Z</ts>
      </source>
      <source>
        <name>New York Times</name>
        <ts>2019-08-03T09:08:28Z</ts>
      </source>
      <source>
        <name>Chicago Tribune</name>
        <ts>2014-08-22T18:13:05Z</ts>
      </source>
    </school>
  </schools>
  <status>Inactive</status>
  <sources>
    <source>
      <name>Los Angeles Times</name>
      <ts>2021-09-04T08:10:52Z</ts>
    </source>
  </sources>
  <relations>
    <relation>
      <id>/person/10061.xml</id>
      <predicate>livesWith</predicate>
      <imageSrc>/images/persons/person-03.jpg</imageSrc>
      <fullname>Cynde De la Yglesias </fullname>
      <city>Madison</city>
      <state>WI</state>
    </relation>
    <relation>
      <id>/person/10032.xml</id>
      <predicate>worksWith</predicate>
      <imageSrc>/images/persons/person-01.jpg</imageSrc>
      <fullname>Faustina Elcock </fullname>
      <city>Washington</city>
      <state>DC</state>
    </relation>
    <relation>
      <id>/person/10048.xml</id>
      <predicate>worksWith</predicate>
      <imageSrc>/images/persons/person-01.jpg</imageSrc>
      <fullname>Anatola Elman </fullname>
      <city>Colorado Springs</city>
      <state>CO</state>
    </relation>
  </relations>
  <createdOn>
    <ts>2022-01-24T00:46:59Z</ts>
    <user>ggecke5</user>
  </createdOn>
  <lastUpdated>
    <ts>2022-02-19T04:28:42Z</ts>
    <user>ggecke5</user>
  </lastUpdated>
  <socials>
    <social>
      <site>linkedin</site>
      <handle>mmcmillian0</handle>
      <address>https://wufoo.com/sit/amet/justo/morbi/ut.aspx</address>
    </social>
    <social>
      <site>facebook</site>
      <handle>priddoch1</handle>
      <address>http://arizona.edu/ante.png</address>
    </social>
    <social>
      <site>twitter</site>
      <handle>fcousin2</handle>
      <address>http://nps.gov/parturient/montes/nascetur/ridiculus/mus/etiam/vel.json</address>
    </social>
  </socials>
  <memberships>
    <membership>
      <list>list10</list>
      <important>true</important>
      <ts>2022-01-13</ts>
    </membership>
    <membership>
      <list>list6</list>
      <important>false</important>
      <ts>2022-01-23</ts>
    </membership>
  </memberships>
  <links>
    <link>
      <label>Quick View</label>
      <url>http://nymag.com</url>
      <icon>faEye</icon>
    </link>
    <link>
      <label>Nomination History</label>
      <url>https://flavors.me</url>
      <icon>faMedal</icon>
    </link>
    <link>
      <label>Comments</label>
      <url>http://weibo.com</url>
      <icon>faComments</icon>
    </link>
  </links>
  <activities>
    <activity>
      <predicate>endedAt</predicate>
      <place>Zoovu</place>
      <predplace>endedAt Zoovu</predplace>
      <ts>2017-02-01T22:38:10Z</ts>
      <source>
        <name>USA Today</name>
        <ts>2020-05-11T13:04:08Z</ts>
        <createdBy>Caspar McIlvoray</createdBy>
        <approvedBy>Melisent Kipling</approvedBy>
      </source>
    </activity>
    <activity>
      <predicate>movedTo</predicate>
      <place>Mymm</place>
      <predplace>movedTo Mymm</predplace>
      <ts>2016-01-18T16:54:43Z</ts>
      <source>
        <name>New York Times</name>
        <ts>2020-05-21T17:44:22Z</ts>
        <createdBy>Jimmie Giacovetti</createdBy>
        <approvedBy>Saunderson Blood</approvedBy>
      </source>
    </activity>
    <activity>
      <predicate>endedAt</predicate>
      <place>Chatterbridge</place>
      <predplace>endedAt Chatterbridge</predplace>
      <ts>2015-06-16T22:03:09Z</ts>
      <source>
        <name>Chicago Tribune</name>
        <ts>2021-11-14T12:33:15Z</ts>
        <createdBy>Findley Capitano</createdBy>
        <approvedBy>Aime Gallacher</approvedBy>
      </source>
    </activity>
    <activity>
      <predicate>startedAt</predicate>
      <place>Myworks</place>
      <predplace>startedAt Myworks</predplace>
      <ts>2014-12-31T22:56:16Z</ts>
      <source>
        <name>Los Angeles Times</name>
        <ts>2020-03-30T22:13:33Z</ts>
        <createdBy>Catriona Sygrove</createdBy>
        <approvedBy>Justen Hartus</approvedBy>
      </source>
    </activity>
  </activities>
  <events>
    <event>
      <predicate>livedIn</predicate>
      <place>China</place>
      <predplace>livedIn China</predplace>
      <end>2017-04-15T07:02:49Z</end>
      <start>2015-11-12T06:56:50Z</start>
    </event>
  </events>
  <actions>
    <action>
      <url>http://sohu.com</url>
      <icon>faCog</icon>
    </action>
    <action>
      <url>https://altervista.org</url>
      <icon>faCode</icon>
    </action>
    <action>
      <url>http://booking.com</url>
      <icon>faSync</icon>
    </action>
  </actions>
</person>