<?xml version="1.0" encoding="UTF-8" standalone="yes"?>
<person>
  <personId>10005</personId>
  <nameGroup>
    <givenname>
      <value>Renell</value>
    </givenname>
    <surname>
      <value>Zylbermann</value>
    </surname>
    <fullname>
      <classification>C</classification>
      <restricted>false</restricted>
      <value>Renell Zylbermann </value>
      <source>
        <name>Washington Post</name>
        <ts>2010-06-10T18:44:25Z</ts>
      </source>
      <source>
        <name>Wall Street Journal</name>
        <ts>2019-09-23T06:04:55Z</ts>
      </source>
    </fullname>
  </nameGroup>
  <emails>
    <email>
      <value>hhewell0@exblog.jp</value>
      <classification>U</classification>
      <restricted>false</restricted>
    </email>
    <email>
      <value>okubat1@google.fr</value>
      <classification>C</classification>
      <restricted>false</restricted>
    </email>
  </emails>
  <phone>607-621-1875</phone>
  <contacts>
    <contact>
      <type>email</type>
      <value>astovin0@buzzfeed.com</value>
    </contact>
    <contact>
      <type>phone</type>
      <value>438-912-8474</value>
    </contact>
    <contact>
      <type>email</type>
      <value>aemmert2@ucsd.edu</value>
    </contact>
  </contacts>
  <ssn>
    <value>823-21-9935</value>
    <classification>(S)</classification>
  </ssn>
  <images>
    <image>
      <url>/images/persons/person-06.jpg</url>
      <source>
        <name>Wall Street Journal</name>
        <ts>2016-12-31T00:11:19Z</ts>
        <uploadedBy>rstirman0</uploadedBy>
      </source>
    </image>
    <image>
      <url>/images/persons/person-05.jpg</url>
      <source>
        <name>New York Times</name>
        <ts>2016-06-10T10:30:14Z</ts>
        <uploadedBy>lbeddard0</uploadedBy>
      </source>
    </image>
    <image>
      <url>/images/persons/person-03.jpg</url>
      <source>
        <name>Washington Post</name>
        <ts>2011-09-28T18:07:07Z</ts>
        <uploadedBy>wtejero0</uploadedBy>
      </source>
    </image>
  </images>
  <addresses>
    <address>
      <street>83 Barby Hill</street>
      <city>Riverside</city>
      <state>CA</state>
      <postal>92513</postal>
      <country>United States</country>
      <latitude>33.7529</latitude>
      <longitude>-116.0556</longitude>
    </address>
    <address>
      <street>5 Northwestern Plaza</street>
      <city>Honolulu</city>
      <state>HI</state>
      <postal>96825</postal>
      <country>United States</country>
      <latitude>21.2987</latitude>
      <longitude>-157.6985</longitude>
    </address>
  </addresses>
  <schools>
    <school>
      <country>Canada</country>
      <name>Quest University</name>
      <city>Ponoka</city>
      <state>AB</state>
      <postal>T4J</postal>
      <latitude>52.675914</latitude>
      <longitude>-113.5832367</longitude>
      <source>
        <name>USA Today</name>
        <ts>2019-07-16T08:29:30Z</ts>
      </source>
    </school>
  </schools>
  <status>Inactive</status>
  <sources>
    <source>
      <name>Wall Street Journal</name>
      <ts>2021-11-15T21:41:56Z</ts>
    </source>
  </sources>
  <relations>
    <relation>
      <id>/person/10014.xml</id>
      <predicate>relatedTo</predicate>
      <imageSrc>/images/persons/person-05.jpg</imageSrc>
      <fullname>Emmy St. John </fullname>
      <city>Southfield</city>
      <state>MI</state>
    </relation>
    <relation>
      <id>/person/10065.xml</id>
      <predicate>worksWith</predicate>
      <imageSrc>/images/persons/person-09.jpg</imageSrc>
      <fullname>Anastasie McAllaster </fullname>
      <city>San Jose</city>
      <state>CA</state>
    </relation>
    <relation>
      <id>/person/10063.xml</id>
      <predicate>livesWith</predicate>
      <imageSrc>/images/persons/person-08.jpg</imageSrc>
      <fullname>Elden Grievson </fullname>
      <city>Miami</city>
      <state>FL</state>
    </relation>
    <relation>
      <id>/person/10036.xml</id>
      <predicate>worksWith</predicate>
      <imageSrc>/images/persons/person-09.jpg</imageSrc>
      <fullname>Tomaso Harty </fullname>
      <city>Wilmington</city>
      <state>DE</state>
    </relation>
    <relation>
      <id>/person/10029.xml</id>
      <predicate>relatedTo</predicate>
      <imageSrc>/images/persons/person-05.jpg</imageSrc>
      <fullname>Dilly Berdale </fullname>
      <city>Atlanta</city>
      <state>GA</state>
    </relation>
  </relations>
  <createdOn>
    <ts>2022-01-04T02:13:05Z</ts>
    <user>rzylbermann4</user>
  </createdOn>
  <lastUpdated>
    <ts>2022-02-02T05:33:50Z</ts>
    <user>rzylbermann4</user>
  </lastUpdated>
  <socials>
    <social>
      <site>twitter</site>
      <handle>jschwandermann0</handle>
      <address>https://usatoday.com/tortor/duis/mattis/egestas/metus.png</address>
    </social>
    <social>
      <site>facebook</site>
      <handle>ocraxford1</handle>
      <address>http://chicagotribune.com/pede/venenatis.xml</address>
    </social>
    <social>
      <site>twitter</site>
      <handle/>
      <address>http://people.com.cn/non/mattis/pulvinar/nulla/pede.jpg</address>
    </social>
  </socials>
  <memberships>
    <membership>
      <list>list6</list>
      <important>false</important>
      <ts>2022-01-09</ts>
    </membership>
    <membership>
      <list>list4</list>
      <important>false</important>
      <ts>2022-01-19</ts>
    </membership>
    <membership>
      <list>list12</list>
      <important>false</important>
      <ts>2022-01-21</ts>
    </membership>
    <membership>
      <list>list8</list>
      <important>true</important>
      <ts>2022-01-31</ts>
    </membership>
    <membership>
      <list>list3</list>
      <important>true</important>
      <ts>2022-02-22</ts>
    </membership>
    <membership>
      <list>list5</list>
      <important>true</important>
      <ts>2022-02-06</ts>
    </membership>
  </memberships>
  <links>
    <link>
      <label>Quick View</label>
      <url>https://vk.com</url>
      <icon>faEye</icon>
    </link>
    <link>
      <label>Nomination History</label>
      <url>http://java.com</url>
      <icon>faMedal</icon>
    </link>
    <link>
      <label>Comments</label>
      <url>https://sakura.ne.jp</url>
      <icon>faComments</icon>
    </link>
  </links>
  <activities>
    <activity>
      <predicate>startedAt</predicate>
      <place>Zooxo</place>
      <predplace>startedAt Zooxo</predplace>
      <ts>2019-09-28T14:56:33Z</ts>
      <source>
        <name>USA Today</name>
        <ts>2022-01-07T16:57:18Z</ts>
        <createdBy>Aurilia Fanti</createdBy>
        <approvedBy>Kippy Cordero</approvedBy>
      </source>
    </activity>
    <activity>
      <predicate>startedAt</predicate>
      <place>Twinte</place>
      <predplace>startedAt Twinte</predplace>
      <ts>2016-05-31T07:33:08Z</ts>
      <source>
        <name>New York Times</name>
        <ts>2020-05-09T06:37:51Z</ts>
        <createdBy>Philippe Georgins</createdBy>
        <approvedBy>Jemimah Danilewicz</approvedBy>
      </source>
    </activity>
    <activity>
      <predicate>endedAt</predicate>
      <place>Wordify</place>
      <predplace>endedAt Wordify</predplace>
      <ts>2013-07-08T12:27:31Z</ts>
      <source>
        <name>Chicago Tribune</name>
        <ts>2020-11-06T18:31:14Z</ts>
        <createdBy>Ada Hawksworth</createdBy>
        <approvedBy>Karlens Creelman</approvedBy>
      </source>
    </activity>
  </activities>
  <events>
    <event>
      <predicate>servedIn</predicate>
      <place>Portugal</place>
      <predplace>servedIn Portugal</predplace>
      <end>2018-05-03T03:42:14Z</end>
      <start>2015-04-11T13:29:30Z</start>
    </event>
  </events>
  <actions>
    <action>
      <url>http://altervista.org</url>
      <icon>faCog</icon>
    </action>
    <action>
      <url>http://sina.com.cn</url>
      <icon>faCode</icon>
    </action>
    <action>
      <url>https://ow.ly</url>
      <icon>faSync</icon>
    </action>
  </actions>
</person>