<?xml version="1.0" encoding="UTF-8" standalone="yes"?>
<person>
  <personId>10009</personId>
  <nameGroup>
    <givenname>
      <value>Fredelia</value>
    </givenname>
    <surname>
      <value>Gartrell</value>
    </surname>
    <fullname>
      <classification>U</classification>
      <restricted>true</restricted>
      <value>Fredelia Gartrell </value>
      <source>
        <name>USA Today</name>
        <ts>2021-08-30T08:47:26Z</ts>
      </source>
    </fullname>
  </nameGroup>
  <emails>
    <email>
      <value>mteape0@reddit.com</value>
      <classification>S</classification>
      <restricted>false</restricted>
    </email>
    <email>
      <value>lpoole1@unicef.org</value>
      <classification>C</classification>
      <restricted>false</restricted>
    </email>
    <email>
      <value>sblum2@dmoz.org</value>
      <classification>C</classification>
      <restricted>false</restricted>
    </email>
  </emails>
  <phone>563-645-8665</phone>
  <contacts>
    <contact>
      <type>email</type>
      <value>aboggs0@ameblo.jp</value>
    </contact>
    <contact>
      <type>phone</type>
      <value>193-398-3511</value>
    </contact>
    <contact>
      <type>phone</type>
      <value>172-168-1911</value>
    </contact>
  </contacts>
  <ssn>
    <value>440-47-0447</value>
    <classification>(S)</classification>
  </ssn>
  <images>
    <image>
      <url>/images/persons/person-04.jpg</url>
      <source>
        <name>USA Today</name>
        <ts>2021-08-11T21:19:02Z</ts>
        <uploadedBy>ebeacroft0</uploadedBy>
      </source>
    </image>
    <image>
      <url>/images/persons/person-07.jpg</url>
      <source>
        <name>New York Times</name>
        <ts>2013-07-11T18:44:02Z</ts>
        <uploadedBy>mmerrgan0</uploadedBy>
      </source>
    </image>
    <image>
      <url>/images/persons/person-06.jpg</url>
      <source>
        <name>New York Times</name>
        <ts>2021-12-28T17:44:03Z</ts>
        <uploadedBy>mbernaert0</uploadedBy>
      </source>
    </image>
  </images>
  <addresses>
    <address>
      <street>316 Fisk Park</street>
      <city>Augusta</city>
      <state>GA</state>
      <postal>30905</postal>
      <country>United States</country>
      <latitude>33.413</latitude>
      <longitude>-82.1337</longitude>
    </address>
    <address>
      <street>6850 Almo Parkway</street>
      <city>Moreno Valley</city>
      <state>CA</state>
      <postal>92555</postal>
      <country>United States</country>
      <latitude>33.9377</latitude>
      <longitude>-117.1851</longitude>
    </address>
    <address>
      <street>013 Havey Trail</street>
      <city>Memphis</city>
      <state>TN</state>
      <postal>38161</postal>
      <country>United States</country>
      <latitude>35.2017</latitude>
      <longitude>-89.9715</longitude>
    </address>
  </addresses>
  <schools>
    <school>
      <country>Mexico</country>
      <name>Universidad la Concordia</name>
      <city>Benito Juarez</city>
      <state>COL</state>
      <postal>31770</postal>
      <latitude>22.2016816</latitude>
      <longitude>-97.8367954</longitude>
      <source>
        <name>USA Today</name>
        <ts>2018-03-09T18:33:08Z</ts>
      </source>
      <source>
        <name>New York Times</name>
        <ts>2015-09-22T00:58:33Z</ts>
      </source>
      <source>
        <name>Chicago Tribune</name>
        <ts>2014-03-30T00:33:06Z</ts>
      </source>
    </school>
  </schools>
  <status>Active</status>
  <sources>
    <source>
      <name>Chicago Tribune</name>
      <ts>2018-04-18T15:55:53Z</ts>
    </source>
  </sources>
  <sources>
    <source>
      <name>Los Angeles Times</name>
      <ts>2020-10-23T02:26:14Z</ts>
    </source>
  </sources>
  <sources>
    <source>
      <name>Washington Post</name>
      <ts>2010-10-21T06:24:39Z</ts>
    </source>
  </sources>
  <relations>
    <relation>
      <id>/person/10081.xml</id>
      <predicate>worksWith</predicate>
      <imageSrc>/images/persons/person-03.jpg</imageSrc>
      <fullname>George Foad </fullname>
      <city>Fargo</city>
      <state>ND</state>
    </relation>
    <relation>
      <id>/person/10037.xml</id>
      <predicate>worksWith</predicate>
      <imageSrc>/images/persons/person-08.jpg</imageSrc>
      <fullname>Alli Langeley </fullname>
      <city>Tacoma</city>
      <state>WA</state>
    </relation>
    <relation>
      <id>/person/10074.xml</id>
      <predicate>relatedTo</predicate>
      <imageSrc>/images/persons/person-05.jpg</imageSrc>
      <fullname>Paton Bemrose </fullname>
      <city>Lincoln</city>
      <state>NE</state>
    </relation>
  </relations>
  <createdOn>
    <ts>2022-01-06T16:02:35Z</ts>
    <user>fgartrell8</user>
  </createdOn>
  <lastUpdated>
    <ts>2022-02-24T03:07:22Z</ts>
    <user>fgartrell8</user>
  </lastUpdated>
  <socials>
    <social>
      <site>linkedin</site>
      <handle>dpym0</handle>
      <address>https://tuttocitta.it/et/magnis.js</address>
    </social>
    <social>
      <site>linkedin</site>
      <handle>bsmee1</handle>
      <address>https://pen.io/massa/donec/dapibus/duis/at.jpg</address>
    </social>
    <social>
      <site>linkedin</site>
      <handle>mfargie2</handle>
      <address>https://discovery.com/nibh/quisque/id/justo/sit.jsp</address>
    </social>
  </socials>
  <memberships>
    <membership>
      <list>list8</list>
      <important>true</important>
      <ts>2022-02-25</ts>
    </membership>
    <membership>
      <list>list3</list>
      <important>false</important>
      <ts>2022-01-19</ts>
    </membership>
    <membership>
      <list>list2</list>
      <important>false</important>
      <ts>2022-01-28</ts>
    </membership>
    <membership>
      <list>list7</list>
      <important>true</important>
      <ts>2022-01-29</ts>
    </membership>
  </memberships>
  <links>
    <link>
      <label>Quick View</label>
      <url>http://who.int</url>
      <icon>faEye</icon>
    </link>
    <link>
      <label>Nomination History</label>
      <url>http://topsy.com</url>
      <icon>faMedal</icon>
    </link>
    <link>
      <label>Comments</label>
      <url>http://psu.edu</url>
      <icon>faComments</icon>
    </link>
  </links>
  <activities>
    <activity>
      <predicate>startedAt</predicate>
      <place>Yadel</place>
      <predplace>startedAt Yadel</predplace>
      <ts>2019-05-25T10:50:55Z</ts>
      <source>
        <name>USA Today</name>
        <ts>2020-11-06T04:32:28Z</ts>
        <createdBy>Marge Barrar</createdBy>
        <approvedBy>Carole Overal</approvedBy>
      </source>
    </activity>
    <activity>
      <predicate>transferredTo</predicate>
      <place>Devpulse</place>
      <predplace>transferredTo Devpulse</predplace>
      <ts>2018-04-16T09:26:59Z</ts>
      <source>
        <name>New York Times</name>
        <ts>2021-05-05T15:40:38Z</ts>
        <createdBy>Bailie Fendlen</createdBy>
        <approvedBy>Derrick Frogley</approvedBy>
      </source>
    </activity>
  </activities>
  <events>
    <event>
      <predicate>visited</predicate>
      <place>South Korea</place>
      <predplace>visited South Korea</predplace>
      <end>2018-01-13T00:36:46Z</end>
      <start>2014-04-08T06:46:51Z</start>
    </event>
  </events>
  <actions>
    <action>
      <url>https://is.gd</url>
      <icon>faCog</icon>
    </action>
    <action>
      <url>http://comcast.net</url>
      <icon>faCode</icon>
    </action>
    <action>
      <url>http://yahoo.com</url>
      <icon>faSync</icon>
    </action>
  </actions>
</person>