<?xml version="1.0" encoding="UTF-8" standalone="yes"?>
<person>
  <personId>10008</personId>
  <nameGroup>
    <givenname>
      <value>Clair</value>
    </givenname>
    <surname>
      <value>Yurevich</value>
    </surname>
    <fullname>
      <classification>U</classification>
      <restricted>true</restricted>
      <value>Clair Yurevich </value>
      <source>
        <name>Chicago Tribune</name>
        <ts>2020-10-03T06:44:23Z</ts>
      </source>
      <source>
        <name>Los Angeles Times</name>
        <ts>2012-02-25T01:11:23Z</ts>
      </source>
      <source>
        <name>USA Today</name>
        <ts>2012-04-20T18:25:57Z</ts>
      </source>
    </fullname>
  </nameGroup>
  <emails>
    <email>
      <value>tpaoloni0@google.pl</value>
      <classification>C</classification>
      <restricted>false</restricted>
    </email>
    <email>
      <value>smceneny1@craigslist.org</value>
      <classification>U</classification>
      <restricted>false</restricted>
    </email>
    <email>
      <value>epardey2@dion.ne.jp</value>
      <classification>S</classification>
      <restricted>false</restricted>
    </email>
  </emails>
  <phone>652-510-0216</phone>
  <contacts>
    <contact>
      <type>email</type>
      <value>tstanlack0@uiuc.edu</value>
    </contact>
    <contact>
      <type>email</type>
      <value>pmcconaghy1@reuters.com</value>
    </contact>
    <contact>
      <type>email</type>
      <value>edeevey2@netlog.com</value>
    </contact>
  </contacts>
  <ssn>
    <value>654-76-7874</value>
    <classification>(S)</classification>
  </ssn>
  <images>
    <image>
      <url>/images/persons/person-06.jpg</url>
      <source>
        <name>New York Times</name>
        <ts>2014-05-06T12:05:17Z</ts>
        <uploadedBy>adiess0</uploadedBy>
      </source>
    </image>
  </images>
  <addresses>
    <address>
      <street>5218 Daystar Street</street>
      <city>Saint Petersburg</city>
      <state>FL</state>
      <postal>33710</postal>
      <country>United States</country>
      <latitude>27.7898</latitude>
      <longitude>-82.7243</longitude>
    </address>
    <address>
      <street>0 Mccormick Circle</street>
      <city>Independence</city>
      <state>MO</state>
      <postal>64054</postal>
      <country>United States</country>
      <latitude>39.11</latitude>
      <longitude>-94.4401</longitude>
    </address>
  </addresses>
  <schools>
    <school>
      <country>United States</country>
      <name>Albany Law School</name>
      <city>Indianapolis</city>
      <state>IN</state>
      <postal>46278</postal>
      <latitude>39.8911731</latitude>
      <longitude>-86.2869507</longitude>
      <source>
        <name>USA Today</name>
        <ts>2014-10-18T06:41:23Z</ts>
      </source>
      <source>
        <name>New York Times</name>
        <ts>2019-09-30T16:01:09Z</ts>
      </source>
    </school>
  </schools>
  <status>Active</status>
  <sources>
    <source>
      <name>Washington Post</name>
      <ts>2019-08-27T09:33:11Z</ts>
    </source>
  </sources>
  <relations>
    <relation>
      <id>/person/10087.xml</id>
      <predicate>livesWith</predicate>
      <imageSrc>/images/persons/person-07.jpg</imageSrc>
      <fullname>Carlyle Dowker </fullname>
      <city>Memphis</city>
      <state>TN</state>
    </relation>
    <relation>
      <id>/person/10009.xml</id>
      <predicate>livesWith</predicate>
      <imageSrc>/images/persons/person-04.jpg</imageSrc>
      <fullname>Fredelia Gartrell </fullname>
      <city>Augusta</city>
      <state>GA</state>
    </relation>
    <relation>
      <id>/person/10069.xml</id>
      <predicate>livesWith</predicate>
      <imageSrc>/images/persons/person-07.jpg</imageSrc>
      <fullname>Davon Jentle </fullname>
      <city>Champaign</city>
      <state>IL</state>
    </relation>
    <relation>
      <id>/person/10091.xml</id>
      <predicate>relatedTo</predicate>
      <imageSrc>/images/persons/person-09.jpg</imageSrc>
      <fullname>Nealy Trevaskiss </fullname>
      <city>El Paso</city>
      <state>TX</state>
    </relation>
    <relation>
      <id>/person/10014.xml</id>
      <predicate>livesWith</predicate>
      <imageSrc>/images/persons/person-05.jpg</imageSrc>
      <fullname>Emmy St. John </fullname>
      <city>Southfield</city>
      <state>MI</state>
    </relation>
  </relations>
  <createdOn>
    <ts>2022-02-14T20:14:54Z</ts>
    <user>cyurevich7</user>
  </createdOn>
  <lastUpdated>
    <ts>2022-01-11T11:37:02Z</ts>
    <user>cyurevich7</user>
  </lastUpdated>
  <socials>
    <social>
      <site>twitter</site>
      <handle>dalanbrooke0</handle>
      <address>https://theatlantic.com/quam/sapien/varius/ut/blandit/non.aspx</address>
    </social>
  </socials>
  <memberships>
    <membership>
      <list>list1</list>
      <important>false</important>
      <ts>2022-01-06</ts>
    </membership>
    <membership>
      <list>list4</list>
      <important>true</important>
      <ts>2022-02-19</ts>
    </membership>
    <membership>
      <list>list8</list>
      <important>false</important>
      <ts>2022-02-24</ts>
    </membership>
    <membership>
      <list>list3</list>
      <important>true</important>
      <ts>2022-01-20</ts>
    </membership>
    <membership>
      <list>list2</list>
      <important>false</important>
      <ts>2022-01-05</ts>
    </membership>
  </memberships>
  <links>
    <link>
      <label>Quick View</label>
      <url>https://elegantthemes.com</url>
      <icon>faEye</icon>
    </link>
    <link>
      <label>Nomination History</label>
      <url>https://shinystat.com</url>
      <icon>faMedal</icon>
    </link>
    <link>
      <label>Comments</label>
      <url>http://linkedin.com</url>
      <icon>faComments</icon>
    </link>
  </links>
  <activities>
    <activity>
      <predicate>movedTo</predicate>
      <place>Skipstorm</place>
      <predplace>movedTo Skipstorm</predplace>
      <ts>2012-07-29T20:02:53Z</ts>
      <source>
        <name>USA Today</name>
        <ts>2021-01-02T11:58:53Z</ts>
        <createdBy>Leah Corzor</createdBy>
        <approvedBy>Ryon Matyatin</approvedBy>
      </source>
    </activity>
    <activity>
      <predicate>endedAt</predicate>
      <place>Browsebug</place>
      <predplace>endedAt Browsebug</predplace>
      <ts>2016-04-23T12:42:37Z</ts>
      <source>
        <name>New York Times</name>
        <ts>2020-01-29T03:11:47Z</ts>
        <createdBy>Jan Beelby</createdBy>
        <approvedBy>Abra Tiddy</approvedBy>
      </source>
    </activity>
    <activity>
      <predicate>endedAt</predicate>
      <place>Twitterwire</place>
      <predplace>endedAt Twitterwire</predplace>
      <ts>2016-06-19T08:56:57Z</ts>
      <source>
        <name>Chicago Tribune</name>
        <ts>2021-10-15T16:13:43Z</ts>
        <createdBy>Amargo Lewerenz</createdBy>
        <approvedBy>Joelynn Biesinger</approvedBy>
      </source>
    </activity>
    <activity>
      <predicate>movedTo</predicate>
      <place>Aimbu</place>
      <predplace>movedTo Aimbu</predplace>
      <ts>2012-02-25T09:51:54Z</ts>
      <source>
        <name>Los Angeles Times</name>
        <ts>2021-09-18T10:56:03Z</ts>
        <createdBy>Keely Theurer</createdBy>
        <approvedBy>Ricky Murty</approvedBy>
      </source>
    </activity>
    <activity>
      <predicate>endedAt</predicate>
      <place>Aimbo</place>
      <predplace>endedAt Aimbo</predplace>
      <ts>2016-12-15T04:32:17Z</ts>
      <source>
        <name>Wall Street Journal</name>
        <ts>2021-05-05T08:46:13Z</ts>
        <createdBy>Winifield Joice</createdBy>
        <approvedBy>Julia Gyver</approvedBy>
      </source>
    </activity>
  </activities>
  <events>
    <event>
      <predicate>livedIn</predicate>
      <place>Poland</place>
      <predplace>livedIn Poland</predplace>
      <end>2017-12-07T10:26:47Z</end>
      <start>2016-03-31T10:28:46Z</start>
    </event>
  </events>
  <actions>
    <action>
      <url>http://prlog.org</url>
      <icon>faCog</icon>
    </action>
    <action>
      <url>https://g.co</url>
      <icon>faCode</icon>
    </action>
    <action>
      <url>http://smh.com.au</url>
      <icon>faSync</icon>
    </action>
  </actions>
</person>