<?xml version="1.0" encoding="UTF-8" standalone="yes"?>
<person>
  <personId>10001</personId>
  <nameGroup>
    <givenname>
      <value>Scottie</value>
    </givenname>
    <surname>
      <value>Jephcote</value>
    </surname>
    <fullname>
      <classification>S</classification>
      <restricted>false</restricted>
      <value>Scottie Jephcote </value>
      <source>
        <name>New York Times</name>
        <ts>2021-06-18T09:59:09Z</ts>
      </source>
      <source>
        <name>USA Today</name>
        <ts>2014-06-15T22:55:52Z</ts>
      </source>
    </fullname>
  </nameGroup>
  <emails>
    <email>
      <value>hlande0@blogtalkradio.com</value>
      <classification>C</classification>
      <restricted>false</restricted>
    </email>
    <email>
      <value>jfirmin1@dmoz.org</value>
      <classification>S</classification>
      <restricted>false</restricted>
    </email>
    <email>
      <value>bnoury2@fotki.com</value>
      <classification>U</classification>
      <restricted>false</restricted>
    </email>
  </emails>
  <phone>706-413-2643</phone>
  <contacts>
    <contact>
      <type>phone</type>
      <value>781-751-6468</value>
    </contact>
    <contact>
      <type>email</type>
      <value>rartrick1@purevolume.com</value>
    </contact>
    <contact>
      <type>email</type>
      <value>hboodell2@goodreads.com</value>
    </contact>
  </contacts>
  <ssn>
    <value>694-76-1018</value>
    <classification>(S)</classification>
  </ssn>
  <images>
    <image>
      <url>/images/persons/person-01.jpg</url>
      <source>
        <name>Chicago Tribune</name>
        <ts>2019-06-29T15:36:12Z</ts>
        <uploadedBy>gjose0</uploadedBy>
      </source>
    </image>
    <image>
      <url>/images/persons/person-03.jpg</url>
      <source>
        <name>Los Angeles Times</name>
        <ts>2011-08-23T18:34:14Z</ts>
        <uploadedBy>mlimpricht0</uploadedBy>
      </source>
    </image>
    <image>
      <url>/images/persons/person-02.jpg</url>
      <source>
        <name>USA Today</name>
        <ts>2014-03-31T12:56:20Z</ts>
        <uploadedBy>tzecchinelli0</uploadedBy>
      </source>
    </image>
    <image>
      <url>/images/persons/person-04.jpg</url>
      <source>
        <name>USA Today</name>
        <ts>2020-07-07T18:57:22Z</ts>
        <uploadedBy>cpontin0</uploadedBy>
      </source>
    </image>
  </images>
  <addresses>
    <address>
      <street>428 School Road</street>
      <city>Tampa</city>
      <state>FL</state>
      <postal>33673</postal>
      <country>United States</country>
      <latitude>27.872</latitude>
      <longitude>-82.4388</longitude>
    </address>
    <address>
      <street>19728 Pleasure Crossing</street>
      <city>Sioux City</city>
      <state>IA</state>
      <postal>51105</postal>
      <country>United States</country>
      <latitude>42.5032</latitude>
      <longitude>-96.3829</longitude>
    </address>
  </addresses>
  <schools>
    <school>
      <country>Canada</country>
      <name>University of Toronto, Scarborough</name>
      <city>Milton</city>
      <state>ON</state>
      <postal>L9T</postal>
      <latitude>43.5167511</latitude>
      <longitude>-79.8576828</longitude>
      <source>
        <name>USA Today</name>
        <ts>2010-04-07T14:22:59Z</ts>
      </source>
      <source>
        <name>New York Times</name>
        <ts>2016-10-31T04:19:28Z</ts>
      </source>
    </school>
    <school>
      <country>Canada</country>
      <name>Trinity Western University</name>
      <city>Stettler</city>
      <state>AB</state>
      <postal>G8J</postal>
      <latitude>52.31683</latitude>
      <longitude>-112.71861</longitude>
      <source>
        <name>USA Today</name>
        <ts>2011-09-09T10:18:06Z</ts>
      </source>
      <source>
        <name>New York Times</name>
        <ts>2017-01-21T10:47:35Z</ts>
      </source>
      <source>
        <name>Chicago Tribune</name>
        <ts>2012-08-21T16:37:01Z</ts>
      </source>
    </school>
  </schools>
  <status>Inactive</status>
  <sources>
    <source>
      <name>Washington Post</name>
      <ts>2011-06-29T12:55:38Z</ts>
    </source>
  </sources>
  <sources>
    <source>
      <name>New York Times</name>
      <ts>2018-06-04T08:00:01Z</ts>
    </source>
  </sources>
  <relations>
    <relation>
      <id>/person/10090.xml</id>
      <predicate>relatedTo</predicate>
      <imageSrc>/images/persons/person-04.jpg</imageSrc>
      <fullname>Krishnah Winslade </fullname>
      <city>Minneapolis</city>
      <state>MN</state>
    </relation>
    <relation>
      <id>/person/10064.xml</id>
      <predicate>worksWith</predicate>
      <imageSrc>/images/persons/person-09.jpg</imageSrc>
      <fullname>Quintina Gower </fullname>
      <city>Davenport</city>
      <state>IA</state>
    </relation>
    <relation>
      <id>/person/10029.xml</id>
      <predicate>worksWith</predicate>
      <imageSrc>/images/persons/person-05.jpg</imageSrc>
      <fullname>Dilly Berdale </fullname>
      <city>Atlanta</city>
      <state>GA</state>
    </relation>
  </relations>
  <createdOn>
    <ts>2022-02-22T10:28:59Z</ts>
    <user>sjephcote0</user>
  </createdOn>
  <lastUpdated>
    <ts>2022-01-16T00:30:40Z</ts>
    <user>sjephcote0</user>
  </lastUpdated>
  <socials>
    <social>
      <site>twitter</site>
      <handle>rbackwell0</handle>
      <address>http://naver.com/euismod.html</address>
    </social>
    <social>
      <site>linkedin</site>
      <handle>bmainz1</handle>
      <address>http://spiegel.de/felis/donec.png</address>
    </social>
    <social>
      <site>facebook</site>
      <handle>bthunnercliff2</handle>
      <address>https://ezinearticles.com/venenatis/tristique/fusce/congue/diam/id.jsp</address>
    </social>
  </socials>
  <memberships>
    <membership>
      <list>list2</list>
      <important>false</important>
      <ts>2022-02-06</ts>
    </membership>
    <membership>
      <list>list8</list>
      <important>true</important>
      <ts>2022-01-31</ts>
    </membership>
    <membership>
      <list>list6</list>
      <important>true</important>
      <ts>2022-01-17</ts>
    </membership>
    <membership>
      <list>list11</list>
      <important>false</important>
      <ts>2022-01-31</ts>
    </membership>
  </memberships>
  <links>
    <link>
      <label>Quick View</label>
      <url>https://huffingtonpost.com</url>
      <icon>faEye</icon>
    </link>
    <link>
      <label>Nomination History</label>
      <url>https://foxnews.com</url>
      <icon>faMedal</icon>
    </link>
    <link>
      <label>Comments</label>
      <url>https://mac.com</url>
      <icon>faComments</icon>
    </link>
  </links>
  <activities>
    <activity>
      <predicate>startedAt</predicate>
      <place>Mycat</place>
      <predplace>startedAt Mycat</predplace>
      <ts>2018-08-29T13:26:51Z</ts>
      <source>
        <name>USA Today</name>
        <ts>2021-11-09T02:46:02Z</ts>
        <createdBy>Nada Issatt</createdBy>
        <approvedBy>Sinclare Mitchall</approvedBy>
      </source>
    </activity>
    <activity>
      <predicate>endedAt</predicate>
      <place>Mymm</place>
      <predplace>endedAt Mymm</predplace>
      <ts>2013-08-20T22:34:36Z</ts>
      <source>
        <name>New York Times</name>
        <ts>2020-04-14T19:27:02Z</ts>
        <createdBy>Jordain Jewitt</createdBy>
        <approvedBy>Foss Dennehy</approvedBy>
      </source>
    </activity>
    <activity>
      <predicate>startedAt</predicate>
      <place>Mynte</place>
      <predplace>startedAt Mynte</predplace>
      <ts>2015-07-29T18:40:15Z</ts>
      <source>
        <name>Chicago Tribune</name>
        <ts>2021-07-08T04:08:14Z</ts>
        <createdBy>Collete Hullins</createdBy>
        <approvedBy>Jone Austins</approvedBy>
      </source>
    </activity>
  </activities>
  <events>
    <event>
      <predicate>visited</predicate>
      <place>French Guiana</place>
      <predplace>visited French Guiana</predplace>
      <end>2018-11-04T03:33:54Z</end>
      <start>2014-04-16T08:12:13Z</start>
    </event>
  </events>
  <actions>
    <action>
      <url>https://china.com.cn</url>
      <icon>faCog</icon>
    </action>
    <action>
      <url>http://i2i.jp</url>
      <icon>faCode</icon>
    </action>
    <action>
      <url>https://goo.gl</url>
      <icon>faSync</icon>
    </action>
  </actions>
</person>