<?xml version="1.0" encoding="UTF-8" standalone="yes"?>
<person>
  <personId>10010</personId>
  <nameGroup>
    <givenname>
      <value>Tye</value>
    </givenname>
    <surname>
      <value>Jordin</value>
    </surname>
    <fullname>
      <classification>C</classification>
      <restricted>true</restricted>
      <value>Tye Jordin </value>
      <source>
        <name>Chicago Tribune</name>
        <ts>2021-12-11T01:37:59Z</ts>
      </source>
      <source>
        <name>Chicago Tribune</name>
        <ts>2014-10-09T02:19:00Z</ts>
      </source>
      <source>
        <name>USA Today</name>
        <ts>2015-03-13T02:02:44Z</ts>
      </source>
    </fullname>
  </nameGroup>
  <emails>
    <email>
      <value>rbilles0@nps.gov</value>
      <classification>S</classification>
      <restricted>false</restricted>
    </email>
  </emails>
  <phone>174-620-7566</phone>
  <contacts>
    <contact>
      <type>email</type>
      <value>lsheerin0@ca.gov</value>
    </contact>
    <contact>
      <type>email</type>
      <value>htybalt1@mysql.com</value>
    </contact>
    <contact>
      <type>email</type>
      <value>gwalentynowicz2@vk.com</value>
    </contact>
  </contacts>
  <ssn>
    <value>855-54-4668</value>
    <classification>(S)</classification>
  </ssn>
  <images>
    <image>
      <url>/images/persons/person-04.jpg</url>
      <source>
        <name>Washington Post</name>
        <ts>2012-01-08T11:19:51Z</ts>
        <uploadedBy>lwoolstenholmes0</uploadedBy>
      </source>
    </image>
  </images>
  <addresses>
    <address>
      <street>43094 Northland Junction</street>
      <city>Charlotte</city>
      <state>NC</state>
      <postal>28235</postal>
      <country>United States</country>
      <latitude>35.26</latitude>
      <longitude>-80.8042</longitude>
    </address>
    <address>
      <street>76202 Dwight Alley</street>
      <city>New York City</city>
      <state>NY</state>
      <postal>10125</postal>
      <country>United States</country>
      <latitude>40.7808</latitude>
      <longitude>-73.9772</longitude>
    </address>
    <address>
      <street>09644 Waubesa Center</street>
      <city>Phoenix</city>
      <state>AZ</state>
      <postal>85099</postal>
      <country>United States</country>
      <latitude>33.2765</latitude>
      <longitude>-112.1872</longitude>
    </address>
  </addresses>
  <schools>
    <school>
      <country>Canada</country>
      <name>Trent University</name>
      <city>Magog</city>
      <state>QC</state>
      <postal>J1X</postal>
      <latitude>45.2879358</latitude>
      <longitude>-72.1547927</longitude>
      <source>
        <name>USA Today</name>
        <ts>2015-11-18T17:24:04Z</ts>
      </source>
      <source>
        <name>New York Times</name>
        <ts>2017-07-18T18:08:31Z</ts>
      </source>
      <source>
        <name>Chicago Tribune</name>
        <ts>2017-03-30T12:07:25Z</ts>
      </source>
    </school>
    <school>
      <country>United States</country>
      <name>Ferrum College</name>
      <city>Los Angeles</city>
      <state>CA</state>
      <postal>90045</postal>
      <latitude>33.9516114</latitude>
      <longitude>-118.3875775</longitude>
      <source>
        <name>USA Today</name>
        <ts>2019-08-06T00:24:03Z</ts>
      </source>
      <source>
        <name>New York Times</name>
        <ts>2015-05-03T22:16:18Z</ts>
      </source>
    </school>
  </schools>
  <status>Active</status>
  <sources>
    <source>
      <name>Washington Post</name>
      <ts>2021-04-05T06:26:19Z</ts>
    </source>
  </sources>
  <sources>
    <source>
      <name>Wall Street Journal</name>
      <ts>2015-06-03T22:03:42Z</ts>
    </source>
  </sources>
  <sources>
    <source>
      <name>New York Times</name>
      <ts>2015-04-21T21:04:23Z</ts>
    </source>
  </sources>
  <relations>
    <relation>
      <id>/person/10086.xml</id>
      <predicate>worksWith</predicate>
      <imageSrc>/images/persons/person-08.jpg</imageSrc>
      <fullname>Muffin Feyer </fullname>
      <city>Tyler</city>
      <state>TX</state>
    </relation>
    <relation>
      <id>/person/10012.xml</id>
      <predicate>relatedTo</predicate>
      <imageSrc>/images/persons/person-06.jpg</imageSrc>
      <fullname>Ebony Daulton </fullname>
      <city>Killeen</city>
      <state>TX</state>
    </relation>
  </relations>
  <createdOn>
    <ts>2022-01-06T10:04:23Z</ts>
    <user>tjordin9</user>
  </createdOn>
  <lastUpdated>
    <ts>2022-01-31T05:18:54Z</ts>
    <user>tjordin9</user>
  </lastUpdated>
  <socials>
    <social>
      <site>twitter</site>
      <handle>gmarc0</handle>
      <address>http://zimbio.com/purus/phasellus/in/felis/donec/semper/sapien.json</address>
    </social>
    <social>
      <site>facebook</site>
      <handle>ctootin1</handle>
      <address>http://bing.com/sapien/arcu/sed/augue/aliquam/erat.xml</address>
    </social>
    <social>
      <site>twitter</site>
      <handle>lsmalley2</handle>
      <address>http://archive.org/diam.js</address>
    </social>
  </socials>
  <memberships>
    <membership>
      <list>list3</list>
      <important>false</important>
      <ts>2022-01-16</ts>
    </membership>
  </memberships>
  <links>
    <link>
      <label>Quick View</label>
      <url>https://wordpress.com</url>
      <icon>faEye</icon>
    </link>
    <link>
      <label>Nomination History</label>
      <url>http://dagondesign.com</url>
      <icon>faMedal</icon>
    </link>
    <link>
      <label>Comments</label>
      <url>http://livejournal.com</url>
      <icon>faComments</icon>
    </link>
  </links>
  <activities>
    <activity>
      <predicate>movedTo</predicate>
      <place>Rooxo</place>
      <predplace>movedTo Rooxo</predplace>
      <ts>2016-10-12T19:51:59Z</ts>
      <source>
        <name>USA Today</name>
        <ts>2020-07-18T14:30:48Z</ts>
        <createdBy>Jackson Warhurst</createdBy>
        <approvedBy>Gonzales Jeaves</approvedBy>
      </source>
    </activity>
    <activity>
      <predicate>movedTo</predicate>
      <place>Ntag</place>
      <predplace>movedTo Ntag</predplace>
      <ts>2017-01-02T12:22:39Z</ts>
      <source>
        <name>New York Times</name>
        <ts>2020-03-29T04:26:12Z</ts>
        <createdBy>Sanson Sporgeon</createdBy>
        <approvedBy>Carri Ranger</approvedBy>
      </source>
    </activity>
  </activities>
  <events>
    <event>
      <predicate>livedIn</predicate>
      <place>France</place>
      <predplace>livedIn France</predplace>
      <end>2017-11-01T18:34:06Z</end>
      <start>2015-08-25T23:21:55Z</start>
    </event>
  </events>
  <actions>
    <action>
      <url>https://wikispaces.com</url>
      <icon>faCog</icon>
    </action>
    <action>
      <url>http://google.com.br</url>
      <icon>faCode</icon>
    </action>
    <action>
      <url>http://wikia.com</url>
      <icon>faSync</icon>
    </action>
  </actions>
</person>