<?xml version="1.0" encoding="UTF-8" standalone="yes"?>
<person>
  <personId>10012</personId>
  <nameGroup>
    <givenname>
      <value>Ebony</value>
    </givenname>
    <surname>
      <value>Daulton</value>
    </surname>
    <fullname>
      <classification>S</classification>
      <restricted>false</restricted>
      <value>Ebony Daulton </value>
      <source>
        <name>Los Angeles Times</name>
        <ts>2014-08-13T11:04:12Z</ts>
      </source>
    </fullname>
  </nameGroup>
  <emails>
    <email>
      <value>bcokly0@technorati.com</value>
      <classification>C</classification>
      <restricted>false</restricted>
    </email>
  </emails>
  <phone>493-455-1607</phone>
  <contacts>
    <contact>
      <type>email</type>
      <value>hodcroft0@desdev.cn</value>
    </contact>
    <contact>
      <type>email</type>
      <value>laves1@1688.com</value>
    </contact>
    <contact>
      <type>phone</type>
      <value>885-117-6798</value>
    </contact>
  </contacts>
  <ssn>
    <value>834-68-2249</value>
    <classification>(S)</classification>
  </ssn>
  <images>
    <image>
      <url>/images/persons/person-06.jpg</url>
      <source>
        <name>Los Angeles Times</name>
        <ts>2014-01-22T10:56:18Z</ts>
        <uploadedBy>jsaywood0</uploadedBy>
      </source>
    </image>
    <image>
      <url>/images/persons/person-07.jpg</url>
      <source>
        <name>USA Today</name>
        <ts>2021-10-18T07:52:33Z</ts>
        <uploadedBy>hgaynes0</uploadedBy>
      </source>
    </image>
  </images>
  <addresses>
    <address>
      <street>543 Farmco Circle</street>
      <city>Killeen</city>
      <state>TX</state>
      <postal>76544</postal>
      <country>United States</country>
      <latitude>31.1282</latitude>
      <longitude>-97.7469</longitude>
    </address>
    <address>
      <street>9 Dayton Alley</street>
      <city>Evansville</city>
      <state>IN</state>
      <postal>47747</postal>
      <country>United States</country>
      <latitude>37.9971</latitude>
      <longitude>-87.575</longitude>
    </address>
    <address>
      <street>74811 Petterle Lane</street>
      <city>Jackson</city>
      <state>TN</state>
      <postal>38308</postal>
      <country>United States</country>
      <latitude>35.6124</latitude>
      <longitude>-88.8412</longitude>
    </address>
  </addresses>
  <schools>
    <school>
      <country>United States</country>
      <name>State University of New York College of Environmental Science and Forestry</name>
      <city>Sunnyvale</city>
      <state>CA</state>
      <postal>94089</postal>
      <latitude>37.4110966</latitude>
      <longitude>-122.0181762</longitude>
      <source>
        <name>USA Today</name>
        <ts>2013-01-17T15:10:12Z</ts>
      </source>
    </school>
  </schools>
  <status>Inactive</status>
  <sources>
    <source>
      <name>Los Angeles Times</name>
      <ts>2019-07-05T01:27:55Z</ts>
    </source>
  </sources>
  <relations>
    <relation>
      <id>/person/10095.xml</id>
      <predicate>relatedTo</predicate>
      <imageSrc>/images/persons/person-08.jpg</imageSrc>
      <fullname>Ilaire Voce </fullname>
      <city>Macon</city>
      <state>GA</state>
    </relation>
    <relation>
      <id>/person/10006.xml</id>
      <predicate>livesWith</predicate>
      <imageSrc>/images/persons/person-09.jpg</imageSrc>
      <fullname>Gannon Gecke </fullname>
      <city>Corpus Christi</city>
      <state>TX</state>
    </relation>
    <relation>
      <id>/person/10068.xml</id>
      <predicate>livesWith</predicate>
      <imageSrc>/images/persons/person-10.jpg</imageSrc>
      <fullname>Amye Steart </fullname>
      <city>Evansville</city>
      <state>IN</state>
    </relation>
    <relation>
      <id>/person/10054.xml</id>
      <predicate>worksWith</predicate>
      <imageSrc>/images/persons/person-03.jpg</imageSrc>
      <fullname>Amargo Hicklingbottom </fullname>
      <city>Kansas City</city>
      <state>MO</state>
    </relation>
  </relations>
  <createdOn>
    <ts>2022-02-27T07:01:46Z</ts>
    <user>edaultonb</user>
  </createdOn>
  <lastUpdated>
    <ts>2022-02-10T01:39:48Z</ts>
    <user>edaultonb</user>
  </lastUpdated>
  <socials>
    <social>
      <site>linkedin</site>
      <handle>bcadreman0</handle>
      <address>http://accuweather.com/ac.jsp</address>
    </social>
    <social>
      <site>twitter</site>
      <handle>mgorman1</handle>
      <address>https://discovery.com/sapien/iaculis/congue/vivamus/metus.xml</address>
    </social>
  </socials>
  <memberships>
    <membership>
      <list>list4</list>
      <important>false</important>
      <ts>2022-02-13</ts>
    </membership>
    <membership>
      <list>list7</list>
      <important>true</important>
      <ts>2022-01-22</ts>
    </membership>
    <membership>
      <list>list1</list>
      <important>false</important>
      <ts>2022-01-07</ts>
    </membership>
    <membership>
      <list>list6</list>
      <important>false</important>
      <ts>2022-01-21</ts>
    </membership>
    <membership>
      <list>list6</list>
      <important>true</important>
      <ts>2022-01-14</ts>
    </membership>
  </memberships>
  <links>
    <link>
      <label>Quick View</label>
      <url>https://ucsd.edu</url>
      <icon>faEye</icon>
    </link>
    <link>
      <label>Nomination History</label>
      <url>http://apple.com</url>
      <icon>faMedal</icon>
    </link>
    <link>
      <label>Comments</label>
      <url>http://hatena.ne.jp</url>
      <icon>faComments</icon>
    </link>
  </links>
  <activities>
    <activity>
      <predicate>startedAt</predicate>
      <place>Meeveo</place>
      <predplace>startedAt Meeveo</predplace>
      <ts>2018-12-19T16:19:35Z</ts>
      <source>
        <name>USA Today</name>
        <ts>2022-01-25T01:36:52Z</ts>
        <createdBy>Kimmi McIntosh</createdBy>
        <approvedBy>Danila Edgeley</approvedBy>
      </source>
    </activity>
    <activity>
      <predicate>endedAt</predicate>
      <place>Jabbercube</place>
      <predplace>endedAt Jabbercube</predplace>
      <ts>2019-06-23T01:58:08Z</ts>
      <source>
        <name>New York Times</name>
        <ts>2020-11-29T19:22:56Z</ts>
        <createdBy>Yolanthe Peer</createdBy>
        <approvedBy>Ardyce Spinney</approvedBy>
      </source>
    </activity>
    <activity>
      <predicate>startedAt</predicate>
      <place>Topiclounge</place>
      <predplace>startedAt Topiclounge</predplace>
      <ts>2017-05-02T19:39:05Z</ts>
      <source>
        <name>Chicago Tribune</name>
        <ts>2020-09-04T03:37:43Z</ts>
        <createdBy>Valentino Yearby</createdBy>
        <approvedBy>Concordia Londing</approvedBy>
      </source>
    </activity>
    <activity>
      <predicate>movedTo</predicate>
      <place>Ozu</place>
      <predplace>movedTo Ozu</predplace>
      <ts>2012-07-17T23:54:36Z</ts>
      <source>
        <name>Los Angeles Times</name>
        <ts>2021-04-18T21:29:05Z</ts>
        <createdBy>Revkah Sparks</createdBy>
        <approvedBy>Arabel Dressel</approvedBy>
      </source>
    </activity>
    <activity>
      <predicate>startedAt</predicate>
      <place>Skilith</place>
      <predplace>startedAt Skilith</predplace>
      <ts>2017-08-14T05:59:00Z</ts>
      <source>
        <name>Wall Street Journal</name>
        <ts>2020-12-06T16:24:17Z</ts>
        <createdBy>Elsbeth MacArthur</createdBy>
        <approvedBy>Lulita Shellard</approvedBy>
      </source>
    </activity>
  </activities>
  <events>
    <event>
      <predicate>livedIn</predicate>
      <place>China</place>
      <predplace>livedIn China</predplace>
      <end>2017-05-27T11:31:15Z</end>
      <start>2015-07-02T21:59:15Z</start>
    </event>
  </events>
  <actions>
    <action>
      <url>https://fema.gov</url>
      <icon>faCog</icon>
    </action>
    <action>
      <url>https://sphinn.com</url>
      <icon>faCode</icon>
    </action>
    <action>
      <url>http://wix.com</url>
      <icon>faSync</icon>
    </action>
  </actions>
</person>