<?xml version="1.0" encoding="UTF-8" standalone="yes"?>
<person>
  <personId>10019</personId>
  <nameGroup>
    <givenname>
      <value>Sonja</value>
    </givenname>
    <surname>
      <value>McIlveen</value>
    </surname>
    <fullname>
      <classification>U</classification>
      <restricted>true</restricted>
      <value>Sonja McIlveen </value>
      <source>
        <name>Los Angeles Times</name>
        <ts>2019-09-20T23:45:09Z</ts>
      </source>
      <source>
        <name>New York Times</name>
        <ts>2014-11-03T12:56:00Z</ts>
      </source>
    </fullname>
  </nameGroup>
  <emails>
    <email>
      <value>gcalterone0@ow.ly</value>
      <classification>S</classification>
      <restricted>false</restricted>
    </email>
    <email>
      <value>fcottrell1@theglobeandmail.com</value>
      <classification>U</classification>
      <restricted>false</restricted>
    </email>
    <email>
      <value>tjirzik2@sciencedirect.com</value>
      <classification>U</classification>
      <restricted>false</restricted>
    </email>
  </emails>
  <phone>194-641-9697</phone>
  <contacts>
    <contact>
      <type>email</type>
      <value>swealleans0@ameblo.jp</value>
    </contact>
    <contact>
      <type>email</type>
      <value>cdormon1@wsj.com</value>
    </contact>
    <contact>
      <type>phone</type>
      <value>219-148-9835</value>
    </contact>
  </contacts>
  <ssn>
    <value>470-35-3975</value>
    <classification>(S)</classification>
  </ssn>
  <images>
    <image>
      <url>/images/persons/person-09.jpg</url>
      <source>
        <name>USA Today</name>
        <ts>2021-09-20T15:10:26Z</ts>
        <uploadedBy>jtrethewey0</uploadedBy>
      </source>
    </image>
    <image>
      <url>/images/persons/person-10.jpg</url>
      <source>
        <name>USA Today</name>
        <ts>2014-12-12T07:22:24Z</ts>
        <uploadedBy>rmortlock0</uploadedBy>
      </source>
    </image>
  </images>
  <addresses>
    <address>
      <street>0 Bartelt Street</street>
      <city>Hayward</city>
      <state>CA</state>
      <postal>94544</postal>
      <country>United States</country>
      <latitude>37.6374</latitude>
      <longitude>-122.067</longitude>
    </address>
    <address>
      <street>47639 Anhalt Place</street>
      <city>Columbus</city>
      <state>OH</state>
      <postal>43210</postal>
      <country>United States</country>
      <latitude>40.0028</latitude>
      <longitude>-83.0164</longitude>
    </address>
    <address>
      <street>812 Pine View Pass</street>
      <city>Garden Grove</city>
      <state>CA</state>
      <postal>92645</postal>
      <country>United States</country>
      <latitude>33.783</latitude>
      <longitude>-118.0256</longitude>
    </address>
  </addresses>
  <schools>
    <school>
      <country>United States</country>
      <name>University of Central Missouri</name>
      <city>Tucson</city>
      <state>AZ</state>
      <postal>85715</postal>
      <latitude>32.2514545</latitude>
      <longitude>-110.8374104</longitude>
      <source>
        <name>USA Today</name>
        <ts>2010-09-01T22:36:27Z</ts>
      </source>
      <source>
        <name>New York Times</name>
        <ts>2017-09-22T17:24:09Z</ts>
      </source>
      <source>
        <name>Chicago Tribune</name>
        <ts>2013-03-17T21:48:53Z</ts>
      </source>
    </school>
    <school>
      <country>United States</country>
      <name>University of the South</name>
      <city>Orlando</city>
      <state>FL</state>
      <postal>32819</postal>
      <latitude>28.4630493</latitude>
      <longitude>-81.460856</longitude>
      <source>
        <name>USA Today</name>
        <ts>2012-02-15T17:46:28Z</ts>
      </source>
      <source>
        <name>New York Times</name>
        <ts>2010-01-05T11:09:06Z</ts>
      </source>
    </school>
  </schools>
  <status>Active</status>
  <sources>
    <source>
      <name>Wall Street Journal</name>
      <ts>2018-07-07T15:38:15Z</ts>
    </source>
  </sources>
  <relations>
    <relation>
      <id>/person/10010.xml</id>
      <predicate>relatedTo</predicate>
      <imageSrc>/images/persons/person-04.jpg</imageSrc>
      <fullname>Tye Jordin </fullname>
      <city>Charlotte</city>
      <state>NC</state>
    </relation>
    <relation>
      <id>/person/10073.xml</id>
      <predicate>worksWith</predicate>
      <imageSrc>/images/persons/person-04.jpg</imageSrc>
      <fullname>Hakim Mattisssen </fullname>
      <city>Newton</city>
      <state>MA</state>
    </relation>
    <relation>
      <id>/person/10075.xml</id>
      <predicate>relatedTo</predicate>
      <imageSrc>/images/persons/person-05.jpg</imageSrc>
      <fullname>Brigitta Haxell </fullname>
      <city>Huntington</city>
      <state>WV</state>
    </relation>
    <relation>
      <id>/person/10097.xml</id>
      <predicate>relatedTo</predicate>
      <imageSrc>/images/persons/person-01.jpg</imageSrc>
      <fullname>Faydra Habben </fullname>
      <city>El Paso</city>
      <state>TX</state>
    </relation>
    <relation>
      <id>/person/10068.xml</id>
      <predicate>worksWith</predicate>
      <imageSrc>/images/persons/person-10.jpg</imageSrc>
      <fullname>Amye Steart </fullname>
      <city>Evansville</city>
      <state>IN</state>
    </relation>
  </relations>
  <createdOn>
    <ts>2022-02-21T06:42:43Z</ts>
    <user>smcilveeni</user>
  </createdOn>
  <lastUpdated>
    <ts>2022-02-10T21:28:14Z</ts>
    <user>smcilveeni</user>
  </lastUpdated>
  <socials>
    <social>
      <site>facebook</site>
      <handle>fpaula0</handle>
      <address>http://behance.net/sit/amet/lobortis/sapien.html</address>
    </social>
    <social>
      <site>facebook</site>
      <handle>cnys1</handle>
      <address>https://dell.com/lobortis.html</address>
    </social>
  </socials>
  <memberships>
    <membership>
      <list>list3</list>
      <important>true</important>
      <ts>2022-01-24</ts>
    </membership>
    <membership>
      <list>list1</list>
      <important>false</important>
      <ts>2022-01-21</ts>
    </membership>
    <membership>
      <list>list8</list>
      <important>true</important>
      <ts>2022-01-23</ts>
    </membership>
  </memberships>
  <links>
    <link>
      <label>Quick View</label>
      <url>http://earthlink.net</url>
      <icon>faEye</icon>
    </link>
    <link>
      <label>Nomination History</label>
      <url>https://yale.edu</url>
      <icon>faMedal</icon>
    </link>
    <link>
      <label>Comments</label>
      <url>https://printfriendly.com</url>
      <icon>faComments</icon>
    </link>
  </links>
  <activities>
    <activity>
      <predicate>movedTo</predicate>
      <place>Zazio</place>
      <predplace>movedTo Zazio</predplace>
      <ts>2018-04-13T02:48:04Z</ts>
      <source>
        <name>USA Today</name>
        <ts>2021-03-22T03:12:16Z</ts>
        <createdBy>Major Murrhardt</createdBy>
        <approvedBy>Jarrett Northing</approvedBy>
      </source>
    </activity>
    <activity>
      <predicate>endedAt</predicate>
      <place>Gevee</place>
      <predplace>endedAt Gevee</predplace>
      <ts>2019-12-28T01:28:26Z</ts>
      <source>
        <name>New York Times</name>
        <ts>2021-05-05T14:58:00Z</ts>
        <createdBy>Ange Hairs</createdBy>
        <approvedBy>Cleavland Mountstephen</approvedBy>
      </source>
    </activity>
  </activities>
  <events>
    <event>
      <predicate>visited</predicate>
      <place>China</place>
      <predplace>visited China</predplace>
      <end>2017-01-22T02:02:08Z</end>
      <start>2014-09-22T02:03:19Z</start>
    </event>
  </events>
  <actions>
    <action>
      <url>https://reverbnation.com</url>
      <icon>faCog</icon>
    </action>
    <action>
      <url>http://sciencedaily.com</url>
      <icon>faCode</icon>
    </action>
    <action>
      <url>https://meetup.com</url>
      <icon>faSync</icon>
    </action>
  </actions>
</person>