<?xml version="1.0" encoding="UTF-8" standalone="yes"?>
<person>
  <personId>10016</personId>
  <nameGroup>
    <givenname>
      <value>Christel</value>
    </givenname>
    <surname>
      <value>O'Longain</value>
    </surname>
    <fullname>
      <classification>C</classification>
      <restricted>true</restricted>
      <value>Christel O'Longain </value>
      <source>
        <name>Los Angeles Times</name>
        <ts>2012-08-19T22:59:51Z</ts>
      </source>
      <source>
        <name>Chicago Tribune</name>
        <ts>2013-10-30T00:58:12Z</ts>
      </source>
    </fullname>
  </nameGroup>
  <emails>
    <email>
      <value>ggahan0@parallels.com</value>
      <classification>C</classification>
      <restricted>false</restricted>
    </email>
    <email>
      <value>gkevern1@usda.gov</value>
      <classification>S</classification>
      <restricted>false</restricted>
    </email>
  </emails>
  <phone>495-401-1408</phone>
  <contacts>
    <contact>
      <type>phone</type>
      <value>107-869-6373</value>
    </contact>
    <contact>
      <type>phone</type>
      <value>216-421-8374</value>
    </contact>
    <contact>
      <type>phone</type>
      <value>766-672-9400</value>
    </contact>
  </contacts>
  <ssn>
    <value>899-73-1487</value>
    <classification>(S)</classification>
  </ssn>
  <images>
    <image>
      <url>/images/persons/person-05.jpg</url>
      <source>
        <name>USA Today</name>
        <ts>2013-09-23T04:45:59Z</ts>
        <uploadedBy>bfalks0</uploadedBy>
      </source>
    </image>
    <image>
      <url>/images/persons/person-06.jpg</url>
      <source>
        <name>Wall Street Journal</name>
        <ts>2021-09-26T18:52:29Z</ts>
        <uploadedBy>ddigan0</uploadedBy>
      </source>
    </image>
  </images>
  <addresses>
    <address>
      <street>5 Helena Terrace</street>
      <city>New York City</city>
      <state>NY</state>
      <postal>10060</postal>
      <country>United States</country>
      <latitude>40.7808</latitude>
      <longitude>-73.9772</longitude>
    </address>
    <address>
      <street>39358 Dawn Lane</street>
      <city>Detroit</city>
      <state>MI</state>
      <postal>48275</postal>
      <country>United States</country>
      <latitude>42.2399</latitude>
      <longitude>-83.1508</longitude>
    </address>
  </addresses>
  <schools>
    <school>
      <country>United Kingdom</country>
      <name>University of North London</name>
      <city>Eaton</city>
      <state>ENG</state>
      <postal>DN22</postal>
      <latitude>53.2945961</latitude>
      <longitude>-0.9335791</longitude>
      <source>
        <name>USA Today</name>
        <ts>2020-10-25T23:34:12Z</ts>
      </source>
      <source>
        <name>New York Times</name>
        <ts>2020-07-15T15:46:03Z</ts>
      </source>
      <source>
        <name>Chicago Tribune</name>
        <ts>2012-07-14T20:47:55Z</ts>
      </source>
    </school>
    <school>
      <country>Mexico</country>
      <name>Universidad Tecnológica de México</name>
      <city>San Antonio</city>
      <state>MEX</state>
      <postal>52060</postal>
      <latitude>19.4805668</latitude>
      <longitude>-99.2058279</longitude>
      <source>
        <name>USA Today</name>
        <ts>2019-10-02T23:57:47Z</ts>
      </source>
    </school>
  </schools>
  <status>Active</status>
  <sources>
    <source>
      <name>Wall Street Journal</name>
      <ts>2012-04-28T12:53:30Z</ts>
    </source>
  </sources>
  <relations>
    <relation>
      <id>/person/10033.xml</id>
      <predicate>livesWith</predicate>
      <imageSrc>/images/persons/person-02.jpg</imageSrc>
      <fullname>Mag Garnsey </fullname>
      <city>Schenectady</city>
      <state>NY</state>
    </relation>
    <relation>
      <id>/person/10062.xml</id>
      <predicate>livesWith</predicate>
      <imageSrc>/images/persons/person-05.jpg</imageSrc>
      <fullname>Rem Spolton </fullname>
      <city>Philadelphia</city>
      <state>PA</state>
    </relation>
    <relation>
      <id>/person/10081.xml</id>
      <predicate>worksWith</predicate>
      <imageSrc>/images/persons/person-03.jpg</imageSrc>
      <fullname>George Foad </fullname>
      <city>Fargo</city>
      <state>ND</state>
    </relation>
    <relation>
      <id>/person/10026.xml</id>
      <predicate>relatedTo</predicate>
      <imageSrc>/images/persons/person-04.jpg</imageSrc>
      <fullname>Marrilee Whitecross </fullname>
      <city>Dallas</city>
      <state>TX</state>
    </relation>
  </relations>
  <createdOn>
    <ts>2022-01-16T04:33:48Z</ts>
    <user>colongainf</user>
  </createdOn>
  <lastUpdated>
    <ts>2022-01-27T17:39:59Z</ts>
    <user>colongainf</user>
  </lastUpdated>
  <socials>
    <social>
      <site>facebook</site>
      <handle>gmacane0</handle>
      <address>https://networkadvertising.org/adipiscing.jsp</address>
    </social>
    <social>
      <site>facebook</site>
      <handle>bmainwaring1</handle>
      <address>https://timesonline.co.uk/accumsan/odio/curabitur/convallis.js</address>
    </social>
  </socials>
  <memberships>
    <membership>
      <list>list4</list>
      <important>true</important>
      <ts>2022-01-22</ts>
    </membership>
    <membership>
      <list>list6</list>
      <important>true</important>
      <ts>2022-01-06</ts>
    </membership>
    <membership>
      <list>list5</list>
      <important>false</important>
      <ts>2022-01-11</ts>
    </membership>
  </memberships>
  <links>
    <link>
      <label>Quick View</label>
      <url>http://blogger.com</url>
      <icon>faEye</icon>
    </link>
    <link>
      <label>Nomination History</label>
      <url>https://bloomberg.com</url>
      <icon>faMedal</icon>
    </link>
    <link>
      <label>Comments</label>
      <url>https://ustream.tv</url>
      <icon>faComments</icon>
    </link>
  </links>
  <activities>
    <activity>
      <predicate>startedAt</predicate>
      <place>Photolist</place>
      <predplace>startedAt Photolist</predplace>
      <ts>2015-11-09T11:57:12Z</ts>
      <source>
        <name>USA Today</name>
        <ts>2020-04-24T13:51:49Z</ts>
        <createdBy>Novelia Camp</createdBy>
        <approvedBy>William Bushe</approvedBy>
      </source>
    </activity>
    <activity>
      <predicate>endedAt</predicate>
      <place>Gigashots</place>
      <predplace>endedAt Gigashots</predplace>
      <ts>2018-05-19T14:13:35Z</ts>
      <source>
        <name>New York Times</name>
        <ts>2022-02-03T08:35:40Z</ts>
        <createdBy>Averell Revell</createdBy>
        <approvedBy>Tarrance Baldick</approvedBy>
      </source>
    </activity>
    <activity>
      <predicate>startedAt</predicate>
      <place>Demizz</place>
      <predplace>startedAt Demizz</predplace>
      <ts>2013-06-12T00:15:09Z</ts>
      <source>
        <name>Chicago Tribune</name>
        <ts>2020-04-29T17:57:17Z</ts>
        <createdBy>Halsy Sweynson</createdBy>
        <approvedBy>Karlis Sergison</approvedBy>
      </source>
    </activity>
    <activity>
      <predicate>movedTo</predicate>
      <place>Photobug</place>
      <predplace>movedTo Photobug</predplace>
      <ts>2017-08-27T05:02:01Z</ts>
      <source>
        <name>Los Angeles Times</name>
        <ts>2021-11-25T14:23:21Z</ts>
        <createdBy>Morna Draaisma</createdBy>
        <approvedBy>Timi Girardengo</approvedBy>
      </source>
    </activity>
  </activities>
  <events>
    <event>
      <predicate>livedIn</predicate>
      <place>China</place>
      <predplace>livedIn China</predplace>
      <end>2017-05-13T13:25:26Z</end>
      <start>2016-03-09T10:21:57Z</start>
    </event>
  </events>
  <actions>
    <action>
      <url>https://mashable.com</url>
      <icon>faCog</icon>
    </action>
    <action>
      <url>http://weather.com</url>
      <icon>faCode</icon>
    </action>
    <action>
      <url>http://drupal.org</url>
      <icon>faSync</icon>
    </action>
  </actions>
</person>