<?xml version="1.0" encoding="UTF-8" standalone="yes"?>
<person>
  <personId>10017</personId>
  <nameGroup>
    <givenname>
      <value>Carlye</value>
    </givenname>
    <surname>
      <value>Saxon</value>
    </surname>
    <fullname>
      <classification>S</classification>
      <restricted>false</restricted>
      <value>Carlye Saxon </value>
      <source>
        <name>USA Today</name>
        <ts>2011-10-08T17:28:55Z</ts>
      </source>
      <source>
        <name>Chicago Tribune</name>
        <ts>2017-02-15T15:45:34Z</ts>
      </source>
    </fullname>
  </nameGroup>
  <emails>
    <email>
      <value>lschumacher0@github.com</value>
      <classification>U</classification>
      <restricted>false</restricted>
    </email>
    <email>
      <value>amcgraith1@blogspot.com</value>
      <classification>S</classification>
      <restricted>false</restricted>
    </email>
  </emails>
  <phone>137-983-1062</phone>
  <contacts>
    <contact>
      <type>phone</type>
      <value>745-167-2041</value>
    </contact>
    <contact>
      <type>email</type>
      <value>tkayley1@surveymonkey.com</value>
    </contact>
    <contact>
      <type>email</type>
      <value>fbarzen2@cdc.gov</value>
    </contact>
  </contacts>
  <ssn>
    <value>688-95-2923</value>
    <classification>(S)</classification>
  </ssn>
  <images>
    <image>
      <url>/images/persons/person-09.jpg</url>
      <source>
        <name>New York Times</name>
        <ts>2013-07-02T00:48:23Z</ts>
        <uploadedBy>eparzis0</uploadedBy>
      </source>
    </image>
  </images>
  <addresses>
    <address>
      <street>0064 Logan Crossing</street>
      <city>Vancouver</city>
      <state>WA</state>
      <postal>98664</postal>
      <country>United States</country>
      <latitude>45.6231</latitude>
      <longitude>-122.5767</longitude>
    </address>
  </addresses>
  <schools>
    <school>
      <country>United States</country>
      <name>Morgan State University</name>
      <city>Boise</city>
      <state>ID</state>
      <postal>83727</postal>
      <latitude>33.6977944</latitude>
      <longitude>-117.7765895</longitude>
      <source>
        <name>USA Today</name>
        <ts>2020-12-27T23:51:26Z</ts>
      </source>
      <source>
        <name>New York Times</name>
        <ts>2016-09-25T04:17:04Z</ts>
      </source>
      <source>
        <name>Chicago Tribune</name>
        <ts>2019-04-14T09:57:08Z</ts>
      </source>
    </school>
    <school>
      <country>United States</country>
      <name>Lakeview College of Nursing</name>
      <city>Pittsburgh</city>
      <state>PA</state>
      <postal>15266</postal>
      <latitude>40.5053499</latitude>
      <longitude>-80.04928</longitude>
      <source>
        <name>USA Today</name>
        <ts>2013-04-20T10:52:45Z</ts>
      </source>
    </school>
  </schools>
  <status>Active</status>
  <sources>
    <source>
      <name>Washington Post</name>
      <ts>2010-09-13T03:48:28Z</ts>
    </source>
  </sources>
  <relations>
    <relation>
      <id>/person/10098.xml</id>
      <predicate>livesWith</predicate>
      <imageSrc>/images/persons/person-08.jpg</imageSrc>
      <fullname>Pepita Yelland </fullname>
      <city>Fredericksburg</city>
      <state>VA</state>
    </relation>
    <relation>
      <id>/person/10053.xml</id>
      <predicate>livesWith</predicate>
      <imageSrc>/images/persons/person-09.jpg</imageSrc>
      <fullname>Claire Michelet </fullname>
      <city>Alhambra</city>
      <state>CA</state>
    </relation>
  </relations>
  <createdOn>
    <ts>2022-01-05T17:09:43Z</ts>
    <user>csaxong</user>
  </createdOn>
  <lastUpdated>
    <ts>2022-02-27T06:07:25Z</ts>
    <user>csaxong</user>
  </lastUpdated>
  <socials/>
  <memberships>
    <membership>
      <list>list7</list>
      <important>false</important>
      <ts>2022-02-27</ts>
    </membership>
    <membership>
      <list>list3</list>
      <important>true</important>
      <ts>2022-01-30</ts>
    </membership>
    <membership>
      <list>list9</list>
      <important>false</important>
      <ts>2022-01-06</ts>
    </membership>
    <membership>
      <list>list1</list>
      <important>false</important>
      <ts>2022-01-31</ts>
    </membership>
  </memberships>
  <links>
    <link>
      <label>Quick View</label>
      <url>http://japanpost.jp</url>
      <icon>faEye</icon>
    </link>
    <link>
      <label>Nomination History</label>
      <url>http://utexas.edu</url>
      <icon>faMedal</icon>
    </link>
    <link>
      <label>Comments</label>
      <url>http://discovery.com</url>
      <icon>faComments</icon>
    </link>
  </links>
  <activities>
    <activity>
      <predicate>endedAt</predicate>
      <place>Yotz</place>
      <predplace>endedAt Yotz</predplace>
      <ts>2016-03-01T05:51:42Z</ts>
      <source>
        <name>USA Today</name>
        <ts>2021-03-17T13:02:24Z</ts>
        <createdBy>Melisande Tosney</createdBy>
        <approvedBy>Chrotoem Cleall</approvedBy>
      </source>
    </activity>
    <activity>
      <predicate>startedAt</predicate>
      <place>Quire</place>
      <predplace>startedAt Quire</predplace>
      <ts>2013-02-22T16:06:53Z</ts>
      <source>
        <name>New York Times</name>
        <ts>2021-05-29T14:28:54Z</ts>
        <createdBy>Hube Blooman</createdBy>
        <approvedBy>Kaitlin Lippatt</approvedBy>
      </source>
    </activity>
  </activities>
  <events>
    <event>
      <predicate>servedIn</predicate>
      <place>Poland</place>
      <predplace>servedIn Poland</predplace>
      <end>2018-11-03T05:30:31Z</end>
      <start>2015-01-28T05:42:34Z</start>
    </event>
  </events>
  <actions>
    <action>
      <url>https://addtoany.com</url>
      <icon>faCog</icon>
    </action>
    <action>
      <url>http://amazon.co.jp</url>
      <icon>faCode</icon>
    </action>
    <action>
      <url>https://rakuten.co.jp</url>
      <icon>faSync</icon>
    </action>
  </actions>
</person>