<?xml version="1.0" encoding="UTF-8" standalone="yes"?>
<person>
  <personId>10014</personId>
  <nameGroup>
    <givenname>
      <value>Emmy</value>
    </givenname>
    <surname>
      <value>St. John</value>
    </surname>
    <fullname>
      <classification>S</classification>
      <restricted>true</restricted>
      <value>Emmy St. John </value>
      <source>
        <name>New York Times</name>
        <ts>2014-03-30T13:50:31Z</ts>
      </source>
      <source>
        <name>Los Angeles Times</name>
        <ts>2014-08-03T13:52:14Z</ts>
      </source>
    </fullname>
  </nameGroup>
  <emails>
    <email>
      <value>spepperd0@ca.gov</value>
      <classification>U</classification>
      <restricted>false</restricted>
    </email>
    <email>
      <value>ccrow1@accuweather.com</value>
      <classification>C</classification>
      <restricted>false</restricted>
    </email>
  </emails>
  <phone>236-853-9571</phone>
  <contacts>
    <contact>
      <type>phone</type>
      <value>790-175-1469</value>
    </contact>
    <contact>
      <type>phone</type>
      <value>870-468-4331</value>
    </contact>
    <contact>
      <type>email</type>
      <value>gburdis2@weather.com</value>
    </contact>
  </contacts>
  <ssn>
    <value>516-17-9582</value>
    <classification>(S)</classification>
  </ssn>
  <images>
    <image>
      <url>/images/persons/person-05.jpg</url>
      <source>
        <name>Chicago Tribune</name>
        <ts>2019-10-10T11:38:29Z</ts>
        <uploadedBy>hforshaw0</uploadedBy>
      </source>
    </image>
    <image>
      <url>/images/persons/person-02.jpg</url>
      <source>
        <name>New York Times</name>
        <ts>2019-06-23T18:37:54Z</ts>
        <uploadedBy>fprozillo0</uploadedBy>
      </source>
    </image>
    <image>
      <url>/images/persons/person-08.jpg</url>
      <source>
        <name>Los Angeles Times</name>
        <ts>2010-07-15T10:10:48Z</ts>
        <uploadedBy>eradloff0</uploadedBy>
      </source>
    </image>
  </images>
  <addresses>
    <address>
      <street>5415 Lillian Plaza</street>
      <city>Southfield</city>
      <state>MI</state>
      <postal>48076</postal>
      <country>United States</country>
      <latitude>42.4981</latitude>
      <longitude>-83.2058</longitude>
    </address>
    <address>
      <street>131 Pepper Wood Crossing</street>
      <city>Phoenix</city>
      <state>AZ</state>
      <postal>85005</postal>
      <country>United States</country>
      <latitude>33.2765</latitude>
      <longitude>-112.1872</longitude>
    </address>
  </addresses>
  <schools>
    <school>
      <country>United States</country>
      <name>Rocky Mountain College</name>
      <city>San Jose</city>
      <state>CA</state>
      <postal>95138</postal>
      <latitude>37.2422863</latitude>
      <longitude>-121.7309452</longitude>
      <source>
        <name>USA Today</name>
        <ts>2020-10-29T14:32:11Z</ts>
      </source>
      <source>
        <name>New York Times</name>
        <ts>2017-10-25T04:13:43Z</ts>
      </source>
      <source>
        <name>Chicago Tribune</name>
        <ts>2010-04-02T10:54:10Z</ts>
      </source>
    </school>
  </schools>
  <status>Inactive</status>
  <sources>
    <source>
      <name>Wall Street Journal</name>
      <ts>2015-12-02T18:49:25Z</ts>
    </source>
  </sources>
  <sources>
    <source>
      <name>Chicago Tribune</name>
      <ts>2020-10-27T18:52:43Z</ts>
    </source>
  </sources>
  <relations>
    <relation>
      <id>/person/10097.xml</id>
      <predicate>relatedTo</predicate>
      <imageSrc>/images/persons/person-01.jpg</imageSrc>
      <fullname>Faydra Habben </fullname>
      <city>El Paso</city>
      <state>TX</state>
    </relation>
    <relation>
      <id>/person/10057.xml</id>
      <predicate>relatedTo</predicate>
      <imageSrc>/images/persons/person-05.jpg</imageSrc>
      <fullname>Tess Northgraves </fullname>
      <city>Des Moines</city>
      <state>IA</state>
    </relation>
    <relation>
      <id>/person/10096.xml</id>
      <predicate>relatedTo</predicate>
      <imageSrc>/images/persons/person-09.jpg</imageSrc>
      <fullname>Stearne Mocquer </fullname>
      <city>Kansas City</city>
      <state>MO</state>
    </relation>
    <relation>
      <id>/person/10033.xml</id>
      <predicate>livesWith</predicate>
      <imageSrc>/images/persons/person-02.jpg</imageSrc>
      <fullname>Mag Garnsey </fullname>
      <city>Schenectady</city>
      <state>NY</state>
    </relation>
  </relations>
  <createdOn>
    <ts>2022-01-24T01:27:42Z</ts>
    <user>estjohnd</user>
  </createdOn>
  <lastUpdated>
    <ts>2022-02-10T16:38:31Z</ts>
    <user>estjohnd</user>
  </lastUpdated>
  <socials/>
  <memberships>
    <membership>
      <list>list7</list>
      <important>true</important>
      <ts>2022-02-07</ts>
    </membership>
    <membership>
      <list>list8</list>
      <important>true</important>
      <ts>2022-02-01</ts>
    </membership>
    <membership>
      <list>list11</list>
      <important>false</important>
      <ts>2022-01-06</ts>
    </membership>
    <membership>
      <list>list3</list>
      <important>false</important>
      <ts>2022-01-16</ts>
    </membership>
    <membership>
      <list>list8</list>
      <important>true</important>
      <ts>2022-01-06</ts>
    </membership>
  </memberships>
  <links>
    <link>
      <label>Quick View</label>
      <url>http://accuweather.com</url>
      <icon>faEye</icon>
    </link>
    <link>
      <label>Nomination History</label>
      <url>http://addtoany.com</url>
      <icon>faMedal</icon>
    </link>
    <link>
      <label>Comments</label>
      <url>https://japanpost.jp</url>
      <icon>faComments</icon>
    </link>
  </links>
  <activities>
    <activity>
      <predicate>startedAt</predicate>
      <place>Nlounge</place>
      <predplace>startedAt Nlounge</predplace>
      <ts>2019-12-28T18:42:06Z</ts>
      <source>
        <name>USA Today</name>
        <ts>2021-06-05T22:08:06Z</ts>
        <createdBy>Alejandro Lewing</createdBy>
        <approvedBy>Merrie Presdie</approvedBy>
      </source>
    </activity>
    <activity>
      <predicate>startedAt</predicate>
      <place>Mycat</place>
      <predplace>startedAt Mycat</predplace>
      <ts>2015-04-15T09:41:50Z</ts>
      <source>
        <name>New York Times</name>
        <ts>2021-02-08T20:10:45Z</ts>
        <createdBy>Edna Ruoss</createdBy>
        <approvedBy>Seth Cardillo</approvedBy>
      </source>
    </activity>
    <activity>
      <predicate>endedAt</predicate>
      <place>Photofeed</place>
      <predplace>endedAt Photofeed</predplace>
      <ts>2015-03-06T08:50:32Z</ts>
      <source>
        <name>Chicago Tribune</name>
        <ts>2021-02-09T10:55:16Z</ts>
        <createdBy>Abby Magor</createdBy>
        <approvedBy>Vere Setford</approvedBy>
      </source>
    </activity>
    <activity>
      <predicate>endedAt</predicate>
      <place>Skynoodle</place>
      <predplace>endedAt Skynoodle</predplace>
      <ts>2019-04-02T07:38:55Z</ts>
      <source>
        <name>Los Angeles Times</name>
        <ts>2020-03-22T04:28:44Z</ts>
        <createdBy>Janeen Blacktin</createdBy>
        <approvedBy>Martino Lucock</approvedBy>
      </source>
    </activity>
    <activity>
      <predicate>endedAt</predicate>
      <place>Brightbean</place>
      <predplace>endedAt Brightbean</predplace>
      <ts>2018-10-01T13:09:43Z</ts>
      <source>
        <name>Wall Street Journal</name>
        <ts>2020-02-12T01:30:10Z</ts>
        <createdBy>Emmerich Gavrieli</createdBy>
        <approvedBy>Bernelle Andryszczak</approvedBy>
      </source>
    </activity>
  </activities>
  <events>
    <event>
      <predicate>livedIn</predicate>
      <place>Poland</place>
      <predplace>livedIn Poland</predplace>
      <end>2017-12-31T12:59:47Z</end>
      <start>2014-01-07T12:52:34Z</start>
    </event>
  </events>
  <actions>
    <action>
      <url>https://yale.edu</url>
      <icon>faCog</icon>
    </action>
    <action>
      <url>http://oracle.com</url>
      <icon>faCode</icon>
    </action>
    <action>
      <url>https://edublogs.org</url>
      <icon>faSync</icon>
    </action>
  </actions>
</person>