<?xml version="1.0" encoding="UTF-8" standalone="yes"?>
<person>
  <personId>10011</personId>
  <nameGroup>
    <givenname>
      <value>Ardis</value>
    </givenname>
    <surname>
      <value>Wilfinger</value>
    </surname>
    <fullname>
      <classification>C</classification>
      <restricted>false</restricted>
      <value>Ardis Wilfinger </value>
      <source>
        <name>Washington Post</name>
        <ts>2010-07-30T14:26:24Z</ts>
      </source>
    </fullname>
  </nameGroup>
  <emails>
    <email>
      <value>jmarnane0@rediff.com</value>
      <classification>U</classification>
      <restricted>false</restricted>
    </email>
    <email>
      <value>clejeune1@house.gov</value>
      <classification>S</classification>
      <restricted>false</restricted>
    </email>
  </emails>
  <phone>881-291-3423</phone>
  <contacts>
    <contact>
      <type>phone</type>
      <value>203-703-6380</value>
    </contact>
    <contact>
      <type>phone</type>
      <value>530-639-1817</value>
    </contact>
    <contact>
      <type>email</type>
      <value>schisnall2@comsenz.com</value>
    </contact>
  </contacts>
  <ssn>
    <value>404-83-9806</value>
    <classification>(S)</classification>
  </ssn>
  <images>
    <image>
      <url>/images/persons/person-09.jpg</url>
      <source>
        <name>Washington Post</name>
        <ts>2016-10-18T09:30:08Z</ts>
        <uploadedBy>mplastow0</uploadedBy>
      </source>
    </image>
  </images>
  <addresses>
    <address>
      <street>9392 Thackeray Way</street>
      <city>Saint Joseph</city>
      <state>MO</state>
      <postal>64504</postal>
      <country>United States</country>
      <latitude>39.7076</latitude>
      <longitude>-94.8677</longitude>
    </address>
  </addresses>
  <schools>
    <school>
      <country>Canada</country>
      <name>Canadian Mennonite University</name>
      <city>Château-Richer</city>
      <state>QC</state>
      <postal>B3H</postal>
      <latitude>46.96031</latitude>
      <longitude>-71.03219</longitude>
      <source>
        <name>USA Today</name>
        <ts>2017-06-16T00:16:04Z</ts>
      </source>
      <source>
        <name>New York Times</name>
        <ts>2017-03-07T11:01:38Z</ts>
      </source>
    </school>
  </schools>
  <status>Inactive</status>
  <sources>
    <source>
      <name>Los Angeles Times</name>
      <ts>2011-08-21T13:33:25Z</ts>
    </source>
  </sources>
  <sources>
    <source>
      <name>Washington Post</name>
      <ts>2018-02-14T10:15:37Z</ts>
    </source>
  </sources>
  <relations>
    <relation>
      <id>/person/10058.xml</id>
      <predicate>livesWith</predicate>
      <imageSrc>/images/persons/person-10.jpg</imageSrc>
      <fullname>Gilligan Darbyshire </fullname>
      <city>Wilmington</city>
      <state>DE</state>
    </relation>
    <relation>
      <id>/person/10009.xml</id>
      <predicate>worksWith</predicate>
      <imageSrc>/images/persons/person-04.jpg</imageSrc>
      <fullname>Fredelia Gartrell </fullname>
      <city>Augusta</city>
      <state>GA</state>
    </relation>
    <relation>
      <id>/person/10041.xml</id>
      <predicate>livesWith</predicate>
      <imageSrc>/images/persons/person-04.jpg</imageSrc>
      <fullname>Rene Drew-Clifton </fullname>
      <city>San Antonio</city>
      <state>TX</state>
    </relation>
  </relations>
  <createdOn>
    <ts>2022-02-15T05:35:17Z</ts>
    <user>awilfingera</user>
  </createdOn>
  <lastUpdated>
    <ts>2022-02-02T17:45:49Z</ts>
    <user>awilfingera</user>
  </lastUpdated>
  <socials>
    <social>
      <site>linkedin</site>
      <handle>lglowinski0</handle>
      <address>https://list-manage.com/pede/lobortis/ligula.json</address>
    </social>
    <social>
      <site>twitter</site>
      <handle>lridges1</handle>
      <address>http://wikimedia.org/eu/sapien/cursus/vestibulum/proin.jpg</address>
    </social>
    <social>
      <site>twitter</site>
      <handle>abignell2</handle>
      <address>https://livejournal.com/lacus/purus/aliquet/at/feugiat/non/pretium.xml</address>
    </social>
  </socials>
  <memberships>
    <membership>
      <list>list9</list>
      <important>false</important>
      <ts>2022-02-26</ts>
    </membership>
    <membership>
      <list>list10</list>
      <important>false</important>
      <ts>2022-02-05</ts>
    </membership>
    <membership>
      <list>list7</list>
      <important>true</important>
      <ts>2022-02-09</ts>
    </membership>
  </memberships>
  <links>
    <link>
      <label>Quick View</label>
      <url>http://answers.com</url>
      <icon>faEye</icon>
    </link>
    <link>
      <label>Nomination History</label>
      <url>http://liveinternet.ru</url>
      <icon>faMedal</icon>
    </link>
    <link>
      <label>Comments</label>
      <url>http://diigo.com</url>
      <icon>faComments</icon>
    </link>
  </links>
  <activities>
    <activity>
      <predicate>startedAt</predicate>
      <place>Mudo</place>
      <predplace>startedAt Mudo</predplace>
      <ts>2016-10-26T08:06:23Z</ts>
      <source>
        <name>USA Today</name>
        <ts>2020-05-23T00:27:11Z</ts>
        <createdBy>Guinna Trebilcock</createdBy>
        <approvedBy>Penny Stopforth</approvedBy>
      </source>
    </activity>
    <activity>
      <predicate>movedTo</predicate>
      <place>Dabfeed</place>
      <predplace>movedTo Dabfeed</predplace>
      <ts>2018-02-22T19:43:39Z</ts>
      <source>
        <name>New York Times</name>
        <ts>2021-07-09T18:47:39Z</ts>
        <createdBy>Ogdon Dozdill</createdBy>
        <approvedBy>Juliette Hurlestone</approvedBy>
      </source>
    </activity>
  </activities>
  <events>
    <event>
      <predicate>visited</predicate>
      <place>China</place>
      <predplace>visited China</predplace>
      <end>2018-01-07T01:47:49Z</end>
      <start>2015-07-30T20:16:46Z</start>
    </event>
  </events>
  <actions>
    <action>
      <url>https://sfgate.com</url>
      <icon>faCog</icon>
    </action>
    <action>
      <url>http://woothemes.com</url>
      <icon>faCode</icon>
    </action>
    <action>
      <url>https://ning.com</url>
      <icon>faSync</icon>
    </action>
  </actions>
</person>