<?xml version="1.0" encoding="UTF-8" standalone="yes"?>
<person>
  <personId>10018</personId>
  <nameGroup>
    <givenname>
      <value>Mabelle</value>
    </givenname>
    <surname>
      <value>Veryan</value>
    </surname>
    <fullname>
      <classification>S</classification>
      <restricted>false</restricted>
      <value>Mabelle Veryan </value>
      <source>
        <name>Wall Street Journal</name>
        <ts>2017-11-14T12:12:43Z</ts>
      </source>
      <source>
        <name>Washington Post</name>
        <ts>2013-08-05T14:49:31Z</ts>
      </source>
    </fullname>
  </nameGroup>
  <emails>
    <email>
      <value>mkinnen0@sakura.ne.jp</value>
      <classification>C</classification>
      <restricted>false</restricted>
    </email>
  </emails>
  <phone>911-312-1000</phone>
  <contacts>
    <contact>
      <type>email</type>
      <value>gbenkin0@comcast.net</value>
    </contact>
    <contact>
      <type>email</type>
      <value>smartschke1@examiner.com</value>
    </contact>
    <contact>
      <type>email</type>
      <value>tmayho2@1und1.de</value>
    </contact>
  </contacts>
  <ssn>
    <value>316-40-4085</value>
    <classification>(S)</classification>
  </ssn>
  <images>
    <image>
      <url>/images/persons/person-04.jpg</url>
      <source>
        <name>Washington Post</name>
        <ts>2014-01-08T20:02:26Z</ts>
        <uploadedBy>rhartmann0</uploadedBy>
      </source>
    </image>
    <image>
      <url>/images/persons/person-05.jpg</url>
      <source>
        <name>Wall Street Journal</name>
        <ts>2017-07-11T17:56:01Z</ts>
        <uploadedBy>cclifft0</uploadedBy>
      </source>
    </image>
    <image>
      <url>/images/persons/person-07.jpg</url>
      <source>
        <name>USA Today</name>
        <ts>2018-10-21T18:36:07Z</ts>
        <uploadedBy>arebillard0</uploadedBy>
      </source>
    </image>
  </images>
  <addresses>
    <address>
      <street>2 Graedel Lane</street>
      <city>Charleston</city>
      <state>SC</state>
      <postal>29424</postal>
      <country>United States</country>
      <latitude>32.7831</latitude>
      <longitude>-79.937</longitude>
    </address>
    <address>
      <street>1 Summer Ridge Parkway</street>
      <city>Charleston</city>
      <state>SC</state>
      <postal>29403</postal>
      <country>United States</country>
      <latitude>32.7976</latitude>
      <longitude>-79.9493</longitude>
    </address>
    <address>
      <street>9 Forest Dale Trail</street>
      <city>Atlanta</city>
      <state>GA</state>
      <postal>30301</postal>
      <country>United States</country>
      <latitude>33.8444</latitude>
      <longitude>-84.474</longitude>
    </address>
  </addresses>
  <schools>
    <school>
      <country>Mexico</country>
      <name>Universidad Veracruzana</name>
      <city>20 de Noviembre</city>
      <state>COA</state>
      <postal>30478</postal>
      <latitude>19.4449916</latitude>
      <longitude>-99.1082647</longitude>
      <source>
        <name>USA Today</name>
        <ts>2010-04-11T00:46:14Z</ts>
      </source>
    </school>
    <school>
      <country>United States</country>
      <name>Chowan College</name>
      <city>Atlanta</city>
      <state>GA</state>
      <postal>31136</postal>
      <latitude>33.7200336</latitude>
      <longitude>-84.5851994</longitude>
      <source>
        <name>USA Today</name>
        <ts>2012-10-28T15:32:47Z</ts>
      </source>
      <source>
        <name>New York Times</name>
        <ts>2019-08-29T01:50:39Z</ts>
      </source>
    </school>
  </schools>
  <status>Active</status>
  <sources>
    <source>
      <name>Wall Street Journal</name>
      <ts>2017-08-12T01:53:52Z</ts>
    </source>
  </sources>
  <sources>
    <source>
      <name>Wall Street Journal</name>
      <ts>2016-08-05T05:29:25Z</ts>
    </source>
  </sources>
  <relations>
    <relation>
      <id>/person/10061.xml</id>
      <predicate>worksWith</predicate>
      <imageSrc>/images/persons/person-03.jpg</imageSrc>
      <fullname>Cynde De la Yglesias </fullname>
      <city>Madison</city>
      <state>WI</state>
    </relation>
    <relation>
      <id>/person/10067.xml</id>
      <predicate>livesWith</predicate>
      <imageSrc>/images/persons/person-06.jpg</imageSrc>
      <fullname>Brnaba Boscott </fullname>
      <city>San Antonio</city>
      <state>TX</state>
    </relation>
  </relations>
  <createdOn>
    <ts>2022-02-12T20:48:23Z</ts>
    <user>mveryanh</user>
  </createdOn>
  <lastUpdated>
    <ts>2022-01-20T19:48:42Z</ts>
    <user>mveryanh</user>
  </lastUpdated>
  <socials>
    <social>
      <site>facebook</site>
      <handle/>
      <address>http://cornell.edu/in/faucibus/orci/luctus/et.png</address>
    </social>
    <social>
      <site>facebook</site>
      <handle>ijackes1</handle>
      <address>http://yelp.com/fusce/posuere/felis/sed/lacus/morbi/sem.png</address>
    </social>
  </socials>
  <memberships/>
  <links>
    <link>
      <label>Quick View</label>
      <url>https://huffingtonpost.com</url>
      <icon>faEye</icon>
    </link>
    <link>
      <label>Nomination History</label>
      <url>http://ted.com</url>
      <icon>faMedal</icon>
    </link>
    <link>
      <label>Comments</label>
      <url>http://behance.net</url>
      <icon>faComments</icon>
    </link>
  </links>
  <activities>
    <activity>
      <predicate>movedTo</predicate>
      <place>Fanoodle</place>
      <predplace>movedTo Fanoodle</predplace>
      <ts>2012-01-02T07:39:13Z</ts>
      <source>
        <name>USA Today</name>
        <ts>2021-06-08T04:51:56Z</ts>
        <createdBy>Nicky Capps</createdBy>
        <approvedBy>Davidde Schwaiger</approvedBy>
      </source>
    </activity>
    <activity>
      <predicate>movedTo</predicate>
      <place>Twimbo</place>
      <predplace>movedTo Twimbo</predplace>
      <ts>2015-06-03T00:29:59Z</ts>
      <source>
        <name>New York Times</name>
        <ts>2020-09-20T06:40:18Z</ts>
        <createdBy>Rebbecca Lowery</createdBy>
        <approvedBy>Jammal Popescu</approvedBy>
      </source>
    </activity>
    <activity>
      <predicate>movedTo</predicate>
      <place>Jatri</place>
      <predplace>movedTo Jatri</predplace>
      <ts>2018-06-17T08:39:14Z</ts>
      <source>
        <name>Chicago Tribune</name>
        <ts>2021-11-15T04:35:26Z</ts>
        <createdBy>Rianon Valerio</createdBy>
        <approvedBy>Chev Bullas</approvedBy>
      </source>
    </activity>
  </activities>
  <events>
    <event>
      <predicate>livedIn</predicate>
      <place>Serbia</place>
      <predplace>livedIn Serbia</predplace>
      <end>2017-07-09T05:52:31Z</end>
      <start>2014-07-28T06:08:02Z</start>
    </event>
  </events>
  <actions>
    <action>
      <url>https://sohu.com</url>
      <icon>faCog</icon>
    </action>
    <action>
      <url>http://infoseek.co.jp</url>
      <icon>faCode</icon>
    </action>
    <action>
      <url>http://ca.gov</url>
      <icon>faSync</icon>
    </action>
  </actions>
</person>