<?xml version="1.0" encoding="UTF-8" standalone="yes"?>
<person>
  <personId>10029</personId>
  <nameGroup>
    <givenname>
      <value>Dilly</value>
    </givenname>
    <surname>
      <value>Berdale</value>
    </surname>
    <fullname>
      <classification>S</classification>
      <restricted>true</restricted>
      <value>Dilly Berdale </value>
      <source>
        <name>USA Today</name>
        <ts>2012-09-25T15:34:56Z</ts>
      </source>
    </fullname>
  </nameGroup>
  <emails>
    <email>
      <value>ehenrichsen0@umn.edu</value>
      <classification>S</classification>
      <restricted>false</restricted>
    </email>
  </emails>
  <phone>593-585-2038</phone>
  <contacts>
    <contact>
      <type>email</type>
      <value>lworld0@ask.com</value>
    </contact>
    <contact>
      <type>email</type>
      <value>bszubert1@google.it</value>
    </contact>
    <contact>
      <type>phone</type>
      <value>708-346-6144</value>
    </contact>
  </contacts>
  <ssn>
    <value>181-96-4441</value>
    <classification>(S)</classification>
  </ssn>
  <images>
    <image>
      <url>/images/persons/person-05.jpg</url>
      <source>
        <name>Washington Post</name>
        <ts>2021-04-02T23:20:40Z</ts>
        <uploadedBy>cblackmuir0</uploadedBy>
      </source>
    </image>
    <image>
      <url>/images/persons/person-02.jpg</url>
      <source>
        <name>Wall Street Journal</name>
        <ts>2014-03-24T14:54:49Z</ts>
        <uploadedBy>cmcloughlin0</uploadedBy>
      </source>
    </image>
    <image>
      <url>/images/persons/person-02.jpg</url>
      <source>
        <name>Wall Street Journal</name>
        <ts>2010-06-09T20:05:51Z</ts>
        <uploadedBy>lgrunnill0</uploadedBy>
      </source>
    </image>
  </images>
  <addresses>
    <address>
      <street>63 Roth Circle</street>
      <city>Atlanta</city>
      <state>GA</state>
      <postal>30368</postal>
      <country>United States</country>
      <latitude>33.8444</latitude>
      <longitude>-84.474</longitude>
    </address>
  </addresses>
  <schools>
    <school>
      <country>Mexico</country>
      <name>Universidad Juárez Autónoma de Tabasco</name>
      <city>La Concepcion</city>
      <state>VER</state>
      <postal>92905</postal>
      <latitude>19.3461943</latitude>
      <longitude>-99.1588734</longitude>
      <source>
        <name>USA Today</name>
        <ts>2010-01-04T00:30:24Z</ts>
      </source>
      <source>
        <name>New York Times</name>
        <ts>2016-09-25T22:29:56Z</ts>
      </source>
      <source>
        <name>Chicago Tribune</name>
        <ts>2016-07-24T05:08:45Z</ts>
      </source>
    </school>
  </schools>
  <status>Inactive</status>
  <sources>
    <source>
      <name>USA Today</name>
      <ts>2017-12-23T01:36:17Z</ts>
    </source>
  </sources>
  <sources>
    <source>
      <name>New York Times</name>
      <ts>2021-06-24T08:34:04Z</ts>
    </source>
  </sources>
  <relations>
    <relation>
      <id>/person/10062.xml</id>
      <predicate>relatedTo</predicate>
      <imageSrc>/images/persons/person-05.jpg</imageSrc>
      <fullname>Rem Spolton </fullname>
      <city>Philadelphia</city>
      <state>PA</state>
    </relation>
    <relation>
      <id>/person/10034.xml</id>
      <predicate>livesWith</predicate>
      <imageSrc>/images/persons/person-03.jpg</imageSrc>
      <fullname>Hector Madeley </fullname>
      <city>Indianapolis</city>
      <state>IN</state>
    </relation>
  </relations>
  <createdOn>
    <ts>2022-02-09T22:53:09Z</ts>
    <user>dberdales</user>
  </createdOn>
  <lastUpdated>
    <ts>2022-02-27T05:18:05Z</ts>
    <user>dberdales</user>
  </lastUpdated>
  <socials/>
  <memberships/>
  <links>
    <link>
      <label>Quick View</label>
      <url>http://apache.org</url>
      <icon>faEye</icon>
    </link>
    <link>
      <label>Nomination History</label>
      <url>https://goo.gl</url>
      <icon>faMedal</icon>
    </link>
    <link>
      <label>Comments</label>
      <url>https://netvibes.com</url>
      <icon>faComments</icon>
    </link>
  </links>
  <activities>
    <activity>
      <predicate>movedTo</predicate>
      <place>Abata</place>
      <predplace>movedTo Abata</predplace>
      <ts>2015-11-10T13:45:34Z</ts>
      <source>
        <name>USA Today</name>
        <ts>2020-01-28T00:43:09Z</ts>
        <createdBy>Lynett Rouf</createdBy>
        <approvedBy>Matias Letcher</approvedBy>
      </source>
    </activity>
    <activity>
      <predicate>transferredTo</predicate>
      <place>Twinder</place>
      <predplace>transferredTo Twinder</predplace>
      <ts>2017-04-11T06:47:02Z</ts>
      <source>
        <name>New York Times</name>
        <ts>2020-04-05T15:34:31Z</ts>
        <createdBy>Edgard Bernardet</createdBy>
        <approvedBy>Laurie Georgiev</approvedBy>
      </source>
    </activity>
    <activity>
      <predicate>movedTo</predicate>
      <place>Zooxo</place>
      <predplace>movedTo Zooxo</predplace>
      <ts>2012-07-19T17:51:15Z</ts>
      <source>
        <name>Chicago Tribune</name>
        <ts>2021-04-18T16:47:33Z</ts>
        <createdBy>Byrann McMechan</createdBy>
        <approvedBy>Velvet Elcox</approvedBy>
      </source>
    </activity>
  </activities>
  <events>
    <event>
      <predicate>servedIn</predicate>
      <place>China</place>
      <predplace>servedIn China</predplace>
      <end>2017-06-28T19:16:04Z</end>
      <start>2016-06-18T05:54:09Z</start>
    </event>
  </events>
  <actions>
    <action>
      <url>https://sohu.com</url>
      <icon>faCog</icon>
    </action>
    <action>
      <url>https://woothemes.com</url>
      <icon>faCode</icon>
    </action>
    <action>
      <url>http://shinystat.com</url>
      <icon>faSync</icon>
    </action>
  </actions>
</person>