<?xml version="1.0" encoding="UTF-8" standalone="yes"?>
<person>
  <personId>10024</personId>
  <nameGroup>
    <givenname>
      <value>Danyette</value>
    </givenname>
    <surname>
      <value>Burdett</value>
    </surname>
    <fullname>
      <classification>U</classification>
      <restricted>true</restricted>
      <value>Danyette Burdett </value>
      <source>
        <name>Los Angeles Times</name>
        <ts>2011-06-30T13:56:40Z</ts>
      </source>
      <source>
        <name>USA Today</name>
        <ts>2011-11-12T22:34:02Z</ts>
      </source>
      <source>
        <name>Chicago Tribune</name>
        <ts>2011-03-11T00:33:55Z</ts>
      </source>
    </fullname>
  </nameGroup>
  <emails>
    <email>
      <value>abaack0@reverbnation.com</value>
      <classification>C</classification>
      <restricted>false</restricted>
    </email>
  </emails>
  <phone>453-368-7861</phone>
  <contacts>
    <contact>
      <type>email</type>
      <value>fhaseley0@mozilla.org</value>
    </contact>
    <contact>
      <type>email</type>
      <value>kbeushaw1@sciencedirect.com</value>
    </contact>
    <contact>
      <type>phone</type>
      <value>597-223-1663</value>
    </contact>
  </contacts>
  <ssn>
    <value>156-32-7759</value>
    <classification>(S)</classification>
  </ssn>
  <images>
    <image>
      <url>/images/persons/person-05.jpg</url>
      <source>
        <name>Los Angeles Times</name>
        <ts>2012-03-31T05:08:12Z</ts>
        <uploadedBy>aattiwill0</uploadedBy>
      </source>
    </image>
    <image>
      <url>/images/persons/person-06.jpg</url>
      <source>
        <name>Chicago Tribune</name>
        <ts>2015-02-22T07:01:19Z</ts>
        <uploadedBy/>
      </source>
    </image>
  </images>
  <addresses>
    <address>
      <street>25 Buhler Lane</street>
      <city>New York City</city>
      <state>NY</state>
      <postal>10184</postal>
      <country>United States</country>
      <latitude>40.7808</latitude>
      <longitude>-73.9772</longitude>
    </address>
    <address>
      <street>81588 Old Gate Lane</street>
      <city>Washington</city>
      <state>DC</state>
      <postal>20520</postal>
      <country>United States</country>
      <latitude>38.8932</latitude>
      <longitude>-77.049</longitude>
    </address>
    <address>
      <street>4792 Waubesa Plaza</street>
      <city>Spartanburg</city>
      <state>SC</state>
      <postal>29319</postal>
      <country>United States</country>
      <latitude>34.8882</latitude>
      <longitude>-81.969</longitude>
    </address>
  </addresses>
  <schools>
    <school>
      <country>Mexico</country>
      <name>Universidad Insurgentes Plantel León</name>
      <city>Camino Real</city>
      <state>JAL</state>
      <postal>45306</postal>
      <latitude>19.4281922</latitude>
      <longitude>-99.1789859</longitude>
      <source>
        <name>USA Today</name>
        <ts>2018-07-10T19:00:06Z</ts>
      </source>
    </school>
    <school>
      <country>Canada</country>
      <name>University of Saskatchewan</name>
      <city>Pemberton</city>
      <state>BC</state>
      <postal>E1W</postal>
      <latitude>50.31641</latitude>
      <longitude>-122.80273</longitude>
      <source>
        <name>USA Today</name>
        <ts>2012-06-03T03:14:57Z</ts>
      </source>
    </school>
  </schools>
  <status>Active</status>
  <sources>
    <source>
      <name>Washington Post</name>
      <ts>2012-01-29T14:51:01Z</ts>
    </source>
  </sources>
  <sources>
    <source>
      <name>Wall Street Journal</name>
      <ts>2010-10-03T04:58:45Z</ts>
    </source>
  </sources>
  <relations>
    <relation>
      <id>/person/10094.xml</id>
      <predicate>livesWith</predicate>
      <imageSrc>/images/persons/person-09.jpg</imageSrc>
      <fullname>Amanda Funnell </fullname>
      <city>Norman</city>
      <state>OK</state>
    </relation>
    <relation>
      <id>/person/10092.xml</id>
      <predicate>livesWith</predicate>
      <imageSrc>/images/persons/person-07.jpg</imageSrc>
      <fullname>Sharon Forster </fullname>
      <city>Fort Lauderdale</city>
      <state>FL</state>
    </relation>
    <relation>
      <id>/person/10055.xml</id>
      <predicate>livesWith</predicate>
      <imageSrc>/images/persons/person-06.jpg</imageSrc>
      <fullname>Bria Oganian </fullname>
      <city>Austin</city>
      <state>TX</state>
    </relation>
    <relation>
      <id>/person/10072.xml</id>
      <predicate>worksWith</predicate>
      <imageSrc>/images/persons/person-02.jpg</imageSrc>
      <fullname>Garrek Franzewitch </fullname>
      <city>Salt Lake City</city>
      <state>UT</state>
    </relation>
  </relations>
  <createdOn>
    <ts>2022-02-12T04:00:39Z</ts>
    <user>dburdettn</user>
  </createdOn>
  <lastUpdated>
    <ts>2022-01-19T20:30:20Z</ts>
    <user>dburdettn</user>
  </lastUpdated>
  <socials>
    <social>
      <site>twitter</site>
      <handle>bstrut0</handle>
      <address>http://slashdot.org/morbi/vel/lectus/in.aspx</address>
    </social>
    <social>
      <site>linkedin</site>
      <handle>sdignam1</handle>
      <address>http://devhub.com/at/velit/vivamus/vel/nulla.aspx</address>
    </social>
    <social>
      <site>linkedin</site>
      <handle>vtreece2</handle>
      <address>http://newyorker.com/nisl/duis/bibendum/felis/sed/interdum.jpg</address>
    </social>
  </socials>
  <memberships>
    <membership>
      <list>list2</list>
      <important>false</important>
      <ts>2022-01-20</ts>
    </membership>
    <membership>
      <list>list5</list>
      <important>true</important>
      <ts>2022-02-21</ts>
    </membership>
    <membership>
      <list>list3</list>
      <important>true</important>
      <ts>2022-02-24</ts>
    </membership>
  </memberships>
  <links>
    <link>
      <label>Quick View</label>
      <url>https://bloglines.com</url>
      <icon>faEye</icon>
    </link>
    <link>
      <label>Nomination History</label>
      <url>https://geocities.com</url>
      <icon>faMedal</icon>
    </link>
    <link>
      <label>Comments</label>
      <url>https://list-manage.com</url>
      <icon>faComments</icon>
    </link>
  </links>
  <activities>
    <activity>
      <predicate>movedTo</predicate>
      <place>Eadel</place>
      <predplace>movedTo Eadel</predplace>
      <ts>2013-04-15T14:10:47Z</ts>
      <source>
        <name>USA Today</name>
        <ts>2021-09-28T06:04:07Z</ts>
        <createdBy>Faye Eagles</createdBy>
        <approvedBy>Elliott Sleath</approvedBy>
      </source>
    </activity>
    <activity>
      <predicate>transferredTo</predicate>
      <place>Buzzbean</place>
      <predplace>transferredTo Buzzbean</predplace>
      <ts>2017-05-12T18:42:19Z</ts>
      <source>
        <name>New York Times</name>
        <ts>2021-02-07T00:12:46Z</ts>
        <createdBy>Steffie Angell</createdBy>
        <approvedBy>Clint Maden</approvedBy>
      </source>
    </activity>
  </activities>
  <events>
    <event>
      <predicate>servedIn</predicate>
      <place>Yemen</place>
      <predplace>servedIn Yemen</predplace>
      <end>2018-10-11T15:12:46Z</end>
      <start>2014-10-24T19:56:48Z</start>
    </event>
  </events>
  <actions>
    <action>
      <url>http://thetimes.co.uk</url>
      <icon>faCog</icon>
    </action>
    <action>
      <url>https://weather.com</url>
      <icon>faCode</icon>
    </action>
    <action>
      <url>http://baidu.com</url>
      <icon>faSync</icon>
    </action>
  </actions>
</person>