<?xml version="1.0" encoding="UTF-8" standalone="yes"?>
<person>
  <personId>10027</personId>
  <nameGroup>
    <givenname>
      <value>Wiatt</value>
    </givenname>
    <surname>
      <value>Troyes</value>
    </surname>
    <fullname>
      <classification>S</classification>
      <restricted>true</restricted>
      <value>Wiatt Troyes </value>
      <source>
        <name>Wall Street Journal</name>
        <ts>2015-07-22T01:23:33Z</ts>
      </source>
    </fullname>
  </nameGroup>
  <emails>
    <email>
      <value>tbradder0@phpbb.com</value>
      <classification>S</classification>
      <restricted>false</restricted>
    </email>
  </emails>
  <phone>167-708-2763</phone>
  <contacts>
    <contact>
      <type>email</type>
      <value>ptrengove0@elpais.com</value>
    </contact>
    <contact>
      <type>phone</type>
      <value>107-624-1459</value>
    </contact>
    <contact>
      <type>email</type>
      <value>mcoggings2@people.com.cn</value>
    </contact>
  </contacts>
  <ssn>
    <value>455-58-2279</value>
    <classification>(S)</classification>
  </ssn>
  <images>
    <image>
      <url>/images/persons/person-05.jpg</url>
      <source>
        <name>Los Angeles Times</name>
        <ts>2017-09-22T01:53:19Z</ts>
        <uploadedBy>sbaty0</uploadedBy>
      </source>
    </image>
    <image>
      <url>/images/persons/person-10.jpg</url>
      <source>
        <name>Washington Post</name>
        <ts>2020-03-26T14:43:06Z</ts>
        <uploadedBy>gdullingham0</uploadedBy>
      </source>
    </image>
  </images>
  <addresses>
    <address>
      <street>86121 La Follette Court</street>
      <city>Monroe</city>
      <state>LA</state>
      <postal>71208</postal>
      <country>United States</country>
      <latitude>32.4968</latitude>
      <longitude>-92.0756</longitude>
    </address>
    <address>
      <street>2822 Graedel Place</street>
      <city>Knoxville</city>
      <state>TN</state>
      <postal>37931</postal>
      <country>United States</country>
      <latitude>35.9924</latitude>
      <longitude>-84.1201</longitude>
    </address>
    <address>
      <street>39795 Ramsey Junction</street>
      <city>Helena</city>
      <state>MT</state>
      <postal>59623</postal>
      <country>United States</country>
      <latitude>46.5901</latitude>
      <longitude>-112.0402</longitude>
    </address>
  </addresses>
  <schools>
    <school>
      <country>United States</country>
      <name>Pacifica Graduate Institute</name>
      <city>Alexandria</city>
      <state>VA</state>
      <postal>22313</postal>
      <latitude>38.8</latitude>
      <longitude>-77.05</longitude>
      <source>
        <name>USA Today</name>
        <ts>2018-11-13T23:55:45Z</ts>
      </source>
      <source>
        <name>New York Times</name>
        <ts>2015-02-01T07:35:08Z</ts>
      </source>
    </school>
  </schools>
  <status>Active</status>
  <sources>
    <source>
      <name>Chicago Tribune</name>
      <ts>2016-09-14T23:42:28Z</ts>
    </source>
  </sources>
  <relations>
    <relation>
      <id>/person/10049.xml</id>
      <predicate>livesWith</predicate>
      <imageSrc>/images/persons/person-02.jpg</imageSrc>
      <fullname>Bianka Howsego </fullname>
      <city>Colorado Springs</city>
      <state>CO</state>
    </relation>
    <relation>
      <id>/person/10007.xml</id>
      <predicate>livesWith</predicate>
      <imageSrc>/images/persons/person-02.jpg</imageSrc>
      <fullname>Reuven Wyman </fullname>
      <city>Philadelphia</city>
      <state>PA</state>
    </relation>
    <relation>
      <id>/person/10065.xml</id>
      <predicate>livesWith</predicate>
      <imageSrc>/images/persons/person-09.jpg</imageSrc>
      <fullname>Anastasie McAllaster </fullname>
      <city>San Jose</city>
      <state>CA</state>
    </relation>
    <relation>
      <id>/person/10020.xml</id>
      <predicate>livesWith</predicate>
      <imageSrc>/images/persons/person-07.jpg</imageSrc>
      <fullname>Susette Cridland </fullname>
      <city>San Antonio</city>
      <state>TX</state>
    </relation>
  </relations>
  <createdOn>
    <ts>2022-01-17T13:34:58Z</ts>
    <user>wtroyesq</user>
  </createdOn>
  <lastUpdated>
    <ts>2022-02-09T23:04:59Z</ts>
    <user>wtroyesq</user>
  </lastUpdated>
  <socials/>
  <memberships>
    <membership>
      <list>list8</list>
      <important>true</important>
      <ts>2022-02-11</ts>
    </membership>
    <membership>
      <list>list5</list>
      <important>true</important>
      <ts>2022-01-25</ts>
    </membership>
  </memberships>
  <links>
    <link>
      <label>Quick View</label>
      <url>https://hp.com</url>
      <icon>faEye</icon>
    </link>
    <link>
      <label>Nomination History</label>
      <url>https://fotki.com</url>
      <icon>faMedal</icon>
    </link>
    <link>
      <label>Comments</label>
      <url>http://shareasale.com</url>
      <icon>faComments</icon>
    </link>
  </links>
  <activities>
    <activity>
      <predicate>movedTo</predicate>
      <place>Innotype</place>
      <predplace>movedTo Innotype</predplace>
      <ts>2018-03-27T14:56:44Z</ts>
      <source>
        <name>USA Today</name>
        <ts>2021-05-12T02:18:43Z</ts>
        <createdBy>Marleen Garwell</createdBy>
        <approvedBy>Felizio Corrao</approvedBy>
      </source>
    </activity>
    <activity>
      <predicate>movedTo</predicate>
      <place>LiveZ</place>
      <predplace>movedTo LiveZ</predplace>
      <ts>2018-04-08T03:38:56Z</ts>
      <source>
        <name>New York Times</name>
        <ts>2021-08-11T01:05:11Z</ts>
        <createdBy>Darci Adran</createdBy>
        <approvedBy>Elizabet Gradon</approvedBy>
      </source>
    </activity>
    <activity>
      <predicate>startedAt</predicate>
      <place>Ooba</place>
      <predplace>startedAt Ooba</predplace>
      <ts>2014-11-20T22:18:40Z</ts>
      <source>
        <name>Chicago Tribune</name>
        <ts>2020-08-18T23:10:09Z</ts>
        <createdBy>Charles Salatino</createdBy>
        <approvedBy>Aeriell Bassingham</approvedBy>
      </source>
    </activity>
    <activity>
      <predicate>startedAt</predicate>
      <place>Myworks</place>
      <predplace>startedAt Myworks</predplace>
      <ts>2017-10-14T15:27:38Z</ts>
      <source>
        <name>Los Angeles Times</name>
        <ts>2020-11-08T04:21:59Z</ts>
        <createdBy>Bartlet Berdale</createdBy>
        <approvedBy>Phineas Rolinson</approvedBy>
      </source>
    </activity>
    <activity>
      <predicate>startedAt</predicate>
      <place>Kimia</place>
      <predplace>startedAt Kimia</predplace>
      <ts>2015-07-09T20:55:15Z</ts>
      <source>
        <name>Wall Street Journal</name>
        <ts>2021-03-02T20:57:01Z</ts>
        <createdBy>Margarette Paunsford</createdBy>
        <approvedBy>Kermie Takos</approvedBy>
      </source>
    </activity>
  </activities>
  <events>
    <event>
      <predicate>livedIn</predicate>
      <place>Iran</place>
      <predplace>livedIn Iran</predplace>
      <end>2017-06-22T22:10:47Z</end>
      <start>2016-04-21T22:14:38Z</start>
    </event>
  </events>
  <actions>
    <action>
      <url>http://tiny.cc</url>
      <icon>faCog</icon>
    </action>
    <action>
      <url>http://ihg.com</url>
      <icon>faCode</icon>
    </action>
    <action>
      <url>http://example.com</url>
      <icon>faSync</icon>
    </action>
  </actions>
</person>