<?xml version="1.0" encoding="UTF-8" standalone="yes"?>
<person>
  <personId>10022</personId>
  <nameGroup>
    <givenname>
      <value>Parrnell</value>
    </givenname>
    <surname>
      <value>Chandler</value>
    </surname>
    <fullname>
      <classification>C</classification>
      <restricted>false</restricted>
      <value>Parrnell Chandler </value>
      <source>
        <name>Los Angeles Times</name>
        <ts>2021-01-24T16:59:45Z</ts>
      </source>
    </fullname>
  </nameGroup>
  <emails>
    <email>
      <value>adrew0@prlog.org</value>
      <classification>C</classification>
      <restricted>false</restricted>
    </email>
    <email>
      <value>dmcmillan1@weebly.com</value>
      <classification>C</classification>
      <restricted>false</restricted>
    </email>
  </emails>
  <phone>953-119-4777</phone>
  <contacts>
    <contact>
      <type>email</type>
      <value>odickinson0@sfgate.com</value>
    </contact>
    <contact>
      <type>email</type>
      <value>rkells1@wiley.com</value>
    </contact>
    <contact>
      <type>phone</type>
      <value>813-112-1557</value>
    </contact>
  </contacts>
  <ssn>
    <value>331-13-5932</value>
    <classification>(S)</classification>
  </ssn>
  <images>
    <image>
      <url>/images/persons/person-07.jpg</url>
      <source>
        <name>New York Times</name>
        <ts>2015-06-08T07:44:33Z</ts>
        <uploadedBy>rstirley0</uploadedBy>
      </source>
    </image>
  </images>
  <addresses>
    <address>
      <street>560 Sachtjen Hill</street>
      <city>El Paso</city>
      <state>TX</state>
      <postal>88589</postal>
      <country>United States</country>
      <latitude>31.6948</latitude>
      <longitude>-106.3</longitude>
    </address>
  </addresses>
  <schools>
    <school>
      <country>Mexico</country>
      <name>Universidad Iberoamericana</name>
      <city>Benito Juarez</city>
      <state>COL</state>
      <postal>31770</postal>
      <latitude>22.2016816</latitude>
      <longitude>-97.8367954</longitude>
      <source>
        <name>USA Today</name>
        <ts>2017-03-16T11:47:00Z</ts>
      </source>
      <source>
        <name>New York Times</name>
        <ts>2011-11-13T16:07:15Z</ts>
      </source>
      <source>
        <name>Chicago Tribune</name>
        <ts>2011-12-25T05:11:45Z</ts>
      </source>
    </school>
  </schools>
  <status>Inactive</status>
  <sources>
    <source>
      <name>Washington Post</name>
      <ts>2010-03-06T09:55:25Z</ts>
    </source>
  </sources>
  <relations>
    <relation>
      <id>/person/10050.xml</id>
      <predicate>relatedTo</predicate>
      <imageSrc>/images/persons/person-01.jpg</imageSrc>
      <fullname>Orland Mears </fullname>
      <city>Houston</city>
      <state>TX</state>
    </relation>
    <relation>
      <id>/person/10053.xml</id>
      <predicate>worksWith</predicate>
      <imageSrc>/images/persons/person-09.jpg</imageSrc>
      <fullname>Claire Michelet </fullname>
      <city>Alhambra</city>
      <state>CA</state>
    </relation>
    <relation>
      <id>/person/10060.xml</id>
      <predicate>livesWith</predicate>
      <imageSrc>/images/persons/person-02.jpg</imageSrc>
      <fullname>Hilda Jahns </fullname>
      <city>San Jose</city>
      <state>CA</state>
    </relation>
    <relation>
      <id>/person/10039.xml</id>
      <predicate>worksWith</predicate>
      <imageSrc>/images/persons/person-08.jpg</imageSrc>
      <fullname>April Archley </fullname>
      <city>Durham</city>
      <state>NC</state>
    </relation>
  </relations>
  <createdOn>
    <ts>2022-01-13T08:55:54Z</ts>
    <user>pchandlerl</user>
  </createdOn>
  <lastUpdated>
    <ts>2022-01-28T07:42:37Z</ts>
    <user>pchandlerl</user>
  </lastUpdated>
  <socials/>
  <memberships>
    <membership>
      <list>list5</list>
      <important>true</important>
      <ts>2022-01-12</ts>
    </membership>
    <membership>
      <list>list2</list>
      <important>false</important>
      <ts>2022-01-25</ts>
    </membership>
    <membership>
      <list>list1</list>
      <important>false</important>
      <ts>2022-01-06</ts>
    </membership>
    <membership>
      <list>list11</list>
      <important>true</important>
      <ts>2022-01-27</ts>
    </membership>
    <membership>
      <list>list4</list>
      <important>true</important>
      <ts>2022-01-01</ts>
    </membership>
  </memberships>
  <links>
    <link>
      <label>Quick View</label>
      <url>https://scribd.com</url>
      <icon>faEye</icon>
    </link>
    <link>
      <label>Nomination History</label>
      <url>https://sbwire.com</url>
      <icon>faMedal</icon>
    </link>
    <link>
      <label>Comments</label>
      <url>http://slideshare.net</url>
      <icon>faComments</icon>
    </link>
  </links>
  <activities>
    <activity>
      <predicate>endedAt</predicate>
      <place>Mudo</place>
      <predplace>endedAt Mudo</predplace>
      <ts>2017-03-28T06:34:55Z</ts>
      <source>
        <name>USA Today</name>
        <ts>2020-07-21T10:55:49Z</ts>
        <createdBy>Goraud Klementz</createdBy>
        <approvedBy>Berenice Venner</approvedBy>
      </source>
    </activity>
    <activity>
      <predicate>startedAt</predicate>
      <place>Oloo</place>
      <predplace>startedAt Oloo</predplace>
      <ts>2012-12-13T09:22:01Z</ts>
      <source>
        <name>New York Times</name>
        <ts>2021-10-20T15:59:26Z</ts>
        <createdBy>Eilis Bulled</createdBy>
        <approvedBy>Anne-corinne Nicol</approvedBy>
      </source>
    </activity>
    <activity>
      <predicate>endedAt</predicate>
      <place>Eare</place>
      <predplace>endedAt Eare</predplace>
      <ts>2020-01-07T23:07:25Z</ts>
      <source>
        <name>Chicago Tribune</name>
        <ts>2021-06-18T08:11:47Z</ts>
        <createdBy>Horace McMenamie</createdBy>
        <approvedBy>Alexei Winsborrow</approvedBy>
      </source>
    </activity>
  </activities>
  <events>
    <event>
      <predicate>servedIn</predicate>
      <place>France</place>
      <predplace>servedIn France</predplace>
      <end>2018-06-29T16:45:24Z</end>
      <start>2014-01-25T12:25:37Z</start>
    </event>
  </events>
  <actions>
    <action>
      <url>https://so-net.ne.jp</url>
      <icon>faCog</icon>
    </action>
    <action>
      <url>http://answers.com</url>
      <icon>faCode</icon>
    </action>
    <action>
      <url>http://icio.us</url>
      <icon>faSync</icon>
    </action>
  </actions>
</person>