<?xml version="1.0" encoding="UTF-8" standalone="yes"?>
<person>
  <personId>10023</personId>
  <nameGroup>
    <givenname>
      <value>Wynne</value>
    </givenname>
    <surname>
      <value>Laing</value>
    </surname>
    <fullname>
      <classification>C</classification>
      <restricted>false</restricted>
      <value>Wynne Laing </value>
      <source>
        <name>New York Times</name>
        <ts>2016-12-21T17:31:34Z</ts>
      </source>
    </fullname>
  </nameGroup>
  <emails>
    <email>
      <value>gbaff0@flickr.com</value>
      <classification>U</classification>
      <restricted>false</restricted>
    </email>
  </emails>
  <phone>835-904-1705</phone>
  <contacts>
    <contact>
      <type>email</type>
      <value>lgrahame0@usnews.com</value>
    </contact>
    <contact>
      <type>phone</type>
      <value>872-668-0781</value>
    </contact>
    <contact>
      <type>email</type>
      <value>sauchterlonie2@umich.edu</value>
    </contact>
  </contacts>
  <ssn>
    <value>100-59-0598</value>
    <classification>(S)</classification>
  </ssn>
  <images>
    <image>
      <url>/images/persons/person-01.jpg</url>
      <source>
        <name>Wall Street Journal</name>
        <ts>2019-08-28T12:09:02Z</ts>
        <uploadedBy>jjosephoff0</uploadedBy>
      </source>
    </image>
    <image>
      <url>/images/persons/person-01.jpg</url>
      <source>
        <name>Los Angeles Times</name>
        <ts>2017-01-07T17:11:28Z</ts>
        <uploadedBy>idearnaley0</uploadedBy>
      </source>
    </image>
    <image>
      <url>/images/persons/person-01.jpg</url>
      <source>
        <name>Chicago Tribune</name>
        <ts>2020-05-25T05:11:11Z</ts>
        <uploadedBy>cmalser0</uploadedBy>
      </source>
    </image>
  </images>
  <addresses>
    <address>
      <street>49063 Southridge Pass</street>
      <city>Lancaster</city>
      <state>PA</state>
      <postal>17622</postal>
      <country>United States</country>
      <latitude>40.0418</latitude>
      <longitude>-76.3012</longitude>
    </address>
    <address>
      <street>046 Michigan Terrace</street>
      <city>Toledo</city>
      <state>OH</state>
      <postal>43635</postal>
      <country>United States</country>
      <latitude>41.6868</latitude>
      <longitude>-83.4394</longitude>
    </address>
  </addresses>
  <schools>
    <school>
      <country>Mexico</country>
      <name>Universidad Intercontinental</name>
      <city>Venustiano Carranza</city>
      <state>VER</state>
      <postal>93848</postal>
      <latitude>20.5083303</latitude>
      <longitude>-97.6724456</longitude>
      <source>
        <name>USA Today</name>
        <ts>2017-06-16T12:18:24Z</ts>
      </source>
      <source>
        <name>New York Times</name>
        <ts>2011-01-05T15:05:07Z</ts>
      </source>
      <source>
        <name>Chicago Tribune</name>
        <ts>2013-03-03T19:23:23Z</ts>
      </source>
    </school>
  </schools>
  <status>Active</status>
  <sources>
    <source>
      <name>New York Times</name>
      <ts>2012-12-07T07:17:21Z</ts>
    </source>
  </sources>
  <sources>
    <source>
      <name>USA Today</name>
      <ts>2012-02-16T14:45:20Z</ts>
    </source>
  </sources>
  <sources>
    <source>
      <name>Los Angeles Times</name>
      <ts>2021-02-20T23:30:08Z</ts>
    </source>
  </sources>
  <relations>
    <relation>
      <id>/person/10039.xml</id>
      <predicate>worksWith</predicate>
      <imageSrc>/images/persons/person-08.jpg</imageSrc>
      <fullname>April Archley </fullname>
      <city>Durham</city>
      <state>NC</state>
    </relation>
    <relation>
      <id>/person/10029.xml</id>
      <predicate>worksWith</predicate>
      <imageSrc>/images/persons/person-05.jpg</imageSrc>
      <fullname>Dilly Berdale </fullname>
      <city>Atlanta</city>
      <state>GA</state>
    </relation>
    <relation>
      <id>/person/10016.xml</id>
      <predicate>worksWith</predicate>
      <imageSrc>/images/persons/person-05.jpg</imageSrc>
      <fullname>Christel O'Longain </fullname>
      <city>New York City</city>
      <state>NY</state>
    </relation>
    <relation>
      <id>/person/10044.xml</id>
      <predicate>worksWith</predicate>
      <imageSrc>/images/persons/person-09.jpg</imageSrc>
      <fullname>Theodosia Rayment </fullname>
      <city>Seattle</city>
      <state>WA</state>
    </relation>
    <relation>
      <id>/person/10079.xml</id>
      <predicate>relatedTo</predicate>
      <imageSrc>/images/persons/person-02.jpg</imageSrc>
      <fullname>Duke Hanson </fullname>
      <city>Trenton</city>
      <state>NJ</state>
    </relation>
  </relations>
  <createdOn>
    <ts>2022-02-18T21:53:07Z</ts>
    <user>wlaingm</user>
  </createdOn>
  <lastUpdated>
    <ts>2022-02-20T06:08:09Z</ts>
    <user>wlaingm</user>
  </lastUpdated>
  <socials/>
  <memberships>
    <membership>
      <list>list7</list>
      <important>false</important>
      <ts>2022-02-01</ts>
    </membership>
    <membership>
      <list>list4</list>
      <important>true</important>
      <ts>2022-01-27</ts>
    </membership>
  </memberships>
  <links>
    <link>
      <label>Quick View</label>
      <url>https://reverbnation.com</url>
      <icon>faEye</icon>
    </link>
    <link>
      <label>Nomination History</label>
      <url>https://netscape.com</url>
      <icon>faMedal</icon>
    </link>
    <link>
      <label>Comments</label>
      <url>http://odnoklassniki.ru</url>
      <icon>faComments</icon>
    </link>
  </links>
  <activities>
    <activity>
      <predicate>startedAt</predicate>
      <place>Zoomzone</place>
      <predplace>startedAt Zoomzone</predplace>
      <ts>2013-07-22T20:04:51Z</ts>
      <source>
        <name>USA Today</name>
        <ts>2021-01-17T03:34:31Z</ts>
        <createdBy>Merissa Braithwait</createdBy>
        <approvedBy>Gregorio Bibby</approvedBy>
      </source>
    </activity>
    <activity>
      <predicate>transferredTo</predicate>
      <place>Twimm</place>
      <predplace>transferredTo Twimm</predplace>
      <ts>2013-12-17T11:56:01Z</ts>
      <source>
        <name>New York Times</name>
        <ts>2021-07-15T11:21:46Z</ts>
        <createdBy>Camille Menear</createdBy>
        <approvedBy>Joycelin Terrell</approvedBy>
      </source>
    </activity>
    <activity>
      <predicate>transferredTo</predicate>
      <place>Yadel</place>
      <predplace>transferredTo Yadel</predplace>
      <ts>2019-09-11T07:21:06Z</ts>
      <source>
        <name>Chicago Tribune</name>
        <ts>2021-04-04T00:42:35Z</ts>
        <createdBy>Dorry Slowley</createdBy>
        <approvedBy>Packston Forgan</approvedBy>
      </source>
    </activity>
    <activity>
      <predicate>movedTo</predicate>
      <place>Einti</place>
      <predplace>movedTo Einti</predplace>
      <ts>2015-06-27T00:29:38Z</ts>
      <source>
        <name>Los Angeles Times</name>
        <ts>2021-08-30T00:36:18Z</ts>
        <createdBy>Mariska Legges</createdBy>
        <approvedBy>Kenn Heiden</approvedBy>
      </source>
    </activity>
    <activity>
      <predicate>movedTo</predicate>
      <place>Abata</place>
      <predplace>movedTo Abata</predplace>
      <ts>2014-08-21T23:38:29Z</ts>
      <source>
        <name>Wall Street Journal</name>
        <ts>2020-03-05T09:07:10Z</ts>
        <createdBy>Dotti Schwaiger</createdBy>
        <approvedBy>Thibaut Aspray</approvedBy>
      </source>
    </activity>
  </activities>
  <events>
    <event>
      <predicate>livedIn</predicate>
      <place>Russia</place>
      <predplace>livedIn Russia</predplace>
      <end>2017-10-07T16:31:19Z</end>
      <start>2014-12-12T23:43:19Z</start>
    </event>
  </events>
  <actions>
    <action>
      <url>http://typepad.com</url>
      <icon>faCog</icon>
    </action>
    <action>
      <url>http://psu.edu</url>
      <icon>faCode</icon>
    </action>
    <action>
      <url>https://ovh.net</url>
      <icon>faSync</icon>
    </action>
  </actions>
</person>