<?xml version="1.0" encoding="UTF-8" standalone="yes"?>
<person>
  <personId>10021</personId>
  <nameGroup>
    <givenname>
      <value>Harman</value>
    </givenname>
    <surname>
      <value>Doud</value>
    </surname>
    <fullname>
      <classification>C</classification>
      <restricted>true</restricted>
      <value>Harman Doud </value>
      <source>
        <name>Chicago Tribune</name>
        <ts>2018-09-28T11:29:55Z</ts>
      </source>
    </fullname>
  </nameGroup>
  <emails>
    <email>
      <value>agammage0@patch.com</value>
      <classification>C</classification>
      <restricted>false</restricted>
    </email>
  </emails>
  <phone>134-376-0086</phone>
  <contacts>
    <contact>
      <type>email</type>
      <value>lpottell0@jimdo.com</value>
    </contact>
    <contact>
      <type>phone</type>
      <value>373-277-4093</value>
    </contact>
    <contact>
      <type>phone</type>
      <value>191-218-3990</value>
    </contact>
  </contacts>
  <ssn>
    <value>206-37-1754</value>
    <classification>(S)</classification>
  </ssn>
  <images>
    <image>
      <url>/images/persons/person-07.jpg</url>
      <source>
        <name>Los Angeles Times</name>
        <ts>2021-10-18T05:01:55Z</ts>
        <uploadedBy>shardaker0</uploadedBy>
      </source>
    </image>
    <image>
      <url>/images/persons/person-05.jpg</url>
      <source>
        <name>Los Angeles Times</name>
        <ts>2010-02-04T05:34:33Z</ts>
        <uploadedBy/>
      </source>
    </image>
    <image>
      <url>/images/persons/person-07.jpg</url>
      <source>
        <name>Chicago Tribune</name>
        <ts>2012-08-14T17:25:49Z</ts>
        <uploadedBy>tvarns0</uploadedBy>
      </source>
    </image>
    <image>
      <url>/images/persons/person-08.jpg</url>
      <source>
        <name>Chicago Tribune</name>
        <ts>2020-09-29T12:04:42Z</ts>
        <uploadedBy>crossbrooke0</uploadedBy>
      </source>
    </image>
  </images>
  <addresses>
    <address>
      <street>568 Comanche Street</street>
      <city>Lexington</city>
      <state>KY</state>
      <postal>40591</postal>
      <country>United States</country>
      <latitude>38.0283</latitude>
      <longitude>-84.4715</longitude>
    </address>
    <address>
      <street>048 Caliangt Pass</street>
      <city>Saint Petersburg</city>
      <state>FL</state>
      <postal>33705</postal>
      <country>United States</country>
      <latitude>27.7391</latitude>
      <longitude>-82.6435</longitude>
    </address>
  </addresses>
  <schools>
    <school>
      <country>United Kingdom</country>
      <name>University of the West of England, Bristol</name>
      <city>Middleton</city>
      <state>ENG</state>
      <postal>LE16</postal>
      <latitude>52.501244</latitude>
      <longitude>-0.766168</longitude>
      <source>
        <name>USA Today</name>
        <ts>2020-06-29T16:20:46Z</ts>
      </source>
      <source>
        <name>New York Times</name>
        <ts>2016-06-30T14:10:59Z</ts>
      </source>
    </school>
  </schools>
  <status>Inactive</status>
  <sources>
    <source>
      <name>Washington Post</name>
      <ts>2011-06-27T05:22:23Z</ts>
    </source>
  </sources>
  <sources>
    <source>
      <name>Los Angeles Times</name>
      <ts>2020-03-29T15:20:43Z</ts>
    </source>
  </sources>
  <sources>
    <source>
      <name>New York Times</name>
      <ts>2011-09-23T17:23:52Z</ts>
    </source>
  </sources>
  <relations>
    <relation>
      <id>/person/10039.xml</id>
      <predicate>livesWith</predicate>
      <imageSrc>/images/persons/person-08.jpg</imageSrc>
      <fullname>April Archley </fullname>
      <city>Durham</city>
      <state>NC</state>
    </relation>
    <relation>
      <id>/person/10051.xml</id>
      <predicate>livesWith</predicate>
      <imageSrc>/images/persons/person-03.jpg</imageSrc>
      <fullname>Clarette Jeavons </fullname>
      <city>Anaheim</city>
      <state>CA</state>
    </relation>
    <relation>
      <id>/person/10001.xml</id>
      <predicate>worksWith</predicate>
      <imageSrc>/images/persons/person-01.jpg</imageSrc>
      <fullname>Scottie Jephcote </fullname>
      <city>Tampa</city>
      <state>FL</state>
    </relation>
    <relation>
      <id>/person/10074.xml</id>
      <predicate>livesWith</predicate>
      <imageSrc>/images/persons/person-05.jpg</imageSrc>
      <fullname>Paton Bemrose </fullname>
      <city>Lincoln</city>
      <state>NE</state>
    </relation>
    <relation>
      <id>/person/10097.xml</id>
      <predicate>livesWith</predicate>
      <imageSrc>/images/persons/person-01.jpg</imageSrc>
      <fullname>Faydra Habben </fullname>
      <city>El Paso</city>
      <state>TX</state>
    </relation>
  </relations>
  <createdOn>
    <ts>2022-02-03T04:48:32Z</ts>
    <user>hdoudk</user>
  </createdOn>
  <lastUpdated>
    <ts>2022-01-01T14:58:42Z</ts>
    <user>hdoudk</user>
  </lastUpdated>
  <socials>
    <social>
      <site>linkedin</site>
      <handle>kseamen0</handle>
      <address>http://last.fm/platea/dictumst/morbi/vestibulum.png</address>
    </social>
    <social>
      <site>linkedin</site>
      <handle>ieneas1</handle>
      <address>http://nasa.gov/ullamcorper/purus/sit/amet.json</address>
    </social>
  </socials>
  <memberships>
    <membership>
      <list>list3</list>
      <important>false</important>
      <ts>2022-01-25</ts>
    </membership>
    <membership>
      <list>list4</list>
      <important>true</important>
      <ts>2022-02-02</ts>
    </membership>
    <membership>
      <list>list4</list>
      <important>true</important>
      <ts>2022-02-17</ts>
    </membership>
    <membership>
      <list>list1</list>
      <important>true</important>
      <ts>2022-02-18</ts>
    </membership>
  </memberships>
  <links>
    <link>
      <label>Quick View</label>
      <url>http://discuz.net</url>
      <icon>faEye</icon>
    </link>
    <link>
      <label>Nomination History</label>
      <url>https://howstuffworks.com</url>
      <icon>faMedal</icon>
    </link>
    <link>
      <label>Comments</label>
      <url>http://illinois.edu</url>
      <icon>faComments</icon>
    </link>
  </links>
  <activities>
    <activity>
      <predicate>transferredTo</predicate>
      <place>Twitterbeat</place>
      <predplace>transferredTo Twitterbeat</predplace>
      <ts>2019-06-12T08:28:47Z</ts>
      <source>
        <name>USA Today</name>
        <ts>2022-02-12T16:25:47Z</ts>
        <createdBy>Stormie Lewty</createdBy>
        <approvedBy>Baillie Nichols</approvedBy>
      </source>
    </activity>
    <activity>
      <predicate>startedAt</predicate>
      <place>Topicshots</place>
      <predplace>startedAt Topicshots</predplace>
      <ts>2016-06-13T22:57:19Z</ts>
      <source>
        <name>New York Times</name>
        <ts>2021-07-31T13:13:09Z</ts>
        <createdBy>Stephie Veregan</createdBy>
        <approvedBy>Evvie Shugg</approvedBy>
      </source>
    </activity>
  </activities>
  <events>
    <event>
      <predicate>servedIn</predicate>
      <place>Philippines</place>
      <predplace>servedIn Philippines</predplace>
      <end>2018-04-10T05:16:37Z</end>
      <start>2014-10-07T06:10:40Z</start>
    </event>
  </events>
  <actions>
    <action>
      <url>http://exblog.jp</url>
      <icon>faCog</icon>
    </action>
    <action>
      <url>https://scientificamerican.com</url>
      <icon>faCode</icon>
    </action>
    <action>
      <url>https://photobucket.com</url>
      <icon>faSync</icon>
    </action>
  </actions>
</person>