<?xml version="1.0" encoding="UTF-8" standalone="yes"?>
<person>
  <personId>10028</personId>
  <nameGroup>
    <givenname>
      <value>Asa</value>
    </givenname>
    <surname>
      <value>McLernon</value>
    </surname>
    <fullname>
      <classification>S</classification>
      <restricted>true</restricted>
      <value>Asa McLernon </value>
      <source>
        <name>Washington Post</name>
        <ts>2018-12-15T19:18:50Z</ts>
      </source>
      <source>
        <name>Los Angeles Times</name>
        <ts>2010-06-23T18:16:04Z</ts>
      </source>
    </fullname>
  </nameGroup>
  <emails>
    <email>
      <value>jfrail0@github.com</value>
      <classification>C</classification>
      <restricted>false</restricted>
    </email>
  </emails>
  <phone>831-262-4958</phone>
  <contacts>
    <contact>
      <type>email</type>
      <value>mkilborn0@joomla.org</value>
    </contact>
    <contact>
      <type>phone</type>
      <value>902-188-1425</value>
    </contact>
    <contact>
      <type>email</type>
      <value>jgirke2@alibaba.com</value>
    </contact>
  </contacts>
  <ssn>
    <value>585-16-1532</value>
    <classification>(S)</classification>
  </ssn>
  <images>
    <image>
      <url>/images/persons/person-01.jpg</url>
      <source>
        <name>USA Today</name>
        <ts>2021-02-25T03:58:36Z</ts>
        <uploadedBy>owinspur0</uploadedBy>
      </source>
    </image>
    <image>
      <url>/images/persons/person-08.jpg</url>
      <source>
        <name>New York Times</name>
        <ts>2019-05-04T06:13:17Z</ts>
        <uploadedBy>svallis0</uploadedBy>
      </source>
    </image>
    <image>
      <url>/images/persons/person-01.jpg</url>
      <source>
        <name>USA Today</name>
        <ts>2015-12-25T17:26:32Z</ts>
        <uploadedBy>cgoodfellow0</uploadedBy>
      </source>
    </image>
  </images>
  <addresses>
    <address>
      <street>0673 Dovetail Drive</street>
      <city>Dallas</city>
      <state>TX</state>
      <postal>75392</postal>
      <country>United States</country>
      <latitude>32.7673</latitude>
      <longitude>-96.7776</longitude>
    </address>
    <address>
      <street>96362 Dapin Trail</street>
      <city>Washington</city>
      <state>DC</state>
      <postal>20299</postal>
      <country>United States</country>
      <latitude>38.8933</latitude>
      <longitude>-77.0146</longitude>
    </address>
  </addresses>
  <schools>
    <school>
      <country>Canada</country>
      <name>Nova Scotia Agricultural College</name>
      <city>Raymond</city>
      <state>AB</state>
      <postal>G6K</postal>
      <latitude>49.44998</latitude>
      <longitude>-112.65185</longitude>
      <source>
        <name>USA Today</name>
        <ts>2011-10-12T17:23:22Z</ts>
      </source>
      <source>
        <name>New York Times</name>
        <ts>2013-03-15T19:51:11Z</ts>
      </source>
      <source>
        <name>Chicago Tribune</name>
        <ts>2015-05-05T23:17:59Z</ts>
      </source>
    </school>
    <school>
      <country>Canada</country>
      <name>Dalhousie University</name>
      <city>Sydney Mines</city>
      <state>NS</state>
      <postal>B1V</postal>
      <latitude>46.2475531</latitude>
      <longitude>-60.2362743</longitude>
      <source>
        <name>USA Today</name>
        <ts>2014-03-10T18:27:55Z</ts>
      </source>
      <source>
        <name>New York Times</name>
        <ts>2017-03-24T13:21:16Z</ts>
      </source>
      <source>
        <name>Chicago Tribune</name>
        <ts>2010-06-01T15:27:36Z</ts>
      </source>
    </school>
  </schools>
  <status>Inactive</status>
  <sources>
    <source>
      <name>New York Times</name>
      <ts>2014-09-26T21:45:41Z</ts>
    </source>
  </sources>
  <sources>
    <source>
      <name>Wall Street Journal</name>
      <ts>2018-08-21T12:18:20Z</ts>
    </source>
  </sources>
  <relations>
    <relation>
      <id>/person/10082.xml</id>
      <predicate>livesWith</predicate>
      <imageSrc>/images/persons/person-01.jpg</imageSrc>
      <fullname>Wenona Gyver </fullname>
      <city>Naples</city>
      <state>FL</state>
    </relation>
    <relation>
      <id>/person/10044.xml</id>
      <predicate>worksWith</predicate>
      <imageSrc>/images/persons/person-09.jpg</imageSrc>
      <fullname>Theodosia Rayment </fullname>
      <city>Seattle</city>
      <state>WA</state>
    </relation>
    <relation>
      <id>/person/10069.xml</id>
      <predicate>relatedTo</predicate>
      <imageSrc>/images/persons/person-07.jpg</imageSrc>
      <fullname>Davon Jentle </fullname>
      <city>Champaign</city>
      <state>IL</state>
    </relation>
    <relation>
      <id>/person/10019.xml</id>
      <predicate>worksWith</predicate>
      <imageSrc>/images/persons/person-09.jpg</imageSrc>
      <fullname>Sonja McIlveen </fullname>
      <city>Hayward</city>
      <state>CA</state>
    </relation>
    <relation>
      <id>/person/10026.xml</id>
      <predicate>livesWith</predicate>
      <imageSrc>/images/persons/person-04.jpg</imageSrc>
      <fullname>Marrilee Whitecross </fullname>
      <city>Dallas</city>
      <state>TX</state>
    </relation>
  </relations>
  <createdOn>
    <ts>2022-01-10T09:34:44Z</ts>
    <user>amclernonr</user>
  </createdOn>
  <lastUpdated>
    <ts>2022-01-16T18:44:54Z</ts>
    <user>amclernonr</user>
  </lastUpdated>
  <socials>
    <social>
      <site>linkedin</site>
      <handle>sswafield0</handle>
      <address>http://google.cn/amet/sem/fusce/consequat/nulla.html</address>
    </social>
    <social>
      <site>linkedin</site>
      <handle>cwilsher1</handle>
      <address>http://unc.edu/faucibus/orci/luctus/et.js</address>
    </social>
    <social>
      <site>facebook</site>
      <handle>tlaweles2</handle>
      <address>http://storify.com/lectus/in/est.jpg</address>
    </social>
  </socials>
  <memberships>
    <membership>
      <list>list7</list>
      <important>false</important>
      <ts>2022-01-14</ts>
    </membership>
  </memberships>
  <links>
    <link>
      <label>Quick View</label>
      <url>https://cafepress.com</url>
      <icon>faEye</icon>
    </link>
    <link>
      <label>Nomination History</label>
      <url>https://reference.com</url>
      <icon>faMedal</icon>
    </link>
    <link>
      <label>Comments</label>
      <url>http://t-online.de</url>
      <icon>faComments</icon>
    </link>
  </links>
  <activities>
    <activity>
      <predicate>startedAt</predicate>
      <place>Aimbo</place>
      <predplace>startedAt Aimbo</predplace>
      <ts>2016-05-05T05:36:51Z</ts>
      <source>
        <name>USA Today</name>
        <ts>2020-04-21T11:11:51Z</ts>
        <createdBy>Bord Johanchon</createdBy>
        <approvedBy>Chadd Ramsbotham</approvedBy>
      </source>
    </activity>
    <activity>
      <predicate>transferredTo</predicate>
      <place>Topicstorm</place>
      <predplace>transferredTo Topicstorm</predplace>
      <ts>2019-12-19T14:48:12Z</ts>
      <source>
        <name>New York Times</name>
        <ts>2021-05-24T20:03:45Z</ts>
        <createdBy>Mercedes McGrady</createdBy>
        <approvedBy>Rosemonde Bernaciak</approvedBy>
      </source>
    </activity>
  </activities>
  <events>
    <event>
      <predicate>visited</predicate>
      <place>Russia</place>
      <predplace>visited Russia</predplace>
      <end>2017-11-13T23:11:07Z</end>
      <start>2015-03-18T14:24:55Z</start>
    </event>
  </events>
  <actions>
    <action>
      <url>http://slideshare.net</url>
      <icon>faCog</icon>
    </action>
    <action>
      <url>http://usgs.gov</url>
      <icon>faCode</icon>
    </action>
    <action>
      <url>https://squarespace.com</url>
      <icon>faSync</icon>
    </action>
  </actions>
</person>