<?xml version="1.0" encoding="UTF-8" standalone="yes"?>
<person>
  <personId>10026</personId>
  <nameGroup>
    <givenname>
      <value>Marrilee</value>
    </givenname>
    <surname>
      <value>Whitecross</value>
    </surname>
    <fullname>
      <classification>S</classification>
      <restricted>true</restricted>
      <value>Marrilee Whitecross </value>
      <source>
        <name>Washington Post</name>
        <ts>2014-09-22T10:03:03Z</ts>
      </source>
    </fullname>
  </nameGroup>
  <emails>
    <email>
      <value>lboyat0@icq.com</value>
      <classification>S</classification>
      <restricted>false</restricted>
    </email>
  </emails>
  <phone>590-708-9163</phone>
  <contacts>
    <contact>
      <type>email</type>
      <value>ceiler0@artisteer.com</value>
    </contact>
    <contact>
      <type>phone</type>
      <value>844-606-3799</value>
    </contact>
    <contact>
      <type>phone</type>
      <value>882-530-0677</value>
    </contact>
  </contacts>
  <ssn>
    <value>617-68-1888</value>
    <classification>(S)</classification>
  </ssn>
  <images>
    <image>
      <url>/images/persons/person-04.jpg</url>
      <source>
        <name>USA Today</name>
        <ts>2012-08-29T10:38:05Z</ts>
        <uploadedBy>cravenhills0</uploadedBy>
      </source>
    </image>
    <image>
      <url>/images/persons/person-01.jpg</url>
      <source>
        <name>Wall Street Journal</name>
        <ts>2019-04-23T09:32:09Z</ts>
        <uploadedBy>tberwick0</uploadedBy>
      </source>
    </image>
  </images>
  <addresses>
    <address>
      <street>4218 Derek Crossing</street>
      <city>Dallas</city>
      <state>TX</state>
      <postal>75265</postal>
      <country>United States</country>
      <latitude>32.7673</latitude>
      <longitude>-96.7776</longitude>
    </address>
  </addresses>
  <schools>
    <school>
      <country>United States</country>
      <name>Hood College</name>
      <city>Santa Monica</city>
      <state>CA</state>
      <postal>90410</postal>
      <latitude>34.02</latitude>
      <longitude>-118.5</longitude>
      <source>
        <name>USA Today</name>
        <ts>2017-05-02T16:22:03Z</ts>
      </source>
      <source>
        <name>New York Times</name>
        <ts>2017-06-01T17:51:28Z</ts>
      </source>
      <source>
        <name>Chicago Tribune</name>
        <ts>2011-11-14T16:46:11Z</ts>
      </source>
    </school>
  </schools>
  <status>Active</status>
  <sources>
    <source>
      <name>USA Today</name>
      <ts>2012-08-13T07:44:08Z</ts>
    </source>
  </sources>
  <sources>
    <source>
      <name>USA Today</name>
      <ts>2010-03-09T20:47:57Z</ts>
    </source>
  </sources>
  <relations>
    <relation>
      <id>/person/10067.xml</id>
      <predicate>relatedTo</predicate>
      <imageSrc>/images/persons/person-06.jpg</imageSrc>
      <fullname>Brnaba Boscott </fullname>
      <city>San Antonio</city>
      <state>TX</state>
    </relation>
    <relation>
      <id>/person/10035.xml</id>
      <predicate>livesWith</predicate>
      <imageSrc>/images/persons/person-06.jpg</imageSrc>
      <fullname>Larisa Keneford </fullname>
      <city>Boston</city>
      <state>MA</state>
    </relation>
    <relation>
      <id>/person/10019.xml</id>
      <predicate>relatedTo</predicate>
      <imageSrc>/images/persons/person-09.jpg</imageSrc>
      <fullname>Sonja McIlveen </fullname>
      <city>Hayward</city>
      <state>CA</state>
    </relation>
  </relations>
  <createdOn>
    <ts>2022-01-09T21:05:39Z</ts>
    <user>mwhitecrossp</user>
  </createdOn>
  <lastUpdated>
    <ts>2022-02-27T03:37:15Z</ts>
    <user>mwhitecrossp</user>
  </lastUpdated>
  <socials/>
  <memberships>
    <membership>
      <list>list5</list>
      <important>false</important>
      <ts>2022-02-03</ts>
    </membership>
    <membership>
      <list>list6</list>
      <important>true</important>
      <ts>2022-01-30</ts>
    </membership>
    <membership>
      <list>list2</list>
      <important>false</important>
      <ts>2022-01-16</ts>
    </membership>
  </memberships>
  <links>
    <link>
      <label>Quick View</label>
      <url>http://google.ca</url>
      <icon>faEye</icon>
    </link>
    <link>
      <label>Nomination History</label>
      <url>http://nature.com</url>
      <icon>faMedal</icon>
    </link>
    <link>
      <label>Comments</label>
      <url>https://army.mil</url>
      <icon>faComments</icon>
    </link>
  </links>
  <activities>
    <activity>
      <predicate>movedTo</predicate>
      <place>Realbuzz</place>
      <predplace>movedTo Realbuzz</predplace>
      <ts>2015-03-22T01:23:44Z</ts>
      <source>
        <name>USA Today</name>
        <ts>2020-04-05T20:05:48Z</ts>
        <createdBy>Filmer Hastie</createdBy>
        <approvedBy>Hussein Shallow</approvedBy>
      </source>
    </activity>
    <activity>
      <predicate>startedAt</predicate>
      <place>Roodel</place>
      <predplace>startedAt Roodel</predplace>
      <ts>2018-03-29T05:15:08Z</ts>
      <source>
        <name>New York Times</name>
        <ts>2021-08-28T00:33:54Z</ts>
        <createdBy>Park Jacobsson</createdBy>
        <approvedBy>Ashia Mundall</approvedBy>
      </source>
    </activity>
    <activity>
      <predicate>transferredTo</predicate>
      <place>Shuffledrive</place>
      <predplace>transferredTo Shuffledrive</predplace>
      <ts>2020-02-22T02:54:47Z</ts>
      <source>
        <name>Chicago Tribune</name>
        <ts>2022-01-29T23:44:32Z</ts>
        <createdBy>Merrilee Drewe</createdBy>
        <approvedBy>Jasmina Fairs</approvedBy>
      </source>
    </activity>
    <activity>
      <predicate>movedTo</predicate>
      <place>Thoughtworks</place>
      <predplace>movedTo Thoughtworks</predplace>
      <ts>2017-06-25T02:58:18Z</ts>
      <source>
        <name>Los Angeles Times</name>
        <ts>2021-08-11T16:48:13Z</ts>
        <createdBy>Indira Lownie</createdBy>
        <approvedBy>Nataline Andrew</approvedBy>
      </source>
    </activity>
  </activities>
  <events>
    <event>
      <predicate>livedIn</predicate>
      <place>Ukraine</place>
      <predplace>livedIn Ukraine</predplace>
      <end>2017-03-02T21:46:29Z</end>
      <start>2015-01-14T03:48:09Z</start>
    </event>
  </events>
  <actions>
    <action>
      <url>https://google.com.au</url>
      <icon>faCog</icon>
    </action>
    <action>
      <url>http://sfgate.com</url>
      <icon>faCode</icon>
    </action>
    <action>
      <url>http://4shared.com</url>
      <icon>faSync</icon>
    </action>
  </actions>
</person>