<?xml version="1.0" encoding="UTF-8" standalone="yes"?>
<person>
  <personId>10025</personId>
  <nameGroup>
    <givenname>
      <value>Filberto</value>
    </givenname>
    <surname>
      <value>Bruckent</value>
    </surname>
    <fullname>
      <classification>C</classification>
      <restricted>false</restricted>
      <value>Filberto Bruckent </value>
      <source>
        <name>Washington Post</name>
        <ts>2013-10-20T11:20:51Z</ts>
      </source>
      <source>
        <name>Los Angeles Times</name>
        <ts>2021-06-20T17:17:39Z</ts>
      </source>
    </fullname>
  </nameGroup>
  <emails>
    <email>
      <value>dmuro0@github.io</value>
      <classification>C</classification>
      <restricted>false</restricted>
    </email>
    <email>
      <value>tsymcock1@jimdo.com</value>
      <classification>C</classification>
      <restricted>false</restricted>
    </email>
    <email>
      <value>lmuschette2@angelfire.com</value>
      <classification>U</classification>
      <restricted>false</restricted>
    </email>
  </emails>
  <phone>231-807-7758</phone>
  <contacts>
    <contact>
      <type>email</type>
      <value>jswarbrick0@nba.com</value>
    </contact>
    <contact>
      <type>phone</type>
      <value>722-840-8938</value>
    </contact>
    <contact>
      <type>email</type>
      <value>bverdon2@reddit.com</value>
    </contact>
  </contacts>
  <ssn>
    <value>134-11-3430</value>
    <classification>(S)</classification>
  </ssn>
  <images>
    <image>
      <url>/images/persons/person-07.jpg</url>
      <source>
        <name>USA Today</name>
        <ts>2013-05-01T23:18:44Z</ts>
        <uploadedBy>rcurle0</uploadedBy>
      </source>
    </image>
    <image>
      <url>/images/persons/person-03.jpg</url>
      <source>
        <name>USA Today</name>
        <ts>2019-07-18T04:08:55Z</ts>
        <uploadedBy/>
      </source>
    </image>
  </images>
  <addresses>
    <address>
      <street>8522 Union Junction</street>
      <city>Austin</city>
      <state>TX</state>
      <postal>78703</postal>
      <country>United States</country>
      <latitude>30.2907</latitude>
      <longitude>-97.7648</longitude>
    </address>
  </addresses>
  <schools>
    <school>
      <country>Canada</country>
      <name>Sheridan College</name>
      <city>Clarence-Rockland</city>
      <state>ON</state>
      <postal>K4K</postal>
      <latitude>45.5483729</latitude>
      <longitude>-75.2916118</longitude>
      <source>
        <name>USA Today</name>
        <ts>2010-09-27T00:10:01Z</ts>
      </source>
      <source>
        <name>New York Times</name>
        <ts>2016-04-19T10:21:10Z</ts>
      </source>
    </school>
    <school>
      <country>Mexico</country>
      <name>Universidad de las Américas</name>
      <city>Buenavista</city>
      <state>TAM</state>
      <postal>88815</postal>
      <latitude>19.4458447</latitude>
      <longitude>-99.1497664</longitude>
      <source>
        <name>USA Today</name>
        <ts>2014-08-17T05:07:16Z</ts>
      </source>
      <source>
        <name>New York Times</name>
        <ts>2017-06-16T19:45:05Z</ts>
      </source>
    </school>
  </schools>
  <status>Active</status>
  <sources>
    <source>
      <name>USA Today</name>
      <ts>2018-09-07T08:43:26Z</ts>
    </source>
  </sources>
  <sources>
    <source>
      <name>Los Angeles Times</name>
      <ts>2018-05-16T13:34:49Z</ts>
    </source>
  </sources>
  <sources>
    <source>
      <name>USA Today</name>
      <ts>2015-07-04T11:01:20Z</ts>
    </source>
  </sources>
  <relations>
    <relation>
      <id>/person/10095.xml</id>
      <predicate>relatedTo</predicate>
      <imageSrc>/images/persons/person-08.jpg</imageSrc>
      <fullname>Ilaire Voce </fullname>
      <city>Macon</city>
      <state>GA</state>
    </relation>
    <relation>
      <id>/person/10085.xml</id>
      <predicate>livesWith</predicate>
      <imageSrc>/images/persons/person-10.jpg</imageSrc>
      <fullname>Ashlen Weinberg </fullname>
      <city>El Paso</city>
      <state>TX</state>
    </relation>
    <relation>
      <id>/person/10056.xml</id>
      <predicate>relatedTo</predicate>
      <imageSrc>/images/persons/person-04.jpg</imageSrc>
      <fullname>Arnold Besemer </fullname>
      <city>Durham</city>
      <state>NC</state>
    </relation>
    <relation>
      <id>/person/10049.xml</id>
      <predicate>livesWith</predicate>
      <imageSrc>/images/persons/person-02.jpg</imageSrc>
      <fullname>Bianka Howsego </fullname>
      <city>Colorado Springs</city>
      <state>CO</state>
    </relation>
  </relations>
  <createdOn>
    <ts>2022-02-02T07:45:41Z</ts>
    <user>fbruckento</user>
  </createdOn>
  <lastUpdated>
    <ts>2022-02-05T05:46:17Z</ts>
    <user>fbruckento</user>
  </lastUpdated>
  <socials>
    <social>
      <site>facebook</site>
      <handle>mcrickett0</handle>
      <address>https://webeden.co.uk/primis/in/faucibus.jsp</address>
    </social>
    <social>
      <site>twitter</site>
      <handle>nfandrich1</handle>
      <address>http://issuu.com/pede/posuere/nonummy/integer/non/velit.json</address>
    </social>
    <social>
      <site>linkedin</site>
      <handle>alidbetter2</handle>
      <address>https://hostgator.com/dapibus/nulla/suscipit/ligula/in/lacus/curabitur.json</address>
    </social>
  </socials>
  <memberships/>
  <links>
    <link>
      <label>Quick View</label>
      <url>https://blogspot.com</url>
      <icon>faEye</icon>
    </link>
    <link>
      <label>Nomination History</label>
      <url>https://yellowpages.com</url>
      <icon>faMedal</icon>
    </link>
    <link>
      <label>Comments</label>
      <url>http://reverbnation.com</url>
      <icon>faComments</icon>
    </link>
  </links>
  <activities>
    <activity>
      <predicate>movedTo</predicate>
      <place>Jaxworks</place>
      <predplace>movedTo Jaxworks</predplace>
      <ts>2013-12-23T17:22:32Z</ts>
      <source>
        <name>USA Today</name>
        <ts>2021-09-28T23:00:39Z</ts>
        <createdBy>Astra Coupar</createdBy>
        <approvedBy>Violante Saxon</approvedBy>
      </source>
    </activity>
    <activity>
      <predicate>startedAt</predicate>
      <place>Twinte</place>
      <predplace>startedAt Twinte</predplace>
      <ts>2013-09-02T15:11:09Z</ts>
      <source>
        <name>New York Times</name>
        <ts>2021-02-14T06:57:23Z</ts>
        <createdBy>Jameson Ligoe</createdBy>
        <approvedBy>Tony Warrell</approvedBy>
      </source>
    </activity>
  </activities>
  <events>
    <event>
      <predicate>servedIn</predicate>
      <place>Russia</place>
      <predplace>servedIn Russia</predplace>
      <end>2018-06-28T15:15:18Z</end>
      <start>2014-04-14T05:21:39Z</start>
    </event>
  </events>
  <actions>
    <action>
      <url>http://com.com</url>
      <icon>faCog</icon>
    </action>
    <action>
      <url>http://soundcloud.com</url>
      <icon>faCode</icon>
    </action>
    <action>
      <url>http://narod.ru</url>
      <icon>faSync</icon>
    </action>
  </actions>
</person>