<?xml version="1.0" encoding="UTF-8" standalone="yes"?>
<person>
  <personId>10037</personId>
  <nameGroup>
    <givenname>
      <value>Alli</value>
    </givenname>
    <surname>
      <value>Langeley</value>
    </surname>
    <fullname>
      <classification>C</classification>
      <restricted>true</restricted>
      <value>Alli Langeley </value>
      <source>
        <name>Los Angeles Times</name>
        <ts>2014-08-02T18:05:45Z</ts>
      </source>
    </fullname>
  </nameGroup>
  <emails>
    <email>
      <value>acrang0@quantcast.com</value>
      <classification>U</classification>
      <restricted>false</restricted>
    </email>
  </emails>
  <phone>787-881-0732</phone>
  <contacts>
    <contact>
      <type>phone</type>
      <value>759-587-8332</value>
    </contact>
    <contact>
      <type>email</type>
      <value>isivorn1@princeton.edu</value>
    </contact>
    <contact>
      <type>phone</type>
      <value>640-934-3881</value>
    </contact>
  </contacts>
  <ssn>
    <value>852-92-5879</value>
    <classification>(S)</classification>
  </ssn>
  <images>
    <image>
      <url>/images/persons/person-08.jpg</url>
      <source>
        <name>New York Times</name>
        <ts>2011-09-24T03:38:27Z</ts>
        <uploadedBy>pplaide0</uploadedBy>
      </source>
    </image>
  </images>
  <addresses>
    <address>
      <street>6121 Hoffman Crossing</street>
      <city>Tacoma</city>
      <state>WA</state>
      <postal>98417</postal>
      <country>United States</country>
      <latitude>47.2061</latitude>
      <longitude>-122.4822</longitude>
    </address>
    <address>
      <street>1 Northridge Junction</street>
      <city>Atlanta</city>
      <state>GA</state>
      <postal>30316</postal>
      <country>United States</country>
      <latitude>33.7217</latitude>
      <longitude>-84.3339</longitude>
    </address>
  </addresses>
  <schools>
    <school>
      <country>Mexico</country>
      <name>Universidad Autónoma Agraria "Antonio Narro"</name>
      <city>Vista Hermosa</city>
      <state>VER</state>
      <postal>93608</postal>
      <latitude>20.07552</latitude>
      <longitude>-97.0706848</longitude>
      <source>
        <name>USA Today</name>
        <ts>2010-11-14T13:22:21Z</ts>
      </source>
      <source>
        <name>New York Times</name>
        <ts>2016-10-18T13:02:42Z</ts>
      </source>
    </school>
    <school>
      <country>United States</country>
      <name>State University of New York at Binghamton</name>
      <city>Baton Rouge</city>
      <state>LA</state>
      <postal>70826</postal>
      <latitude>30.4</latitude>
      <longitude>-91.08</longitude>
      <source>
        <name>USA Today</name>
        <ts>2017-07-31T17:23:27Z</ts>
      </source>
      <source>
        <name>New York Times</name>
        <ts>2016-07-27T02:48:54Z</ts>
      </source>
      <source>
        <name>Chicago Tribune</name>
        <ts>2018-06-16T15:17:06Z</ts>
      </source>
    </school>
  </schools>
  <status>Inactive</status>
  <sources>
    <source>
      <name>Washington Post</name>
      <ts>2014-04-05T01:22:25Z</ts>
    </source>
  </sources>
  <relations>
    <relation>
      <id>/person/10067.xml</id>
      <predicate>relatedTo</predicate>
      <imageSrc>/images/persons/person-06.jpg</imageSrc>
      <fullname>Brnaba Boscott </fullname>
      <city>San Antonio</city>
      <state>TX</state>
    </relation>
    <relation>
      <id>/person/10063.xml</id>
      <predicate>relatedTo</predicate>
      <imageSrc>/images/persons/person-08.jpg</imageSrc>
      <fullname>Elden Grievson </fullname>
      <city>Miami</city>
      <state>FL</state>
    </relation>
    <relation>
      <id>/person/10003.xml</id>
      <predicate>livesWith</predicate>
      <imageSrc>/images/persons/person-03.jpg</imageSrc>
      <fullname>Gram Guillou </fullname>
      <city>Buffalo</city>
      <state>NY</state>
    </relation>
  </relations>
  <createdOn>
    <ts>2022-01-26T15:09:52Z</ts>
    <user>alangeley10</user>
  </createdOn>
  <lastUpdated>
    <ts>2022-02-25T10:02:32Z</ts>
    <user>alangeley10</user>
  </lastUpdated>
  <socials>
    <social>
      <site>twitter</site>
      <handle>hkees0</handle>
      <address>https://ft.com/non/ligula/pellentesque.js</address>
    </social>
    <social>
      <site>facebook</site>
      <handle>etaynton1</handle>
      <address>https://chron.com/convallis/duis/consequat/dui/nec.aspx</address>
    </social>
    <social>
      <site>facebook</site>
      <handle>afeldhuhn2</handle>
      <address>http://altervista.org/eget/tincidunt/eget/tempus/vel.jsp</address>
    </social>
  </socials>
  <memberships>
    <membership>
      <list>list1</list>
      <important>true</important>
      <ts>2022-02-27</ts>
    </membership>
    <membership>
      <list>list3</list>
      <important>true</important>
      <ts>2022-01-31</ts>
    </membership>
  </memberships>
  <links>
    <link>
      <label>Quick View</label>
      <url>http://google.com.hk</url>
      <icon>faEye</icon>
    </link>
    <link>
      <label>Nomination History</label>
      <url>http://economist.com</url>
      <icon>faMedal</icon>
    </link>
    <link>
      <label>Comments</label>
      <url>http://amazon.co.jp</url>
      <icon>faComments</icon>
    </link>
  </links>
  <activities>
    <activity>
      <predicate>startedAt</predicate>
      <place>Avavee</place>
      <predplace>startedAt Avavee</predplace>
      <ts>2015-07-18T07:45:38Z</ts>
      <source>
        <name>USA Today</name>
        <ts>2021-04-24T01:59:37Z</ts>
        <createdBy>Fiann Ruckman</createdBy>
        <approvedBy>Agace Ewebank</approvedBy>
      </source>
    </activity>
    <activity>
      <predicate>startedAt</predicate>
      <place>Skaboo</place>
      <predplace>startedAt Skaboo</predplace>
      <ts>2016-09-11T07:32:10Z</ts>
      <source>
        <name>New York Times</name>
        <ts>2020-05-28T01:48:58Z</ts>
        <createdBy>Leonelle Mullis</createdBy>
        <approvedBy>Laraine Parkeson</approvedBy>
      </source>
    </activity>
    <activity>
      <predicate>startedAt</predicate>
      <place>Pixonyx</place>
      <predplace>startedAt Pixonyx</predplace>
      <ts>2017-05-15T18:59:13Z</ts>
      <source>
        <name>Chicago Tribune</name>
        <ts>2020-02-27T07:24:54Z</ts>
        <createdBy>Deena Gaspard</createdBy>
        <approvedBy>Hiram Thaw</approvedBy>
      </source>
    </activity>
    <activity>
      <predicate>startedAt</predicate>
      <place>Tagtune</place>
      <predplace>startedAt Tagtune</predplace>
      <ts>2019-02-14T08:13:31Z</ts>
      <source>
        <name>Los Angeles Times</name>
        <ts>2021-07-24T02:01:26Z</ts>
        <createdBy>Aurore Sibun</createdBy>
        <approvedBy>Jessika Chaudrelle</approvedBy>
      </source>
    </activity>
  </activities>
  <events>
    <event>
      <predicate>visited</predicate>
      <place>China</place>
      <predplace>visited China</predplace>
      <end>2017-09-05T12:35:09Z</end>
      <start>2014-07-24T15:15:07Z</start>
    </event>
  </events>
  <actions>
    <action>
      <url>https://xing.com</url>
      <icon>faCog</icon>
    </action>
    <action>
      <url>https://cam.ac.uk</url>
      <icon>faCode</icon>
    </action>
    <action>
      <url>https://simplemachines.org</url>
      <icon>faSync</icon>
    </action>
  </actions>
</person>