<?xml version="1.0" encoding="UTF-8" standalone="yes"?>
<person>
  <personId>10039</personId>
  <nameGroup>
    <givenname>
      <value>April</value>
    </givenname>
    <surname>
      <value>Archley</value>
    </surname>
    <fullname>
      <classification>C</classification>
      <restricted>true</restricted>
      <value>April Archley </value>
      <source>
        <name>Washington Post</name>
        <ts>2017-08-08T13:31:53Z</ts>
      </source>
      <source>
        <name>Washington Post</name>
        <ts>2010-03-18T18:18:02Z</ts>
      </source>
      <source>
        <name>Wall Street Journal</name>
        <ts>2016-04-06T17:55:33Z</ts>
      </source>
    </fullname>
  </nameGroup>
  <emails>
    <email>
      <value>fklosterman0@slate.com</value>
      <classification>C</classification>
      <restricted>false</restricted>
    </email>
    <email>
      <value>gblancowe1@cpanel.net</value>
      <classification>S</classification>
      <restricted>false</restricted>
    </email>
  </emails>
  <phone>329-302-3580</phone>
  <contacts>
    <contact>
      <type>phone</type>
      <value>566-889-5151</value>
    </contact>
    <contact>
      <type>phone</type>
      <value>192-983-9702</value>
    </contact>
    <contact>
      <type>phone</type>
      <value>780-399-1149</value>
    </contact>
  </contacts>
  <ssn>
    <value>483-57-6356</value>
    <classification>(S)</classification>
  </ssn>
  <images>
    <image>
      <url>/images/persons/person-08.jpg</url>
      <source>
        <name>USA Today</name>
        <ts>2015-03-25T04:16:47Z</ts>
        <uploadedBy>gupwood0</uploadedBy>
      </source>
    </image>
  </images>
  <addresses>
    <address>
      <street>9 Pankratz Terrace</street>
      <city>Durham</city>
      <state>NC</state>
      <postal>27717</postal>
      <country>United States</country>
      <latitude>36.0512</latitude>
      <longitude>-78.8577</longitude>
    </address>
    <address>
      <street>70423 Dunning Alley</street>
      <city>Fullerton</city>
      <state>CA</state>
      <postal>92835</postal>
      <country>United States</country>
      <latitude>33.8994</latitude>
      <longitude>-117.9063</longitude>
    </address>
    <address>
      <street>28 4th Hill</street>
      <city>Sacramento</city>
      <state>CA</state>
      <postal>95852</postal>
      <country>United States</country>
      <latitude>38.6026</latitude>
      <longitude>-121.4475</longitude>
    </address>
  </addresses>
  <schools>
    <school>
      <country>Mexico</country>
      <name>Universidad Juárez Autónoma de Tabasco</name>
      <city>San Jose</city>
      <state>GRO</state>
      <postal>39266</postal>
      <latitude>25.8007724</latitude>
      <longitude>-100.4277766</longitude>
      <source>
        <name>USA Today</name>
        <ts>2021-07-10T14:21:04Z</ts>
      </source>
    </school>
  </schools>
  <status>Inactive</status>
  <sources>
    <source>
      <name>Los Angeles Times</name>
      <ts>2014-10-30T19:11:18Z</ts>
    </source>
  </sources>
  <sources>
    <source>
      <name>USA Today</name>
      <ts>2012-03-07T07:23:56Z</ts>
    </source>
  </sources>
  <sources>
    <source>
      <name>Los Angeles Times</name>
      <ts>2012-07-07T16:03:53Z</ts>
    </source>
  </sources>
  <relations>
    <relation>
      <id>/person/10053.xml</id>
      <predicate>relatedTo</predicate>
      <imageSrc>/images/persons/person-09.jpg</imageSrc>
      <fullname>Claire Michelet </fullname>
      <city>Alhambra</city>
      <state>CA</state>
    </relation>
    <relation>
      <id>/person/10049.xml</id>
      <predicate>relatedTo</predicate>
      <imageSrc>/images/persons/person-02.jpg</imageSrc>
      <fullname>Bianka Howsego </fullname>
      <city>Colorado Springs</city>
      <state>CO</state>
    </relation>
    <relation>
      <id>/person/10098.xml</id>
      <predicate>worksWith</predicate>
      <imageSrc>/images/persons/person-08.jpg</imageSrc>
      <fullname>Pepita Yelland </fullname>
      <city>Fredericksburg</city>
      <state>VA</state>
    </relation>
  </relations>
  <createdOn>
    <ts>2022-01-25T23:12:57Z</ts>
    <user>aarchley12</user>
  </createdOn>
  <lastUpdated>
    <ts>2022-01-08T20:04:48Z</ts>
    <user>aarchley12</user>
  </lastUpdated>
  <socials/>
  <memberships>
    <membership>
      <list>list1</list>
      <important>true</important>
      <ts>2022-01-17</ts>
    </membership>
    <membership>
      <list>list9</list>
      <important>true</important>
      <ts>2022-02-12</ts>
    </membership>
    <membership>
      <list>list4</list>
      <important>true</important>
      <ts>2022-01-27</ts>
    </membership>
  </memberships>
  <links>
    <link>
      <label>Quick View</label>
      <url>https://shop-pro.jp</url>
      <icon>faEye</icon>
    </link>
    <link>
      <label>Nomination History</label>
      <url>http://arizona.edu</url>
      <icon>faMedal</icon>
    </link>
    <link>
      <label>Comments</label>
      <url>https://clickbank.net</url>
      <icon>faComments</icon>
    </link>
  </links>
  <activities>
    <activity>
      <predicate>transferredTo</predicate>
      <place>Yotz</place>
      <predplace>transferredTo Yotz</predplace>
      <ts>2016-09-04T02:36:14Z</ts>
      <source>
        <name>USA Today</name>
        <ts>2020-04-15T17:48:19Z</ts>
        <createdBy>Nancy Acome</createdBy>
        <approvedBy>Davine Havard</approvedBy>
      </source>
    </activity>
    <activity>
      <predicate>transferredTo</predicate>
      <place>Avavee</place>
      <predplace>transferredTo Avavee</predplace>
      <ts>2017-11-18T15:36:08Z</ts>
      <source>
        <name>New York Times</name>
        <ts>2021-02-08T11:33:34Z</ts>
        <createdBy>Gilberte Taile</createdBy>
        <approvedBy>Whit McKerton</approvedBy>
      </source>
    </activity>
  </activities>
  <events>
    <event>
      <predicate>livedIn</predicate>
      <place>Czech Republic</place>
      <predplace>livedIn Czech Republic</predplace>
      <end>2017-04-13T07:45:36Z</end>
      <start>2014-03-03T10:18:51Z</start>
    </event>
  </events>
  <actions>
    <action>
      <url>http://earthlink.net</url>
      <icon>faCog</icon>
    </action>
    <action>
      <url>http://nature.com</url>
      <icon>faCode</icon>
    </action>
    <action>
      <url>http://senate.gov</url>
      <icon>faSync</icon>
    </action>
  </actions>
</person>