<?xml version="1.0" encoding="UTF-8" standalone="yes"?>
<person>
  <personId>10030</personId>
  <nameGroup>
    <givenname>
      <value>Scotti</value>
    </givenname>
    <surname>
      <value>Caddell</value>
    </surname>
    <fullname>
      <classification>S</classification>
      <restricted>false</restricted>
      <value>Scotti Caddell </value>
      <source>
        <name>Chicago Tribune</name>
        <ts>2020-02-17T20:59:34Z</ts>
      </source>
      <source>
        <name>USA Today</name>
        <ts>2014-10-21T10:11:25Z</ts>
      </source>
      <source>
        <name>Washington Post</name>
        <ts>2020-08-23T13:05:49Z</ts>
      </source>
    </fullname>
  </nameGroup>
  <emails>
    <email>
      <value>jgange0@odnoklassniki.ru</value>
      <classification>U</classification>
      <restricted>false</restricted>
    </email>
  </emails>
  <phone>831-941-9451</phone>
  <contacts>
    <contact>
      <type>phone</type>
      <value>711-812-5909</value>
    </contact>
    <contact>
      <type>email</type>
      <value>jarnaldi1@imgur.com</value>
    </contact>
    <contact>
      <type>phone</type>
      <value>294-384-2777</value>
    </contact>
  </contacts>
  <ssn>
    <value>507-54-4195</value>
    <classification>(S)</classification>
  </ssn>
  <images>
    <image>
      <url>/images/persons/person-09.jpg</url>
      <source>
        <name>Washington Post</name>
        <ts>2014-06-21T16:13:08Z</ts>
        <uploadedBy>rbisacre0</uploadedBy>
      </source>
    </image>
  </images>
  <addresses>
    <address>
      <street>6 Di Loreto Hill</street>
      <city>Pueblo</city>
      <state>CO</state>
      <postal>81015</postal>
      <country>United States</country>
      <latitude>38.1286</latitude>
      <longitude>-104.5523</longitude>
    </address>
    <address>
      <street>99087 Alpine Plaza</street>
      <city>Orlando</city>
      <state>FL</state>
      <postal>32835</postal>
      <country>United States</country>
      <latitude>28.5289</latitude>
      <longitude>-81.4787</longitude>
    </address>
    <address>
      <street>55 Arizona Junction</street>
      <city>Omaha</city>
      <state>NE</state>
      <postal>68134</postal>
      <country>United States</country>
      <latitude>41.2949</latitude>
      <longitude>-96.0546</longitude>
    </address>
  </addresses>
  <schools>
    <school>
      <country>United States</country>
      <name>Doane College</name>
      <city>New Orleans</city>
      <state>LA</state>
      <postal>70149</postal>
      <latitude>29.9518573</latitude>
      <longitude>-90.067925</longitude>
      <source>
        <name>USA Today</name>
        <ts>2013-06-16T00:37:51Z</ts>
      </source>
      <source>
        <name>New York Times</name>
        <ts>2013-12-19T23:19:05Z</ts>
      </source>
      <source>
        <name>Chicago Tribune</name>
        <ts>2012-06-05T22:41:55Z</ts>
      </source>
    </school>
  </schools>
  <status>Inactive</status>
  <sources>
    <source>
      <name>New York Times</name>
      <ts>2021-04-22T10:42:38Z</ts>
    </source>
  </sources>
  <sources>
    <source>
      <name>Los Angeles Times</name>
      <ts>2019-06-30T00:20:22Z</ts>
    </source>
  </sources>
  <relations>
    <relation>
      <id>/person/10098.xml</id>
      <predicate>worksWith</predicate>
      <imageSrc>/images/persons/person-08.jpg</imageSrc>
      <fullname>Pepita Yelland </fullname>
      <city>Fredericksburg</city>
      <state>VA</state>
    </relation>
    <relation>
      <id>/person/10058.xml</id>
      <predicate>relatedTo</predicate>
      <imageSrc>/images/persons/person-10.jpg</imageSrc>
      <fullname>Gilligan Darbyshire </fullname>
      <city>Wilmington</city>
      <state>DE</state>
    </relation>
    <relation>
      <id>/person/10046.xml</id>
      <predicate>worksWith</predicate>
      <imageSrc>/images/persons/person-03.jpg</imageSrc>
      <fullname>Tadeo McCurt </fullname>
      <city>Dallas</city>
      <state>TX</state>
    </relation>
  </relations>
  <createdOn>
    <ts>2022-02-14T13:34:56Z</ts>
    <user>scaddellt</user>
  </createdOn>
  <lastUpdated>
    <ts>2022-02-25T01:48:33Z</ts>
    <user>scaddellt</user>
  </lastUpdated>
  <socials>
    <social>
      <site>twitter</site>
      <handle>crosengart0</handle>
      <address>https://webs.com/vestibulum.js</address>
    </social>
    <social>
      <site>linkedin</site>
      <handle>mbeckers1</handle>
      <address>http://e-recht24.de/eget.js</address>
    </social>
    <social>
      <site>facebook</site>
      <handle>lsteger2</handle>
      <address>http://bbb.org/et.jsp</address>
    </social>
  </socials>
  <memberships>
    <membership>
      <list>list12</list>
      <important>false</important>
      <ts>2022-01-23</ts>
    </membership>
    <membership>
      <list>list12</list>
      <important>false</important>
      <ts>2022-02-08</ts>
    </membership>
  </memberships>
  <links>
    <link>
      <label>Quick View</label>
      <url>http://discovery.com</url>
      <icon>faEye</icon>
    </link>
    <link>
      <label>Nomination History</label>
      <url>http://eventbrite.com</url>
      <icon>faMedal</icon>
    </link>
    <link>
      <label>Comments</label>
      <url>https://boston.com</url>
      <icon>faComments</icon>
    </link>
  </links>
  <activities>
    <activity>
      <predicate>movedTo</predicate>
      <place>Eamia</place>
      <predplace>movedTo Eamia</predplace>
      <ts>2017-05-23T04:57:05Z</ts>
      <source>
        <name>USA Today</name>
        <ts>2020-05-16T18:25:29Z</ts>
        <createdBy>Jannelle Kembrey</createdBy>
        <approvedBy>Christoph Quakley</approvedBy>
      </source>
    </activity>
    <activity>
      <predicate>movedTo</predicate>
      <place>Avavee</place>
      <predplace>movedTo Avavee</predplace>
      <ts>2016-09-23T12:04:38Z</ts>
      <source>
        <name>New York Times</name>
        <ts>2020-07-02T00:46:25Z</ts>
        <createdBy>Oren Martygin</createdBy>
        <approvedBy>Kessiah Broadberrie</approvedBy>
      </source>
    </activity>
    <activity>
      <predicate>movedTo</predicate>
      <place>Jaxspan</place>
      <predplace>movedTo Jaxspan</predplace>
      <ts>2017-05-07T23:09:23Z</ts>
      <source>
        <name>Chicago Tribune</name>
        <ts>2022-02-27T02:33:58Z</ts>
        <createdBy>Indira Sillick</createdBy>
        <approvedBy>Corbin Gillanders</approvedBy>
      </source>
    </activity>
    <activity>
      <predicate>startedAt</predicate>
      <place>Fivebridge</place>
      <predplace>startedAt Fivebridge</predplace>
      <ts>2017-04-09T11:13:39Z</ts>
      <source>
        <name>Los Angeles Times</name>
        <ts>2021-03-14T01:58:57Z</ts>
        <createdBy>Krissy Whitloe</createdBy>
        <approvedBy>Anders Elgar</approvedBy>
      </source>
    </activity>
  </activities>
  <events>
    <event>
      <predicate>visited</predicate>
      <place>Mongolia</place>
      <predplace>visited Mongolia</predplace>
      <end>2018-09-03T12:24:05Z</end>
      <start>2014-04-17T16:59:03Z</start>
    </event>
  </events>
  <actions>
    <action>
      <url>https://china.com.cn</url>
      <icon>faCog</icon>
    </action>
    <action>
      <url>https://examiner.com</url>
      <icon>faCode</icon>
    </action>
    <action>
      <url>http://nydailynews.com</url>
      <icon>faSync</icon>
    </action>
  </actions>
</person>