<?xml version="1.0" encoding="UTF-8" standalone="yes"?>
<person>
  <personId>10038</personId>
  <nameGroup>
    <givenname>
      <value>Abie</value>
    </givenname>
    <surname>
      <value>O'Shaughnessy</value>
    </surname>
    <fullname>
      <classification>C</classification>
      <restricted>true</restricted>
      <value>Abie O'Shaughnessy </value>
      <source>
        <name>Chicago Tribune</name>
        <ts>2013-10-13T10:40:12Z</ts>
      </source>
    </fullname>
  </nameGroup>
  <emails>
    <email>
      <value>afowley0@youtu.be</value>
      <classification>S</classification>
      <restricted>false</restricted>
    </email>
    <email>
      <value>areyburn1@fda.gov</value>
      <classification>S</classification>
      <restricted>false</restricted>
    </email>
    <email>
      <value>dmcquin2@prnewswire.com</value>
      <classification>U</classification>
      <restricted>false</restricted>
    </email>
  </emails>
  <phone>226-554-5854</phone>
  <contacts>
    <contact>
      <type>email</type>
      <value>ashark0@posterous.com</value>
    </contact>
    <contact>
      <type>phone</type>
      <value>938-684-0459</value>
    </contact>
    <contact>
      <type>phone</type>
      <value>815-482-6106</value>
    </contact>
  </contacts>
  <ssn>
    <value>804-47-9561</value>
    <classification>(S)</classification>
  </ssn>
  <images>
    <image>
      <url>/images/persons/person-10.jpg</url>
      <source>
        <name>Washington Post</name>
        <ts>2015-09-13T19:32:58Z</ts>
        <uploadedBy>bramble0</uploadedBy>
      </source>
    </image>
  </images>
  <addresses>
    <address>
      <street>00634 Old Shore Circle</street>
      <city>Santa Monica</city>
      <state>CA</state>
      <postal>90405</postal>
      <country>United States</country>
      <latitude>34.01</latitude>
      <longitude>-118.4717</longitude>
    </address>
    <address>
      <street>9 Forster Place</street>
      <city>Salt Lake City</city>
      <state>UT</state>
      <postal>84125</postal>
      <country>United States</country>
      <latitude>40.6681</latitude>
      <longitude>-111.9083</longitude>
    </address>
    <address>
      <street>76047 Waubesa Alley</street>
      <city>Topeka</city>
      <state>KS</state>
      <postal>66611</postal>
      <country>United States</country>
      <latitude>39.0142</latitude>
      <longitude>-95.6982</longitude>
    </address>
  </addresses>
  <schools>
    <school>
      <country>Canada</country>
      <name>Université du Québec en Outaouais</name>
      <city>Saint-Joseph-de-Coleraine</city>
      <state>QC</state>
      <postal>N2E</postal>
      <latitude>45.96677</latitude>
      <longitude>-71.36577</longitude>
      <source>
        <name>USA Today</name>
        <ts>2010-12-16T23:47:23Z</ts>
      </source>
    </school>
    <school>
      <country>Mexico</country>
      <name>Universidad Autónoma del Estado de Hidalgo</name>
      <city>El Carmen</city>
      <state>COA</state>
      <postal>29950</postal>
      <latitude>25.9375976</latitude>
      <longitude>-100.3638252</longitude>
      <source>
        <name>USA Today</name>
        <ts>2020-06-14T02:26:31Z</ts>
      </source>
      <source>
        <name>New York Times</name>
        <ts>2013-08-16T15:21:35Z</ts>
      </source>
    </school>
  </schools>
  <status>Active</status>
  <sources>
    <source>
      <name>New York Times</name>
      <ts>2019-12-18T13:01:52Z</ts>
    </source>
  </sources>
  <sources>
    <source>
      <name>Washington Post</name>
      <ts>2019-10-15T00:38:40Z</ts>
    </source>
  </sources>
  <sources>
    <source>
      <name>New York Times</name>
      <ts>2021-07-03T16:29:57Z</ts>
    </source>
  </sources>
  <relations>
    <relation>
      <id>/person/10075.xml</id>
      <predicate>livesWith</predicate>
      <imageSrc>/images/persons/person-05.jpg</imageSrc>
      <fullname>Brigitta Haxell </fullname>
      <city>Huntington</city>
      <state>WV</state>
    </relation>
    <relation>
      <id>/person/10063.xml</id>
      <predicate>relatedTo</predicate>
      <imageSrc>/images/persons/person-08.jpg</imageSrc>
      <fullname>Elden Grievson </fullname>
      <city>Miami</city>
      <state>FL</state>
    </relation>
  </relations>
  <createdOn>
    <ts>2022-02-14T02:42:29Z</ts>
    <user>aoshaughnessy11</user>
  </createdOn>
  <lastUpdated>
    <ts>2022-02-23T03:37:09Z</ts>
    <user>aoshaughnessy11</user>
  </lastUpdated>
  <socials>
    <social>
      <site>linkedin</site>
      <handle>rharding0</handle>
      <address>http://wp.com/quis/orci/nullam/molestie.aspx</address>
    </social>
  </socials>
  <memberships>
    <membership>
      <list>list1</list>
      <important>true</important>
      <ts>2022-02-09</ts>
    </membership>
    <membership>
      <list>list9</list>
      <important>true</important>
      <ts>2022-02-07</ts>
    </membership>
    <membership>
      <list>list1</list>
      <important>false</important>
      <ts>2022-02-26</ts>
    </membership>
    <membership>
      <list>list7</list>
      <important>false</important>
      <ts>2022-01-15</ts>
    </membership>
    <membership>
      <list>list2</list>
      <important>true</important>
      <ts>2022-01-23</ts>
    </membership>
    <membership>
      <list>list7</list>
      <important>true</important>
      <ts>2022-01-14</ts>
    </membership>
  </memberships>
  <links>
    <link>
      <label>Quick View</label>
      <url>https://google.com.au</url>
      <icon>faEye</icon>
    </link>
    <link>
      <label>Nomination History</label>
      <url>https://cafepress.com</url>
      <icon>faMedal</icon>
    </link>
    <link>
      <label>Comments</label>
      <url>http://amazon.co.uk</url>
      <icon>faComments</icon>
    </link>
  </links>
  <activities>
    <activity>
      <predicate>transferredTo</predicate>
      <place>Brightbean</place>
      <predplace>transferredTo Brightbean</predplace>
      <ts>2016-10-24T03:55:59Z</ts>
      <source>
        <name>USA Today</name>
        <ts>2020-09-14T00:44:08Z</ts>
        <createdBy>Etty Godmer</createdBy>
        <approvedBy>Lesley Kirlin</approvedBy>
      </source>
    </activity>
    <activity>
      <predicate>endedAt</predicate>
      <place>Devbug</place>
      <predplace>endedAt Devbug</predplace>
      <ts>2020-01-30T21:56:54Z</ts>
      <source>
        <name>New York Times</name>
        <ts>2020-07-27T11:54:41Z</ts>
        <createdBy>Brynna Vittle</createdBy>
        <approvedBy>Isidor Overbury</approvedBy>
      </source>
    </activity>
  </activities>
  <events>
    <event>
      <predicate>servedIn</predicate>
      <place>Cuba</place>
      <predplace>servedIn Cuba</predplace>
      <end>2017-08-17T17:46:52Z</end>
      <start>2016-03-11T17:32:37Z</start>
    </event>
  </events>
  <actions>
    <action>
      <url>http://paypal.com</url>
      <icon>faCog</icon>
    </action>
    <action>
      <url>https://umn.edu</url>
      <icon>faCode</icon>
    </action>
    <action>
      <url>http://people.com.cn</url>
      <icon>faSync</icon>
    </action>
  </actions>
</person>