<?xml version="1.0" encoding="UTF-8" standalone="yes"?>
<person>
  <personId>10031</personId>
  <nameGroup>
    <givenname>
      <value>Adamo</value>
    </givenname>
    <surname>
      <value>Downham</value>
    </surname>
    <fullname>
      <classification>U</classification>
      <restricted>true</restricted>
      <value>Adamo Downham </value>
      <source>
        <name>New York Times</name>
        <ts>2019-06-22T18:00:35Z</ts>
      </source>
    </fullname>
  </nameGroup>
  <emails>
    <email>
      <value>framet0@pbs.org</value>
      <classification>C</classification>
      <restricted>false</restricted>
    </email>
    <email>
      <value>jwhetson1@cornell.edu</value>
      <classification>U</classification>
      <restricted>false</restricted>
    </email>
  </emails>
  <phone>731-373-0735</phone>
  <contacts>
    <contact>
      <type>phone</type>
      <value>220-708-7197</value>
    </contact>
    <contact>
      <type>email</type>
      <value>dnewnham1@tripod.com</value>
    </contact>
    <contact>
      <type>phone</type>
      <value>420-154-5491</value>
    </contact>
  </contacts>
  <ssn>
    <value>347-28-1252</value>
    <classification>(S)</classification>
  </ssn>
  <images>
    <image>
      <url>/images/persons/person-03.jpg</url>
      <source>
        <name>Chicago Tribune</name>
        <ts>2014-08-17T18:31:21Z</ts>
        <uploadedBy>abeernaert0</uploadedBy>
      </source>
    </image>
    <image>
      <url>/images/persons/person-06.jpg</url>
      <source>
        <name>New York Times</name>
        <ts>2017-03-16T13:26:50Z</ts>
        <uploadedBy>cnissle0</uploadedBy>
      </source>
    </image>
  </images>
  <addresses>
    <address>
      <street>04325 Parkside Lane</street>
      <city>Salt Lake City</city>
      <state>UT</state>
      <postal>84115</postal>
      <country>United States</country>
      <latitude>40.7145</latitude>
      <longitude>-111.8931</longitude>
    </address>
    <address>
      <street>23 Oneill Trail</street>
      <city>Bridgeport</city>
      <state>CT</state>
      <postal>06673</postal>
      <country>United States</country>
      <latitude>41.3089</latitude>
      <longitude>-73.3637</longitude>
    </address>
  </addresses>
  <schools>
    <school>
      <country>United States</country>
      <name>University of California, Santa Barbara</name>
      <city>Pittsburgh</city>
      <state>PA</state>
      <postal>15274</postal>
      <latitude>40.44</latitude>
      <longitude>-79.9599999</longitude>
      <source>
        <name>USA Today</name>
        <ts>2015-11-16T07:34:28Z</ts>
      </source>
      <source>
        <name>New York Times</name>
        <ts>2020-07-29T14:12:50Z</ts>
      </source>
    </school>
    <school>
      <country>United States</country>
      <name>Adler School of Professional Psychology</name>
      <city>Houston</city>
      <state>TX</state>
      <postal>77299</postal>
      <latitude>29.76</latitude>
      <longitude>-95.36</longitude>
      <source>
        <name>USA Today</name>
        <ts>2012-10-31T10:23:15Z</ts>
      </source>
    </school>
  </schools>
  <status>Inactive</status>
  <sources>
    <source>
      <name>Los Angeles Times</name>
      <ts>2015-04-03T15:03:58Z</ts>
    </source>
  </sources>
  <sources>
    <source>
      <name>Washington Post</name>
      <ts>2019-08-20T16:59:21Z</ts>
    </source>
  </sources>
  <relations>
    <relation>
      <id>/person/10078.xml</id>
      <predicate>livesWith</predicate>
      <imageSrc>/images/persons/person-03.jpg</imageSrc>
      <fullname>Addy Le Lievre </fullname>
      <city>Atlanta</city>
      <state>GA</state>
    </relation>
    <relation>
      <id>/person/10086.xml</id>
      <predicate>worksWith</predicate>
      <imageSrc>/images/persons/person-08.jpg</imageSrc>
      <fullname>Muffin Feyer </fullname>
      <city>Tyler</city>
      <state>TX</state>
    </relation>
  </relations>
  <createdOn>
    <ts>2022-01-13T20:21:33Z</ts>
    <user>adownhamu</user>
  </createdOn>
  <lastUpdated>
    <ts>2022-02-25T16:06:32Z</ts>
    <user>adownhamu</user>
  </lastUpdated>
  <socials>
    <social>
      <site>facebook</site>
      <handle>kboltwood0</handle>
      <address>https://guardian.co.uk/duis/mattis/egestas.html</address>
    </social>
  </socials>
  <memberships>
    <membership>
      <list>list3</list>
      <important>false</important>
      <ts>2022-01-24</ts>
    </membership>
    <membership>
      <list>list10</list>
      <important>false</important>
      <ts>2022-01-15</ts>
    </membership>
    <membership>
      <list>list7</list>
      <important>false</important>
      <ts>2022-02-24</ts>
    </membership>
    <membership>
      <list>list3</list>
      <important>false</important>
      <ts>2022-01-15</ts>
    </membership>
    <membership>
      <list>list7</list>
      <important>true</important>
      <ts>2022-01-15</ts>
    </membership>
  </memberships>
  <links>
    <link>
      <label>Quick View</label>
      <url>http://skyrock.com</url>
      <icon>faEye</icon>
    </link>
    <link>
      <label>Nomination History</label>
      <url>http://cpanel.net</url>
      <icon>faMedal</icon>
    </link>
    <link>
      <label>Comments</label>
      <url>https://webmd.com</url>
      <icon>faComments</icon>
    </link>
  </links>
  <activities>
    <activity>
      <predicate>transferredTo</predicate>
      <place>Topiclounge</place>
      <predplace>transferredTo Topiclounge</predplace>
      <ts>2019-05-30T02:43:51Z</ts>
      <source>
        <name>USA Today</name>
        <ts>2020-06-25T23:30:58Z</ts>
        <createdBy>Roxanna Scotchforth</createdBy>
        <approvedBy>Arron Sallinger</approvedBy>
      </source>
    </activity>
    <activity>
      <predicate>endedAt</predicate>
      <place>Yacero</place>
      <predplace>endedAt Yacero</predplace>
      <ts>2016-03-23T18:29:05Z</ts>
      <source>
        <name>New York Times</name>
        <ts>2020-11-24T14:46:28Z</ts>
        <createdBy>Kerstin Haucke</createdBy>
        <approvedBy>Esme Fibbitts</approvedBy>
      </source>
    </activity>
    <activity>
      <predicate>startedAt</predicate>
      <place>Roombo</place>
      <predplace>startedAt Roombo</predplace>
      <ts>2016-08-30T08:13:45Z</ts>
      <source>
        <name>Chicago Tribune</name>
        <ts>2021-11-13T18:41:18Z</ts>
        <createdBy>Case Ausiello</createdBy>
        <approvedBy>Finlay Powys</approvedBy>
      </source>
    </activity>
  </activities>
  <events>
    <event>
      <predicate>livedIn</predicate>
      <place>Vietnam</place>
      <predplace>livedIn Vietnam</predplace>
      <end>2018-08-26T11:32:53Z</end>
      <start>2016-05-30T02:05:30Z</start>
    </event>
  </events>
  <actions>
    <action>
      <url>https://ft.com</url>
      <icon>faCog</icon>
    </action>
    <action>
      <url>https://phoca.cz</url>
      <icon>faCode</icon>
    </action>
    <action>
      <url>http://i2i.jp</url>
      <icon>faSync</icon>
    </action>
  </actions>
</person>