<?xml version="1.0" encoding="UTF-8" standalone="yes"?>
<person>
  <personId>10032</personId>
  <nameGroup>
    <givenname>
      <value>Faustina</value>
    </givenname>
    <surname>
      <value>Elcock</value>
    </surname>
    <fullname>
      <classification>C</classification>
      <restricted>false</restricted>
      <value>Faustina Elcock </value>
      <source>
        <name>Los Angeles Times</name>
        <ts>2021-08-15T23:35:20Z</ts>
      </source>
    </fullname>
  </nameGroup>
  <emails>
    <email>
      <value>carchibald0@gravatar.com</value>
      <classification>C</classification>
      <restricted>false</restricted>
    </email>
    <email>
      <value>gpauls1@epa.gov</value>
      <classification>C</classification>
      <restricted>false</restricted>
    </email>
    <email>
      <value>mlatey2@arstechnica.com</value>
      <classification>U</classification>
      <restricted>false</restricted>
    </email>
  </emails>
  <phone>396-622-7720</phone>
  <contacts>
    <contact>
      <type>email</type>
      <value>abale0@amazon.de</value>
    </contact>
    <contact>
      <type>email</type>
      <value>halder1@live.com</value>
    </contact>
    <contact>
      <type>email</type>
      <value>ccoules2@merriam-webster.com</value>
    </contact>
  </contacts>
  <ssn>
    <value>169-16-8612</value>
    <classification>(S)</classification>
  </ssn>
  <images>
    <image>
      <url>/images/persons/person-01.jpg</url>
      <source>
        <name>New York Times</name>
        <ts>2021-04-14T10:13:10Z</ts>
        <uploadedBy/>
      </source>
    </image>
    <image>
      <url>/images/persons/person-10.jpg</url>
      <source>
        <name>New York Times</name>
        <ts>2014-12-12T14:27:32Z</ts>
        <uploadedBy>pcenter0</uploadedBy>
      </source>
    </image>
  </images>
  <addresses>
    <address>
      <street>434 Manley Circle</street>
      <city>Washington</city>
      <state>DC</state>
      <postal>20425</postal>
      <country>United States</country>
      <latitude>38.8933</latitude>
      <longitude>-77.0146</longitude>
    </address>
    <address>
      <street>17463 Independence Point</street>
      <city>Des Moines</city>
      <state>IA</state>
      <postal>50362</postal>
      <country>United States</country>
      <latitude>41.6727</latitude>
      <longitude>-93.5722</longitude>
    </address>
  </addresses>
  <schools>
    <school>
      <country>United States</country>
      <name>Ursinus College</name>
      <city>Des Moines</city>
      <state>IA</state>
      <postal>50320</postal>
      <latitude>41.5359175</latitude>
      <longitude>-93.5711466</longitude>
      <source>
        <name>USA Today</name>
        <ts>2010-06-18T22:30:43Z</ts>
      </source>
    </school>
    <school>
      <country>Canada</country>
      <name>Northern Lights College</name>
      <city>Prince Edward</city>
      <state>ON</state>
      <postal>E9H</postal>
      <latitude>46.6202927</latitude>
      <longitude>-64.386599</longitude>
      <source>
        <name>USA Today</name>
        <ts>2012-08-01T02:51:10Z</ts>
      </source>
      <source>
        <name>New York Times</name>
        <ts>2013-05-18T03:12:37Z</ts>
      </source>
    </school>
  </schools>
  <status>Inactive</status>
  <sources>
    <source>
      <name>USA Today</name>
      <ts>2021-12-24T13:16:07Z</ts>
    </source>
  </sources>
  <relations>
    <relation>
      <id>/person/10078.xml</id>
      <predicate>livesWith</predicate>
      <imageSrc>/images/persons/person-03.jpg</imageSrc>
      <fullname>Addy Le Lievre </fullname>
      <city>Atlanta</city>
      <state>GA</state>
    </relation>
    <relation>
      <id>/person/10008.xml</id>
      <predicate>livesWith</predicate>
      <imageSrc>/images/persons/person-06.jpg</imageSrc>
      <fullname>Clair Yurevich </fullname>
      <city>Saint Petersburg</city>
      <state>FL</state>
    </relation>
    <relation>
      <id>/person/10076.xml</id>
      <predicate>livesWith</predicate>
      <imageSrc>/images/persons/person-04.jpg</imageSrc>
      <fullname>Merilee Lamberton </fullname>
      <city>Saint Louis</city>
      <state>MO</state>
    </relation>
    <relation>
      <id>/person/10092.xml</id>
      <predicate>worksWith</predicate>
      <imageSrc>/images/persons/person-07.jpg</imageSrc>
      <fullname>Sharon Forster </fullname>
      <city>Fort Lauderdale</city>
      <state>FL</state>
    </relation>
    <relation>
      <id>/person/10081.xml</id>
      <predicate>worksWith</predicate>
      <imageSrc>/images/persons/person-03.jpg</imageSrc>
      <fullname>George Foad </fullname>
      <city>Fargo</city>
      <state>ND</state>
    </relation>
  </relations>
  <createdOn>
    <ts>2022-01-09T00:45:37Z</ts>
    <user>felcockv</user>
  </createdOn>
  <lastUpdated>
    <ts>2022-01-19T09:52:06Z</ts>
    <user>felcockv</user>
  </lastUpdated>
  <socials>
    <social>
      <site>linkedin</site>
      <handle>isainsberry0</handle>
      <address>http://amazonaws.com/eget/tincidunt.jsp</address>
    </social>
  </socials>
  <memberships/>
  <links>
    <link>
      <label>Quick View</label>
      <url>http://unicef.org</url>
      <icon>faEye</icon>
    </link>
    <link>
      <label>Nomination History</label>
      <url>http://g.co</url>
      <icon>faMedal</icon>
    </link>
    <link>
      <label>Comments</label>
      <url>https://yale.edu</url>
      <icon>faComments</icon>
    </link>
  </links>
  <activities>
    <activity>
      <predicate>startedAt</predicate>
      <place>Snaptags</place>
      <predplace>startedAt Snaptags</predplace>
      <ts>2019-05-24T11:10:58Z</ts>
      <source>
        <name>USA Today</name>
        <ts>2021-06-24T03:58:59Z</ts>
        <createdBy>Catina Guierre</createdBy>
        <approvedBy>Blythe Stoneham</approvedBy>
      </source>
    </activity>
    <activity>
      <predicate>startedAt</predicate>
      <place>Gabspot</place>
      <predplace>startedAt Gabspot</predplace>
      <ts>2014-10-26T19:11:14Z</ts>
      <source>
        <name>New York Times</name>
        <ts>2020-05-20T08:46:24Z</ts>
        <createdBy>Kania Alvey</createdBy>
        <approvedBy>Oneida Lemmon</approvedBy>
      </source>
    </activity>
    <activity>
      <predicate>movedTo</predicate>
      <place>Mynte</place>
      <predplace>movedTo Mynte</predplace>
      <ts>2020-02-18T11:20:46Z</ts>
      <source>
        <name>Chicago Tribune</name>
        <ts>2020-05-28T15:53:30Z</ts>
        <createdBy>Georgianne Pevsner</createdBy>
        <approvedBy>Mike Hardaker</approvedBy>
      </source>
    </activity>
    <activity>
      <predicate>startedAt</predicate>
      <place>Edgetag</place>
      <predplace>startedAt Edgetag</predplace>
      <ts>2016-06-24T06:10:35Z</ts>
      <source>
        <name>Los Angeles Times</name>
        <ts>2020-01-22T22:28:56Z</ts>
        <createdBy>York Servis</createdBy>
        <approvedBy>Zora Studdal</approvedBy>
      </source>
    </activity>
  </activities>
  <events>
    <event>
      <predicate>visited</predicate>
      <place>Portugal</place>
      <predplace>visited Portugal</predplace>
      <end>2018-05-13T21:12:35Z</end>
      <start>2015-01-16T16:37:29Z</start>
    </event>
  </events>
  <actions>
    <action>
      <url>http://linkedin.com</url>
      <icon>faCog</icon>
    </action>
    <action>
      <url>https://cocolog-nifty.com</url>
      <icon>faCode</icon>
    </action>
    <action>
      <url>http://soup.io</url>
      <icon>faSync</icon>
    </action>
  </actions>
</person>