<?xml version="1.0" encoding="UTF-8" standalone="yes"?>
<person>
  <personId>10036</personId>
  <nameGroup>
    <givenname>
      <value>Tomaso</value>
    </givenname>
    <surname>
      <value>Harty</value>
    </surname>
    <fullname>
      <classification>U</classification>
      <restricted>true</restricted>
      <value>Tomaso Harty </value>
      <source>
        <name>Washington Post</name>
        <ts>2021-06-09T10:20:13Z</ts>
      </source>
    </fullname>
  </nameGroup>
  <emails>
    <email>
      <value>eebbs0@statcounter.com</value>
      <classification>U</classification>
      <restricted>false</restricted>
    </email>
    <email>
      <value>acamin1@xrea.com</value>
      <classification>U</classification>
      <restricted>false</restricted>
    </email>
    <email>
      <value>naires2@hexun.com</value>
      <classification>U</classification>
      <restricted>false</restricted>
    </email>
  </emails>
  <phone>482-376-3003</phone>
  <contacts>
    <contact>
      <type>email</type>
      <value>cjerman0@storify.com</value>
    </contact>
    <contact>
      <type>phone</type>
      <value>642-285-8293</value>
    </contact>
    <contact>
      <type>phone</type>
      <value>289-641-3611</value>
    </contact>
  </contacts>
  <ssn>
    <value>824-04-8229</value>
    <classification>(S)</classification>
  </ssn>
  <images>
    <image>
      <url>/images/persons/person-09.jpg</url>
      <source>
        <name>Washington Post</name>
        <ts>2016-06-29T21:54:53Z</ts>
        <uploadedBy>atrayte0</uploadedBy>
      </source>
    </image>
  </images>
  <addresses>
    <address>
      <street>89053 Fulton Place</street>
      <city>Wilmington</city>
      <state>DE</state>
      <postal>19805</postal>
      <country>United States</country>
      <latitude>39.7434</latitude>
      <longitude>-75.5827</longitude>
    </address>
  </addresses>
  <schools>
    <school>
      <country>United States</country>
      <name>Georgia Health Sciences University</name>
      <city>Shawnee Mission</city>
      <state>KS</state>
      <postal>66205</postal>
      <latitude>39.0277832</latitude>
      <longitude>-94.6557914</longitude>
      <source>
        <name>USA Today</name>
        <ts>2018-12-12T23:08:07Z</ts>
      </source>
      <source>
        <name>New York Times</name>
        <ts>2014-12-17T19:59:57Z</ts>
      </source>
      <source>
        <name>Chicago Tribune</name>
        <ts>2013-04-02T11:10:02Z</ts>
      </source>
    </school>
  </schools>
  <status>Inactive</status>
  <sources>
    <source>
      <name>USA Today</name>
      <ts>2011-12-09T02:51:25Z</ts>
    </source>
  </sources>
  <relations>
    <relation>
      <id>/person/10031.xml</id>
      <predicate>relatedTo</predicate>
      <imageSrc>/images/persons/person-03.jpg</imageSrc>
      <fullname>Adamo Downham </fullname>
      <city>Salt Lake City</city>
      <state>UT</state>
    </relation>
    <relation>
      <id>/person/10034.xml</id>
      <predicate>relatedTo</predicate>
      <imageSrc>/images/persons/person-03.jpg</imageSrc>
      <fullname>Hector Madeley </fullname>
      <city>Indianapolis</city>
      <state>IN</state>
    </relation>
    <relation>
      <id>/person/10067.xml</id>
      <predicate>relatedTo</predicate>
      <imageSrc>/images/persons/person-06.jpg</imageSrc>
      <fullname>Brnaba Boscott </fullname>
      <city>San Antonio</city>
      <state>TX</state>
    </relation>
  </relations>
  <createdOn>
    <ts>2022-01-27T08:19:55Z</ts>
    <user>thartyz</user>
  </createdOn>
  <lastUpdated>
    <ts>2022-01-27T12:50:11Z</ts>
    <user>thartyz</user>
  </lastUpdated>
  <socials>
    <social>
      <site>facebook</site>
      <handle>wpeach0</handle>
      <address>http://narod.ru/integer/ac/leo/pellentesque/ultrices.jsp</address>
    </social>
    <social>
      <site>facebook</site>
      <handle>rivison1</handle>
      <address>http://howstuffworks.com/blandit.js</address>
    </social>
  </socials>
  <memberships>
    <membership>
      <list>list3</list>
      <important>false</important>
      <ts>2022-01-09</ts>
    </membership>
  </memberships>
  <links>
    <link>
      <label>Quick View</label>
      <url>https://pen.io</url>
      <icon>faEye</icon>
    </link>
    <link>
      <label>Nomination History</label>
      <url>http://imgur.com</url>
      <icon>faMedal</icon>
    </link>
    <link>
      <label>Comments</label>
      <url>http://mapy.cz</url>
      <icon>faComments</icon>
    </link>
  </links>
  <activities>
    <activity>
      <predicate>endedAt</predicate>
      <place>Yacero</place>
      <predplace>endedAt Yacero</predplace>
      <ts>2018-09-19T16:56:36Z</ts>
      <source>
        <name>USA Today</name>
        <ts>2022-01-22T03:29:21Z</ts>
        <createdBy>Joshia Corrett</createdBy>
        <approvedBy>Lambert Charlot</approvedBy>
      </source>
    </activity>
    <activity>
      <predicate>movedTo</predicate>
      <place>Dynazzy</place>
      <predplace>movedTo Dynazzy</predplace>
      <ts>2019-02-06T18:04:55Z</ts>
      <source>
        <name>New York Times</name>
        <ts>2021-06-11T06:11:35Z</ts>
        <createdBy>Jerrilee Bea</createdBy>
        <approvedBy>Rudolph Outibridge</approvedBy>
      </source>
    </activity>
    <activity>
      <predicate>startedAt</predicate>
      <place>Zoozzy</place>
      <predplace>startedAt Zoozzy</predplace>
      <ts>2014-11-30T06:20:17Z</ts>
      <source>
        <name>Chicago Tribune</name>
        <ts>2020-03-03T20:15:20Z</ts>
        <createdBy>Rafaellle Wane</createdBy>
        <approvedBy>Tate O'Regan</approvedBy>
      </source>
    </activity>
    <activity>
      <predicate>movedTo</predicate>
      <place>Livetube</place>
      <predplace>movedTo Livetube</predplace>
      <ts>2015-01-06T18:43:30Z</ts>
      <source>
        <name>Los Angeles Times</name>
        <ts>2021-02-07T18:59:45Z</ts>
        <createdBy>Ravi Patterfield</createdBy>
        <approvedBy>Lyndsie Mildenhall</approvedBy>
      </source>
    </activity>
  </activities>
  <events>
    <event>
      <predicate>livedIn</predicate>
      <place>Sweden</place>
      <predplace>livedIn Sweden</predplace>
      <end>2018-05-22T21:48:05Z</end>
      <start>2015-05-22T07:23:27Z</start>
    </event>
  </events>
  <actions>
    <action>
      <url>https://cnet.com</url>
      <icon>faCog</icon>
    </action>
    <action>
      <url>https://seesaa.net</url>
      <icon>faCode</icon>
    </action>
    <action>
      <url>https://posterous.com</url>
      <icon>faSync</icon>
    </action>
  </actions>
</person>