<?xml version="1.0" encoding="UTF-8" standalone="yes"?>
<person>
  <personId>10034</personId>
  <nameGroup>
    <givenname>
      <value>Hector</value>
    </givenname>
    <surname>
      <value>Madeley</value>
    </surname>
    <fullname>
      <classification>C</classification>
      <restricted>true</restricted>
      <value>Hector Madeley </value>
      <source>
        <name>Wall Street Journal</name>
        <ts>2014-06-02T11:51:35Z</ts>
      </source>
      <source>
        <name>New York Times</name>
        <ts>2013-07-17T14:40:51Z</ts>
      </source>
      <source>
        <name>Wall Street Journal</name>
        <ts>2016-01-07T03:31:15Z</ts>
      </source>
    </fullname>
  </nameGroup>
  <emails>
    <email>
      <value>chartington0@1und1.de</value>
      <classification>S</classification>
      <restricted>false</restricted>
    </email>
    <email>
      <value>cmaken1@tripod.com</value>
      <classification>S</classification>
      <restricted>false</restricted>
    </email>
  </emails>
  <phone>197-304-9775</phone>
  <contacts>
    <contact>
      <type>email</type>
      <value>aneve0@adobe.com</value>
    </contact>
    <contact>
      <type>phone</type>
      <value>925-854-1636</value>
    </contact>
    <contact>
      <type>phone</type>
      <value>918-853-4778</value>
    </contact>
  </contacts>
  <ssn>
    <value>231-97-5190</value>
    <classification>(S)</classification>
  </ssn>
  <images>
    <image>
      <url>/images/persons/person-03.jpg</url>
      <source>
        <name>Los Angeles Times</name>
        <ts>2017-02-11T07:31:22Z</ts>
        <uploadedBy>ktruin0</uploadedBy>
      </source>
    </image>
    <image>
      <url>/images/persons/person-06.jpg</url>
      <source>
        <name>Los Angeles Times</name>
        <ts>2019-10-07T12:40:26Z</ts>
        <uploadedBy>kmcgiffie0</uploadedBy>
      </source>
    </image>
    <image>
      <url>/images/persons/person-09.jpg</url>
      <source>
        <name>New York Times</name>
        <ts>2019-04-24T07:49:41Z</ts>
        <uploadedBy>ipuller0</uploadedBy>
      </source>
    </image>
  </images>
  <addresses>
    <address>
      <street>356 Carioca Circle</street>
      <city>Indianapolis</city>
      <state>IN</state>
      <postal>46221</postal>
      <country>United States</country>
      <latitude>39.7509</latitude>
      <longitude>-86.1924</longitude>
    </address>
    <address>
      <street>1273 Warrior Avenue</street>
      <city>Albany</city>
      <state>NY</state>
      <postal>12247</postal>
      <country>United States</country>
      <latitude>42.6149</latitude>
      <longitude>-73.9708</longitude>
    </address>
    <address>
      <street>564 Gateway Plaza</street>
      <city>Greensboro</city>
      <state>NC</state>
      <postal>27499</postal>
      <country>United States</country>
      <latitude>36.0807</latitude>
      <longitude>-80.0244</longitude>
    </address>
  </addresses>
  <schools>
    <school>
      <country>United States</country>
      <name>Worcester State College</name>
      <city>Ogden</city>
      <state>UT</state>
      <postal>84409</postal>
      <latitude>41.2</latitude>
      <longitude>-111.98</longitude>
      <source>
        <name>USA Today</name>
        <ts>2016-02-06T04:11:19Z</ts>
      </source>
      <source>
        <name>New York Times</name>
        <ts>2016-04-14T06:29:49Z</ts>
      </source>
      <source>
        <name>Chicago Tribune</name>
        <ts>2020-03-06T19:24:43Z</ts>
      </source>
    </school>
  </schools>
  <status>Inactive</status>
  <sources>
    <source>
      <name>New York Times</name>
      <ts>2011-09-13T11:13:59Z</ts>
    </source>
  </sources>
  <sources>
    <source>
      <name>Los Angeles Times</name>
      <ts>2015-01-26T04:39:49Z</ts>
    </source>
  </sources>
  <sources>
    <source>
      <name>Chicago Tribune</name>
      <ts>2010-02-23T17:50:03Z</ts>
    </source>
  </sources>
  <relations>
    <relation>
      <id>/person/10022.xml</id>
      <predicate>livesWith</predicate>
      <imageSrc>/images/persons/person-07.jpg</imageSrc>
      <fullname>Parrnell Chandler </fullname>
      <city>El Paso</city>
      <state>TX</state>
    </relation>
    <relation>
      <id>/person/10004.xml</id>
      <predicate>worksWith</predicate>
      <imageSrc>/images/persons/person-07.jpg</imageSrc>
      <fullname>Ora O' Kelleher </fullname>
      <city>Tulsa</city>
      <state>OK</state>
    </relation>
    <relation>
      <id>/person/10045.xml</id>
      <predicate>worksWith</predicate>
      <imageSrc>/images/persons/person-06.jpg</imageSrc>
      <fullname>Leonid Plail </fullname>
      <city>Redwood City</city>
      <state>CA</state>
    </relation>
  </relations>
  <createdOn>
    <ts>2022-01-31T11:09:41Z</ts>
    <user>hmadeleyx</user>
  </createdOn>
  <lastUpdated>
    <ts>2022-02-17T14:22:46Z</ts>
    <user>hmadeleyx</user>
  </lastUpdated>
  <socials>
    <social>
      <site>facebook</site>
      <handle>pstampfer0</handle>
      <address>https://economist.com/mi/sit.js</address>
    </social>
    <social>
      <site>facebook</site>
      <handle>sonn1</handle>
      <address>http://guardian.co.uk/ullamcorper/augue/a/suscipit/nulla/elit.png</address>
    </social>
  </socials>
  <memberships>
    <membership>
      <list>list10</list>
      <important>true</important>
      <ts>2022-01-05</ts>
    </membership>
    <membership>
      <list>list7</list>
      <important>false</important>
      <ts>2022-02-15</ts>
    </membership>
    <membership>
      <list>list8</list>
      <important>true</important>
      <ts>2022-01-20</ts>
    </membership>
    <membership>
      <list>list7</list>
      <important>true</important>
      <ts>2022-01-28</ts>
    </membership>
    <membership>
      <list>list3</list>
      <important>true</important>
      <ts>2022-02-12</ts>
    </membership>
    <membership>
      <list>list6</list>
      <important>true</important>
      <ts>2022-02-16</ts>
    </membership>
  </memberships>
  <links>
    <link>
      <label>Quick View</label>
      <url>http://jigsy.com</url>
      <icon>faEye</icon>
    </link>
    <link>
      <label>Nomination History</label>
      <url>https://netlog.com</url>
      <icon>faMedal</icon>
    </link>
    <link>
      <label>Comments</label>
      <url>https://nytimes.com</url>
      <icon>faComments</icon>
    </link>
  </links>
  <activities>
    <activity>
      <predicate>movedTo</predicate>
      <place>Vinder</place>
      <predplace>movedTo Vinder</predplace>
      <ts>2018-11-06T12:50:48Z</ts>
      <source>
        <name>USA Today</name>
        <ts>2021-04-25T22:20:17Z</ts>
        <createdBy>Ardine Kobpal</createdBy>
        <approvedBy>Mitch Holworth</approvedBy>
      </source>
    </activity>
    <activity>
      <predicate>endedAt</predicate>
      <place>Eimbee</place>
      <predplace>endedAt Eimbee</predplace>
      <ts>2017-12-02T19:17:12Z</ts>
      <source>
        <name>New York Times</name>
        <ts>2021-03-27T11:44:41Z</ts>
        <createdBy>Dre Yannikov</createdBy>
        <approvedBy>Andrea Hought</approvedBy>
      </source>
    </activity>
  </activities>
  <events>
    <event>
      <predicate>livedIn</predicate>
      <place>Indonesia</place>
      <predplace>livedIn Indonesia</predplace>
      <end>2018-01-07T20:08:56Z</end>
      <start>2015-03-30T19:02:16Z</start>
    </event>
  </events>
  <actions>
    <action>
      <url>http://tripadvisor.com</url>
      <icon>faCog</icon>
    </action>
    <action>
      <url>https://yolasite.com</url>
      <icon>faCode</icon>
    </action>
    <action>
      <url>https://ucla.edu</url>
      <icon>faSync</icon>
    </action>
  </actions>
</person>