<?xml version="1.0" encoding="UTF-8" standalone="yes"?>
<person>
  <personId>10044</personId>
  <nameGroup>
    <givenname>
      <value>Theodosia</value>
    </givenname>
    <surname>
      <value>Rayment</value>
    </surname>
    <fullname>
      <classification>C</classification>
      <restricted>true</restricted>
      <value>Theodosia Rayment </value>
      <source>
        <name>Chicago Tribune</name>
        <ts>2021-10-21T08:44:51Z</ts>
      </source>
    </fullname>
  </nameGroup>
  <emails>
    <email>
      <value>hleffek0@php.net</value>
      <classification>S</classification>
      <restricted>false</restricted>
    </email>
  </emails>
  <phone>626-868-1395</phone>
  <contacts>
    <contact>
      <type>phone</type>
      <value>914-128-0469</value>
    </contact>
    <contact>
      <type>email</type>
      <value>pbiaggi1@alexa.com</value>
    </contact>
    <contact>
      <type>phone</type>
      <value>661-339-9410</value>
    </contact>
  </contacts>
  <ssn>
    <value>570-69-0097</value>
    <classification>(S)</classification>
  </ssn>
  <images>
    <image>
      <url>/images/persons/person-09.jpg</url>
      <source>
        <name>New York Times</name>
        <ts>2010-07-12T10:24:05Z</ts>
        <uploadedBy>cbillingsly0</uploadedBy>
      </source>
    </image>
    <image>
      <url>/images/persons/person-08.jpg</url>
      <source>
        <name>Washington Post</name>
        <ts>2021-03-01T12:12:42Z</ts>
        <uploadedBy>gwallerbridge0</uploadedBy>
      </source>
    </image>
  </images>
  <addresses>
    <address>
      <street>631 Carpenter Crossing</street>
      <city>Seattle</city>
      <state>WA</state>
      <postal>98104</postal>
      <country>United States</country>
      <latitude>47.6036</latitude>
      <longitude>-122.3256</longitude>
    </address>
    <address>
      <street>135 Manley Crossing</street>
      <city>Fort Worth</city>
      <state>TX</state>
      <postal>76192</postal>
      <country>United States</country>
      <latitude>32.7714</latitude>
      <longitude>-97.2915</longitude>
    </address>
  </addresses>
  <schools>
    <school>
      <country>United States</country>
      <name>Holy Cross College</name>
      <city>Akron</city>
      <state>OH</state>
      <postal>44310</postal>
      <latitude>41.1024492</latitude>
      <longitude>-81.4992884</longitude>
      <source>
        <name>USA Today</name>
        <ts>2021-09-02T17:29:19Z</ts>
      </source>
      <source>
        <name>New York Times</name>
        <ts>2011-06-03T10:35:36Z</ts>
      </source>
    </school>
    <school>
      <country>United States</country>
      <name>Columbia College Chicago</name>
      <city>Jamaica</city>
      <state>NY</state>
      <postal>11470</postal>
      <latitude>40.6998888</latitude>
      <longitude>-73.8076421</longitude>
      <source>
        <name>USA Today</name>
        <ts>2021-06-11T19:16:15Z</ts>
      </source>
      <source>
        <name>New York Times</name>
        <ts>2011-06-22T06:16:56Z</ts>
      </source>
      <source>
        <name>Chicago Tribune</name>
        <ts>2010-04-19T12:29:16Z</ts>
      </source>
    </school>
  </schools>
  <status>Inactive</status>
  <sources>
    <source>
      <name>New York Times</name>
      <ts>2011-04-02T20:22:25Z</ts>
    </source>
  </sources>
  <sources>
    <source>
      <name>USA Today</name>
      <ts>2014-08-08T20:58:35Z</ts>
    </source>
  </sources>
  <relations>
    <relation>
      <id>/person/10037.xml</id>
      <predicate>worksWith</predicate>
      <imageSrc>/images/persons/person-08.jpg</imageSrc>
      <fullname>Alli Langeley </fullname>
      <city>Tacoma</city>
      <state>WA</state>
    </relation>
    <relation>
      <id>/person/10071.xml</id>
      <predicate>worksWith</predicate>
      <imageSrc>/images/persons/person-02.jpg</imageSrc>
      <fullname>Hope Firpo </fullname>
      <city>Des Moines</city>
      <state>IA</state>
    </relation>
    <relation>
      <id>/person/10052.xml</id>
      <predicate>worksWith</predicate>
      <imageSrc>/images/persons/person-05.jpg</imageSrc>
      <fullname>Celestine Cogger </fullname>
      <city>New York City</city>
      <state>NY</state>
    </relation>
  </relations>
  <createdOn>
    <ts>2022-02-13T08:14:14Z</ts>
    <user>trayment17</user>
  </createdOn>
  <lastUpdated>
    <ts>2022-01-08T22:18:30Z</ts>
    <user>trayment17</user>
  </lastUpdated>
  <socials>
    <social>
      <site>twitter</site>
      <handle>aromanini0</handle>
      <address>http://skyrock.com/libero/nullam/sit/amet/turpis.jsp</address>
    </social>
    <social>
      <site>facebook</site>
      <handle>ijakoubek1</handle>
      <address>https://oaic.gov.au/eu/est/congue/elementum/in.xml</address>
    </social>
  </socials>
  <memberships>
    <membership>
      <list>list7</list>
      <important>false</important>
      <ts>2022-01-28</ts>
    </membership>
    <membership>
      <list>list11</list>
      <important>true</important>
      <ts>2022-01-27</ts>
    </membership>
    <membership>
      <list>list4</list>
      <important>false</important>
      <ts>2022-02-02</ts>
    </membership>
    <membership>
      <list>list11</list>
      <important>false</important>
      <ts>2022-01-28</ts>
    </membership>
  </memberships>
  <links>
    <link>
      <label>Quick View</label>
      <url>https://mac.com</url>
      <icon>faEye</icon>
    </link>
    <link>
      <label>Nomination History</label>
      <url>https://google.com.hk</url>
      <icon>faMedal</icon>
    </link>
    <link>
      <label>Comments</label>
      <url>http://plala.or.jp</url>
      <icon>faComments</icon>
    </link>
  </links>
  <activities>
    <activity>
      <predicate>transferredTo</predicate>
      <place>Camido</place>
      <predplace>transferredTo Camido</predplace>
      <ts>2018-12-18T14:20:22Z</ts>
      <source>
        <name>USA Today</name>
        <ts>2021-07-11T22:43:12Z</ts>
        <createdBy>Eugen Leggis</createdBy>
        <approvedBy>Drake Bonas</approvedBy>
      </source>
    </activity>
    <activity>
      <predicate>transferredTo</predicate>
      <place>Bluezoom</place>
      <predplace>transferredTo Bluezoom</predplace>
      <ts>2019-05-08T03:01:52Z</ts>
      <source>
        <name>New York Times</name>
        <ts>2022-02-03T18:39:21Z</ts>
        <createdBy>Arlen Greatbank</createdBy>
        <approvedBy>Cherin Reid</approvedBy>
      </source>
    </activity>
    <activity>
      <predicate>movedTo</predicate>
      <place>Realmix</place>
      <predplace>movedTo Realmix</predplace>
      <ts>2017-06-12T00:02:17Z</ts>
      <source>
        <name>Chicago Tribune</name>
        <ts>2021-03-30T18:43:43Z</ts>
        <createdBy>Milicent Fulk</createdBy>
        <approvedBy>Warner Heselwood</approvedBy>
      </source>
    </activity>
    <activity>
      <predicate>endedAt</predicate>
      <place>Zooveo</place>
      <predplace>endedAt Zooveo</predplace>
      <ts>2020-01-07T20:07:48Z</ts>
      <source>
        <name>Los Angeles Times</name>
        <ts>2021-06-21T19:03:24Z</ts>
        <createdBy>Norris Oubridge</createdBy>
        <approvedBy>Moll O'Roan</approvedBy>
      </source>
    </activity>
  </activities>
  <events>
    <event>
      <predicate>livedIn</predicate>
      <place>Ukraine</place>
      <predplace>livedIn Ukraine</predplace>
      <end>2017-04-17T07:02:45Z</end>
      <start>2015-09-18T02:15:45Z</start>
    </event>
  </events>
  <actions>
    <action>
      <url>http://geocities.com</url>
      <icon>faCog</icon>
    </action>
    <action>
      <url>https://usatoday.com</url>
      <icon>faCode</icon>
    </action>
    <action>
      <url>http://hp.com</url>
      <icon>faSync</icon>
    </action>
  </actions>
</person>