<?xml version="1.0" encoding="UTF-8" standalone="yes"?>
<person>
  <personId>10049</personId>
  <nameGroup>
    <givenname>
      <value>Bianka</value>
    </givenname>
    <surname>
      <value>Howsego</value>
    </surname>
    <fullname>
      <classification>S</classification>
      <restricted>true</restricted>
      <value>Bianka Howsego </value>
      <source>
        <name>Wall Street Journal</name>
        <ts>2016-12-01T07:38:34Z</ts>
      </source>
    </fullname>
  </nameGroup>
  <emails>
    <email>
      <value>gcausley0@amazon.de</value>
      <classification>S</classification>
      <restricted>false</restricted>
    </email>
  </emails>
  <phone>838-494-1277</phone>
  <contacts>
    <contact>
      <type>phone</type>
      <value>223-951-4014</value>
    </contact>
    <contact>
      <type>email</type>
      <value>dmullender1@imdb.com</value>
    </contact>
    <contact>
      <type>phone</type>
      <value>241-434-8397</value>
    </contact>
  </contacts>
  <ssn>
    <value>784-42-6517</value>
    <classification>(S)</classification>
  </ssn>
  <images>
    <image>
      <url>/images/persons/person-02.jpg</url>
      <source>
        <name>Los Angeles Times</name>
        <ts>2019-01-12T13:25:24Z</ts>
        <uploadedBy>marnley0</uploadedBy>
      </source>
    </image>
    <image>
      <url>/images/persons/person-03.jpg</url>
      <source>
        <name>Chicago Tribune</name>
        <ts>2019-07-29T07:50:23Z</ts>
        <uploadedBy>dwerndley0</uploadedBy>
      </source>
    </image>
  </images>
  <addresses>
    <address>
      <street>012 Fair Oaks Circle</street>
      <city>Colorado Springs</city>
      <state>CO</state>
      <postal>80951</postal>
      <country>United States</country>
      <latitude>38.8881</latitude>
      <longitude>-104.6556</longitude>
    </address>
    <address>
      <street>46 Chive Avenue</street>
      <city>Texarkana</city>
      <state>TX</state>
      <postal>75507</postal>
      <country>United States</country>
      <latitude>33.3934</latitude>
      <longitude>-94.3404</longitude>
    </address>
    <address>
      <street>00 Sycamore Parkway</street>
      <city>Boston</city>
      <state>MA</state>
      <postal>02163</postal>
      <country>United States</country>
      <latitude>42.3253</latitude>
      <longitude>-71.1122</longitude>
    </address>
  </addresses>
  <schools>
    <school>
      <country>United States</country>
      <name>Sinte Gleska University</name>
      <city>Mesa</city>
      <state>AZ</state>
      <postal>85205</postal>
      <latitude>33.4335164</latitude>
      <longitude>-111.7256936</longitude>
      <source>
        <name>USA Today</name>
        <ts>2013-08-20T17:02:41Z</ts>
      </source>
      <source>
        <name>New York Times</name>
        <ts>2016-06-18T15:55:57Z</ts>
      </source>
    </school>
  </schools>
  <status>Active</status>
  <sources>
    <source>
      <name>Wall Street Journal</name>
      <ts>2019-03-07T12:32:02Z</ts>
    </source>
  </sources>
  <sources>
    <source>
      <name>Chicago Tribune</name>
      <ts>2016-02-17T07:08:46Z</ts>
    </source>
  </sources>
  <relations>
    <relation>
      <id>/person/10073.xml</id>
      <predicate>relatedTo</predicate>
      <imageSrc>/images/persons/person-04.jpg</imageSrc>
      <fullname>Hakim Mattisssen </fullname>
      <city>Newton</city>
      <state>MA</state>
    </relation>
    <relation>
      <id>/person/10066.xml</id>
      <predicate>worksWith</predicate>
      <imageSrc>/images/persons/person-06.jpg</imageSrc>
      <fullname>Pren Debold </fullname>
      <city>Fort Smith</city>
      <state>AR</state>
    </relation>
    <relation>
      <id>/person/10008.xml</id>
      <predicate>relatedTo</predicate>
      <imageSrc>/images/persons/person-06.jpg</imageSrc>
      <fullname>Clair Yurevich </fullname>
      <city>Saint Petersburg</city>
      <state>FL</state>
    </relation>
  </relations>
  <createdOn>
    <ts>2022-02-07T13:35:07Z</ts>
    <user>bhowsego1c</user>
  </createdOn>
  <lastUpdated>
    <ts>2022-01-12T11:00:16Z</ts>
    <user>bhowsego1c</user>
  </lastUpdated>
  <socials>
    <social>
      <site>linkedin</site>
      <handle>kcholonin0</handle>
      <address>https://1688.com/pede/libero.jsp</address>
    </social>
  </socials>
  <memberships>
    <membership>
      <list>list7</list>
      <important>false</important>
      <ts>2022-01-26</ts>
    </membership>
    <membership>
      <list>list11</list>
      <important>false</important>
      <ts>2022-02-13</ts>
    </membership>
    <membership>
      <list>list6</list>
      <important>true</important>
      <ts>2022-02-25</ts>
    </membership>
    <membership>
      <list>list11</list>
      <important>true</important>
      <ts>2022-02-13</ts>
    </membership>
  </memberships>
  <links>
    <link>
      <label>Quick View</label>
      <url>http://howstuffworks.com</url>
      <icon>faEye</icon>
    </link>
    <link>
      <label>Nomination History</label>
      <url>http://businessinsider.com</url>
      <icon>faMedal</icon>
    </link>
    <link>
      <label>Comments</label>
      <url>http://exblog.jp</url>
      <icon>faComments</icon>
    </link>
  </links>
  <activities>
    <activity>
      <predicate>transferredTo</predicate>
      <place>Dynabox</place>
      <predplace>transferredTo Dynabox</predplace>
      <ts>2012-03-17T03:03:58Z</ts>
      <source>
        <name>USA Today</name>
        <ts>2020-10-02T06:12:56Z</ts>
        <createdBy>Helaine Hunnaball</createdBy>
        <approvedBy>Brenna Mostyn</approvedBy>
      </source>
    </activity>
    <activity>
      <predicate>startedAt</predicate>
      <place>Meemm</place>
      <predplace>startedAt Meemm</predplace>
      <ts>2017-05-11T15:17:51Z</ts>
      <source>
        <name>New York Times</name>
        <ts>2020-05-07T19:22:45Z</ts>
        <createdBy>Gussie Arniz</createdBy>
        <approvedBy>Clare Horsted</approvedBy>
      </source>
    </activity>
    <activity>
      <predicate>transferredTo</predicate>
      <place>Trilith</place>
      <predplace>transferredTo Trilith</predplace>
      <ts>2019-10-02T03:11:10Z</ts>
      <source>
        <name>Chicago Tribune</name>
        <ts>2022-02-27T23:21:34Z</ts>
        <createdBy>Skelly Shemwell</createdBy>
        <approvedBy>Cindra Paulet</approvedBy>
      </source>
    </activity>
    <activity>
      <predicate>transferredTo</predicate>
      <place>Realmix</place>
      <predplace>transferredTo Realmix</predplace>
      <ts>2017-12-25T16:48:57Z</ts>
      <source>
        <name>Los Angeles Times</name>
        <ts>2021-06-17T18:24:59Z</ts>
        <createdBy>Nert Cancott</createdBy>
        <approvedBy>Catie Gresser</approvedBy>
      </source>
    </activity>
    <activity>
      <predicate>transferredTo</predicate>
      <place>Camimbo</place>
      <predplace>transferredTo Camimbo</predplace>
      <ts>2019-02-05T06:31:33Z</ts>
      <source>
        <name>Wall Street Journal</name>
        <ts>2020-03-09T04:07:34Z</ts>
        <createdBy>Clo Dobkin</createdBy>
        <approvedBy>Giorgia Malham</approvedBy>
      </source>
    </activity>
  </activities>
  <events>
    <event>
      <predicate>servedIn</predicate>
      <place>Tanzania</place>
      <predplace>servedIn Tanzania</predplace>
      <end>2018-03-08T13:20:40Z</end>
      <start>2015-08-04T06:51:18Z</start>
    </event>
  </events>
  <actions>
    <action>
      <url>http://reuters.com</url>
      <icon>faCog</icon>
    </action>
    <action>
      <url>https://webeden.co.uk</url>
      <icon>faCode</icon>
    </action>
    <action>
      <url>http://last.fm</url>
      <icon>faSync</icon>
    </action>
  </actions>
</person>