<?xml version="1.0" encoding="UTF-8" standalone="yes"?>
<person>
  <personId>10040</personId>
  <nameGroup>
    <givenname>
      <value>Lib</value>
    </givenname>
    <surname>
      <value>Yurocjkin</value>
    </surname>
    <fullname>
      <classification>U</classification>
      <restricted>false</restricted>
      <value>Lib Yurocjkin </value>
      <source>
        <name>Chicago Tribune</name>
        <ts>2016-09-18T00:29:29Z</ts>
      </source>
      <source>
        <name>Washington Post</name>
        <ts>2015-11-07T03:55:02Z</ts>
      </source>
    </fullname>
  </nameGroup>
  <emails>
    <email>
      <value>agillam0@addthis.com</value>
      <classification>C</classification>
      <restricted>false</restricted>
    </email>
    <email>
      <value>hofeeny1@wikimedia.org</value>
      <classification>C</classification>
      <restricted>false</restricted>
    </email>
    <email>
      <value>mgoch2@wired.com</value>
      <classification>U</classification>
      <restricted>false</restricted>
    </email>
  </emails>
  <phone>458-861-2701</phone>
  <contacts>
    <contact>
      <type>email</type>
      <value>htapscott0@newyorker.com</value>
    </contact>
    <contact>
      <type>phone</type>
      <value>910-741-7513</value>
    </contact>
    <contact>
      <type>phone</type>
      <value>277-222-9489</value>
    </contact>
  </contacts>
  <ssn>
    <value>492-23-4707</value>
    <classification>(S)</classification>
  </ssn>
  <images>
    <image>
      <url>/images/persons/person-05.jpg</url>
      <source>
        <name>Los Angeles Times</name>
        <ts>2012-05-19T20:07:02Z</ts>
        <uploadedBy>pshellard0</uploadedBy>
      </source>
    </image>
  </images>
  <addresses>
    <address>
      <street>075 Havey Hill</street>
      <city>Nashville</city>
      <state>TN</state>
      <postal>37228</postal>
      <country>United States</country>
      <latitude>36.1901</latitude>
      <longitude>-86.8053</longitude>
    </address>
    <address>
      <street>6931 Mayfield Parkway</street>
      <city>Charleston</city>
      <state>WV</state>
      <postal>25305</postal>
      <country>United States</country>
      <latitude>38.3358</latitude>
      <longitude>-81.6123</longitude>
    </address>
  </addresses>
  <schools>
    <school>
      <country>Canada</country>
      <name>St. Thomas University</name>
      <city>Nicolet</city>
      <state>QC</state>
      <postal>J3T</postal>
      <latitude>46.239782</latitude>
      <longitude>-72.597424</longitude>
      <source>
        <name>USA Today</name>
        <ts>2017-09-16T17:30:15Z</ts>
      </source>
    </school>
  </schools>
  <status>Active</status>
  <sources>
    <source>
      <name>New York Times</name>
      <ts>2013-09-11T10:19:13Z</ts>
    </source>
  </sources>
  <sources>
    <source>
      <name>Wall Street Journal</name>
      <ts>2010-11-01T15:21:32Z</ts>
    </source>
  </sources>
  <sources>
    <source>
      <name>Washington Post</name>
      <ts>2013-08-24T15:49:28Z</ts>
    </source>
  </sources>
  <relations>
    <relation>
      <id>/person/10053.xml</id>
      <predicate>worksWith</predicate>
      <imageSrc>/images/persons/person-09.jpg</imageSrc>
      <fullname>Claire Michelet </fullname>
      <city>Alhambra</city>
      <state>CA</state>
    </relation>
    <relation>
      <id>/person/10006.xml</id>
      <predicate>relatedTo</predicate>
      <imageSrc>/images/persons/person-09.jpg</imageSrc>
      <fullname>Gannon Gecke </fullname>
      <city>Corpus Christi</city>
      <state>TX</state>
    </relation>
    <relation>
      <id>/person/10050.xml</id>
      <predicate>relatedTo</predicate>
      <imageSrc>/images/persons/person-01.jpg</imageSrc>
      <fullname>Orland Mears </fullname>
      <city>Houston</city>
      <state>TX</state>
    </relation>
    <relation>
      <id>/person/10067.xml</id>
      <predicate>worksWith</predicate>
      <imageSrc>/images/persons/person-06.jpg</imageSrc>
      <fullname>Brnaba Boscott </fullname>
      <city>San Antonio</city>
      <state>TX</state>
    </relation>
  </relations>
  <createdOn>
    <ts>2022-02-07T17:43:09Z</ts>
    <user>lyurocjkin13</user>
  </createdOn>
  <lastUpdated>
    <ts>2022-01-05T02:40:49Z</ts>
    <user>lyurocjkin13</user>
  </lastUpdated>
  <socials>
    <social>
      <site>twitter</site>
      <handle>aandreu0</handle>
      <address>http://mlb.com/quis/libero/nullam.jpg</address>
    </social>
  </socials>
  <memberships>
    <membership>
      <list>list7</list>
      <important>true</important>
      <ts>2022-01-11</ts>
    </membership>
    <membership>
      <list>list11</list>
      <important>true</important>
      <ts>2022-01-13</ts>
    </membership>
    <membership>
      <list>list7</list>
      <important>true</important>
      <ts>2022-01-28</ts>
    </membership>
    <membership>
      <list>list6</list>
      <important>false</important>
      <ts>2022-01-24</ts>
    </membership>
    <membership>
      <list>list8</list>
      <important>true</important>
      <ts>2022-01-12</ts>
    </membership>
    <membership>
      <list>list11</list>
      <important>true</important>
      <ts>2022-02-12</ts>
    </membership>
  </memberships>
  <links>
    <link>
      <label>Quick View</label>
      <url>http://auda.org.au</url>
      <icon>faEye</icon>
    </link>
    <link>
      <label>Nomination History</label>
      <url>http://eventbrite.com</url>
      <icon>faMedal</icon>
    </link>
    <link>
      <label>Comments</label>
      <url>https://google.de</url>
      <icon>faComments</icon>
    </link>
  </links>
  <activities>
    <activity>
      <predicate>transferredTo</predicate>
      <place>Livefish</place>
      <predplace>transferredTo Livefish</predplace>
      <ts>2013-04-06T06:49:02Z</ts>
      <source>
        <name>USA Today</name>
        <ts>2022-01-31T07:19:18Z</ts>
        <createdBy>Kori Prosch</createdBy>
        <approvedBy>Ware Gurney</approvedBy>
      </source>
    </activity>
    <activity>
      <predicate>endedAt</predicate>
      <place>Fivebridge</place>
      <predplace>endedAt Fivebridge</predplace>
      <ts>2015-09-19T06:47:35Z</ts>
      <source>
        <name>New York Times</name>
        <ts>2021-06-30T21:28:05Z</ts>
        <createdBy>Blondy Pabelik</createdBy>
        <approvedBy>Evaleen Tremoille</approvedBy>
      </source>
    </activity>
    <activity>
      <predicate>movedTo</predicate>
      <place>Tekfly</place>
      <predplace>movedTo Tekfly</predplace>
      <ts>2016-02-24T11:45:38Z</ts>
      <source>
        <name>Chicago Tribune</name>
        <ts>2021-08-30T23:24:24Z</ts>
        <createdBy>Free Castelin</createdBy>
        <approvedBy>Anna-diane Goodison</approvedBy>
      </source>
    </activity>
  </activities>
  <events>
    <event>
      <predicate>visited</predicate>
      <place>United States</place>
      <predplace>visited United States</predplace>
      <end>2017-12-13T20:50:12Z</end>
      <start>2015-03-04T06:17:19Z</start>
    </event>
  </events>
  <actions>
    <action>
      <url>https://sbwire.com</url>
      <icon>faCog</icon>
    </action>
    <action>
      <url>https://tamu.edu</url>
      <icon>faCode</icon>
    </action>
    <action>
      <url>https://tmall.com</url>
      <icon>faSync</icon>
    </action>
  </actions>
</person>