<?xml version="1.0" encoding="UTF-8" standalone="yes"?>
<person>
  <personId>10041</personId>
  <nameGroup>
    <givenname>
      <value>Rene</value>
    </givenname>
    <surname>
      <value>Drew-Clifton</value>
    </surname>
    <fullname>
      <classification>U</classification>
      <restricted>false</restricted>
      <value>Rene Drew-Clifton </value>
      <source>
        <name>Washington Post</name>
        <ts>2014-01-29T01:12:45Z</ts>
      </source>
    </fullname>
  </nameGroup>
  <emails>
    <email>
      <value>dbartocci0@bloomberg.com</value>
      <classification>S</classification>
      <restricted>false</restricted>
    </email>
    <email>
      <value>aganders1@who.int</value>
      <classification>C</classification>
      <restricted>false</restricted>
    </email>
    <email>
      <value>mhoff2@eventbrite.com</value>
      <classification>U</classification>
      <restricted>false</restricted>
    </email>
  </emails>
  <phone>801-636-0960</phone>
  <contacts>
    <contact>
      <type>phone</type>
      <value>234-850-6161</value>
    </contact>
    <contact>
      <type>email</type>
      <value>arucklidge1@miitbeian.gov.cn</value>
    </contact>
    <contact>
      <type>phone</type>
      <value>721-320-1848</value>
    </contact>
  </contacts>
  <ssn>
    <value>261-24-4693</value>
    <classification>(S)</classification>
  </ssn>
  <images>
    <image>
      <url>/images/persons/person-04.jpg</url>
      <source>
        <name>Washington Post</name>
        <ts>2013-12-20T06:38:59Z</ts>
        <uploadedBy>scadden0</uploadedBy>
      </source>
    </image>
    <image>
      <url>/images/persons/person-04.jpg</url>
      <source>
        <name>New York Times</name>
        <ts>2012-10-15T02:42:42Z</ts>
        <uploadedBy/>
      </source>
    </image>
    <image>
      <url>/images/persons/person-06.jpg</url>
      <source>
        <name>Wall Street Journal</name>
        <ts>2017-08-04T11:51:48Z</ts>
        <uploadedBy>cnoel0</uploadedBy>
      </source>
    </image>
  </images>
  <addresses>
    <address>
      <street>3279 Pine View Parkway</street>
      <city>San Antonio</city>
      <state>TX</state>
      <postal>78230</postal>
      <country>United States</country>
      <latitude>29.5407</latitude>
      <longitude>-98.5521</longitude>
    </address>
  </addresses>
  <schools>
    <school>
      <country>Canada</country>
      <name>St. Thomas University</name>
      <city>Burgeo</city>
      <state>NL</state>
      <postal>N9A</postal>
      <latitude>47.61668</latitude>
      <longitude>-57.61516</longitude>
      <source>
        <name>USA Today</name>
        <ts>2021-10-31T00:23:54Z</ts>
      </source>
      <source>
        <name>New York Times</name>
        <ts>2010-07-18T22:50:40Z</ts>
      </source>
      <source>
        <name>Chicago Tribune</name>
        <ts>2013-03-24T06:55:37Z</ts>
      </source>
    </school>
    <school>
      <country>Mexico</country>
      <name>Instituto Tecnológico Autonómo de México</name>
      <city>La Soledad</city>
      <state>MIC</state>
      <postal>58118</postal>
      <latitude>19.7267712</latitude>
      <longitude>-101.1850967</longitude>
      <source>
        <name>USA Today</name>
        <ts>2013-05-04T14:21:37Z</ts>
      </source>
      <source>
        <name>New York Times</name>
        <ts>2010-02-13T16:14:13Z</ts>
      </source>
      <source>
        <name>Chicago Tribune</name>
        <ts>2014-08-09T11:56:05Z</ts>
      </source>
    </school>
  </schools>
  <status>Active</status>
  <sources>
    <source>
      <name>USA Today</name>
      <ts>2015-02-09T05:10:41Z</ts>
    </source>
  </sources>
  <sources>
    <source>
      <name>USA Today</name>
      <ts>2011-08-12T10:38:42Z</ts>
    </source>
  </sources>
  <relations>
    <relation>
      <id>/person/10100.xml</id>
      <predicate>livesWith</predicate>
      <imageSrc>/images/persons/person-09.jpg</imageSrc>
      <fullname>Gav Flagg </fullname>
      <city>Fullerton</city>
      <state>CA</state>
    </relation>
    <relation>
      <id>/person/10048.xml</id>
      <predicate>worksWith</predicate>
      <imageSrc>/images/persons/person-01.jpg</imageSrc>
      <fullname>Anatola Elman </fullname>
      <city>Colorado Springs</city>
      <state>CO</state>
    </relation>
    <relation>
      <id>/person/10037.xml</id>
      <predicate>relatedTo</predicate>
      <imageSrc>/images/persons/person-08.jpg</imageSrc>
      <fullname>Alli Langeley </fullname>
      <city>Tacoma</city>
      <state>WA</state>
    </relation>
    <relation>
      <id>/person/10097.xml</id>
      <predicate>worksWith</predicate>
      <imageSrc>/images/persons/person-01.jpg</imageSrc>
      <fullname>Faydra Habben </fullname>
      <city>El Paso</city>
      <state>TX</state>
    </relation>
  </relations>
  <createdOn>
    <ts>2022-01-26T09:55:16Z</ts>
    <user>rdrewclifton14</user>
  </createdOn>
  <lastUpdated>
    <ts>2022-01-31T21:04:42Z</ts>
    <user>rdrewclifton14</user>
  </lastUpdated>
  <socials>
    <social>
      <site>twitter</site>
      <handle>gheyns0</handle>
      <address>http://imdb.com/volutpat/quam/pede/lobortis/ligula.xml</address>
    </social>
    <social>
      <site>linkedin</site>
      <handle>everman1</handle>
      <address>https://archive.org/lectus/suspendisse/potenti.html</address>
    </social>
    <social>
      <site>twitter</site>
      <handle>mizsak2</handle>
      <address>http://freewebs.com/nam/ultrices/libero/non/mattis.html</address>
    </social>
  </socials>
  <memberships>
    <membership>
      <list>list1</list>
      <important>false</important>
      <ts>2022-01-08</ts>
    </membership>
  </memberships>
  <links>
    <link>
      <label>Quick View</label>
      <url>https://vinaora.com</url>
      <icon>faEye</icon>
    </link>
    <link>
      <label>Nomination History</label>
      <url>http://feedburner.com</url>
      <icon>faMedal</icon>
    </link>
    <link>
      <label>Comments</label>
      <url>https://usgs.gov</url>
      <icon>faComments</icon>
    </link>
  </links>
  <activities>
    <activity>
      <predicate>startedAt</predicate>
      <place>Aibox</place>
      <predplace>startedAt Aibox</predplace>
      <ts>2015-09-25T00:01:23Z</ts>
      <source>
        <name>USA Today</name>
        <ts>2021-08-14T01:34:03Z</ts>
        <createdBy>Malorie Thrussell</createdBy>
        <approvedBy>Briano Darrow</approvedBy>
      </source>
    </activity>
    <activity>
      <predicate>movedTo</predicate>
      <place>Fatz</place>
      <predplace>movedTo Fatz</predplace>
      <ts>2013-01-28T18:32:17Z</ts>
      <source>
        <name>New York Times</name>
        <ts>2020-03-03T18:51:42Z</ts>
        <createdBy>Denis Goodboddy</createdBy>
        <approvedBy>Rhoda Hostan</approvedBy>
      </source>
    </activity>
  </activities>
  <events>
    <event>
      <predicate>livedIn</predicate>
      <place>China</place>
      <predplace>livedIn China</predplace>
      <end>2017-10-08T13:17:49Z</end>
      <start>2015-10-25T12:40:04Z</start>
    </event>
  </events>
  <actions>
    <action>
      <url>http://wix.com</url>
      <icon>faCog</icon>
    </action>
    <action>
      <url>https://imdb.com</url>
      <icon>faCode</icon>
    </action>
    <action>
      <url>http://sun.com</url>
      <icon>faSync</icon>
    </action>
  </actions>
</person>