<?xml version="1.0" encoding="UTF-8" standalone="yes"?>
<person>
  <personId>10046</personId>
  <nameGroup>
    <givenname>
      <value>Tadeo</value>
    </givenname>
    <surname>
      <value>McCurt</value>
    </surname>
    <fullname>
      <classification>C</classification>
      <restricted>true</restricted>
      <value>Tadeo McCurt </value>
      <source>
        <name>New York Times</name>
        <ts>2015-08-17T17:50:11Z</ts>
      </source>
      <source>
        <name>New York Times</name>
        <ts>2012-09-17T12:11:21Z</ts>
      </source>
      <source>
        <name>Washington Post</name>
        <ts>2017-04-30T04:41:47Z</ts>
      </source>
    </fullname>
  </nameGroup>
  <emails>
    <email>
      <value>kjelkes0@360.cn</value>
      <classification>C</classification>
      <restricted>false</restricted>
    </email>
    <email>
      <value>sdowles1@wix.com</value>
      <classification>U</classification>
      <restricted>false</restricted>
    </email>
    <email>
      <value>panstey2@a8.net</value>
      <classification>S</classification>
      <restricted>false</restricted>
    </email>
  </emails>
  <phone>866-522-8600</phone>
  <contacts>
    <contact>
      <type>phone</type>
      <value>659-353-9490</value>
    </contact>
    <contact>
      <type>email</type>
      <value>mscreach1@friendfeed.com</value>
    </contact>
    <contact>
      <type>email</type>
      <value>nsmidmore2@paginegialle.it</value>
    </contact>
  </contacts>
  <ssn>
    <value>232-28-8341</value>
    <classification>(S)</classification>
  </ssn>
  <images>
    <image>
      <url>/images/persons/person-03.jpg</url>
      <source>
        <name>Washington Post</name>
        <ts>2010-07-20T03:25:45Z</ts>
        <uploadedBy>avarker0</uploadedBy>
      </source>
    </image>
    <image>
      <url>/images/persons/person-09.jpg</url>
      <source>
        <name>Wall Street Journal</name>
        <ts>2020-11-25T02:56:20Z</ts>
        <uploadedBy>pgridon0</uploadedBy>
      </source>
    </image>
    <image>
      <url>/images/persons/person-04.jpg</url>
      <source>
        <name>New York Times</name>
        <ts>2021-10-11T02:08:34Z</ts>
        <uploadedBy>cweathey0</uploadedBy>
      </source>
    </image>
  </images>
  <addresses>
    <address>
      <street>630 Muir Crossing</street>
      <city>Dallas</city>
      <state>TX</state>
      <postal>75387</postal>
      <country>United States</country>
      <latitude>32.7673</latitude>
      <longitude>-96.7776</longitude>
    </address>
    <address>
      <street>994 Elgar Plaza</street>
      <city>Detroit</city>
      <state>MI</state>
      <postal>48275</postal>
      <country>United States</country>
      <latitude>42.2399</latitude>
      <longitude>-83.1508</longitude>
    </address>
  </addresses>
  <schools>
    <school>
      <country>United States</country>
      <name>Mid-American Bible College</name>
      <city>Camden</city>
      <state>NJ</state>
      <postal>08104</postal>
      <latitude>39.9175385</latitude>
      <longitude>-75.1136721</longitude>
      <source>
        <name>USA Today</name>
        <ts>2019-09-07T18:44:11Z</ts>
      </source>
      <source>
        <name>New York Times</name>
        <ts>2010-07-22T15:51:11Z</ts>
      </source>
      <source>
        <name>Chicago Tribune</name>
        <ts>2020-05-31T19:16:23Z</ts>
      </source>
    </school>
    <school>
      <country>United States</country>
      <name>City University of New York, Hunter College</name>
      <city>Albany</city>
      <state>NY</state>
      <postal>12205</postal>
      <latitude>42.722661</latitude>
      <longitude>-73.8301437</longitude>
      <source>
        <name>USA Today</name>
        <ts>2021-07-07T11:42:32Z</ts>
      </source>
      <source>
        <name>New York Times</name>
        <ts>2010-01-15T09:57:36Z</ts>
      </source>
    </school>
  </schools>
  <status>Active</status>
  <sources>
    <source>
      <name>New York Times</name>
      <ts>2021-08-29T01:44:58Z</ts>
    </source>
  </sources>
  <sources>
    <source>
      <name>Wall Street Journal</name>
      <ts>2012-07-18T02:31:56Z</ts>
    </source>
  </sources>
  <relations>
    <relation>
      <id>/person/10017.xml</id>
      <predicate>worksWith</predicate>
      <imageSrc>/images/persons/person-09.jpg</imageSrc>
      <fullname>Carlye Saxon </fullname>
      <city>Vancouver</city>
      <state>WA</state>
    </relation>
    <relation>
      <id>/person/10070.xml</id>
      <predicate>livesWith</predicate>
      <imageSrc>/images/persons/person-06.jpg</imageSrc>
      <fullname>Oralle Rutter </fullname>
      <city>Saint Petersburg</city>
      <state>FL</state>
    </relation>
    <relation>
      <id>/person/10098.xml</id>
      <predicate>relatedTo</predicate>
      <imageSrc>/images/persons/person-08.jpg</imageSrc>
      <fullname>Pepita Yelland </fullname>
      <city>Fredericksburg</city>
      <state>VA</state>
    </relation>
    <relation>
      <id>/person/10024.xml</id>
      <predicate>livesWith</predicate>
      <imageSrc>/images/persons/person-05.jpg</imageSrc>
      <fullname>Danyette Burdett </fullname>
      <city>New York City</city>
      <state>NY</state>
    </relation>
    <relation>
      <id>/person/10028.xml</id>
      <predicate>livesWith</predicate>
      <imageSrc>/images/persons/person-01.jpg</imageSrc>
      <fullname>Asa McLernon </fullname>
      <city>Dallas</city>
      <state>TX</state>
    </relation>
  </relations>
  <createdOn>
    <ts>2022-02-27T17:59:24Z</ts>
    <user>tmccurt19</user>
  </createdOn>
  <lastUpdated>
    <ts>2022-01-11T12:04:30Z</ts>
    <user>tmccurt19</user>
  </lastUpdated>
  <socials>
    <social>
      <site>facebook</site>
      <handle>amcdaid0</handle>
      <address>http://barnesandnoble.com/at/lorem/integer.json</address>
    </social>
    <social>
      <site>facebook</site>
      <handle>egash1</handle>
      <address>http://last.fm/id/consequat/in/consequat.jpg</address>
    </social>
    <social>
      <site>linkedin</site>
      <handle>afrancescoccio2</handle>
      <address>http://shutterfly.com/nisi/volutpat/eleifend.jpg</address>
    </social>
  </socials>
  <memberships>
    <membership>
      <list>list4</list>
      <important>true</important>
      <ts>2022-01-30</ts>
    </membership>
    <membership>
      <list>list8</list>
      <important>false</important>
      <ts>2022-01-14</ts>
    </membership>
    <membership>
      <list>list6</list>
      <important>true</important>
      <ts>2022-01-23</ts>
    </membership>
  </memberships>
  <links>
    <link>
      <label>Quick View</label>
      <url>https://shinystat.com</url>
      <icon>faEye</icon>
    </link>
    <link>
      <label>Nomination History</label>
      <url>http://tamu.edu</url>
      <icon>faMedal</icon>
    </link>
    <link>
      <label>Comments</label>
      <url>http://tuttocitta.it</url>
      <icon>faComments</icon>
    </link>
  </links>
  <activities>
    <activity>
      <predicate>transferredTo</predicate>
      <place>Katz</place>
      <predplace>transferredTo Katz</predplace>
      <ts>2018-06-09T09:04:25Z</ts>
      <source>
        <name>USA Today</name>
        <ts>2022-02-26T13:32:29Z</ts>
        <createdBy>Rowen Wolland</createdBy>
        <approvedBy>Harland Dudley</approvedBy>
      </source>
    </activity>
    <activity>
      <predicate>movedTo</predicate>
      <place>Photofeed</place>
      <predplace>movedTo Photofeed</predplace>
      <ts>2015-09-20T15:38:47Z</ts>
      <source>
        <name>New York Times</name>
        <ts>2021-12-21T11:11:48Z</ts>
        <createdBy>Libby Lambin</createdBy>
        <approvedBy>Orin Neilands</approvedBy>
      </source>
    </activity>
    <activity>
      <predicate>startedAt</predicate>
      <place>Topicstorm</place>
      <predplace>startedAt Topicstorm</predplace>
      <ts>2017-06-03T15:31:58Z</ts>
      <source>
        <name>Chicago Tribune</name>
        <ts>2022-01-15T07:14:10Z</ts>
        <createdBy>Ileana De Blase</createdBy>
        <approvedBy>Vi Hibling</approvedBy>
      </source>
    </activity>
    <activity>
      <predicate>transferredTo</predicate>
      <place>Skiba</place>
      <predplace>transferredTo Skiba</predplace>
      <ts>2018-03-05T18:53:26Z</ts>
      <source>
        <name>Los Angeles Times</name>
        <ts>2021-05-24T17:46:30Z</ts>
        <createdBy>Even Emsden</createdBy>
        <approvedBy>Gerianne Libero</approvedBy>
      </source>
    </activity>
    <activity>
      <predicate>startedAt</predicate>
      <place>Skibox</place>
      <predplace>startedAt Skibox</predplace>
      <ts>2014-07-31T17:31:11Z</ts>
      <source>
        <name>Wall Street Journal</name>
        <ts>2022-01-27T02:21:07Z</ts>
        <createdBy>Lauren Kittoe</createdBy>
        <approvedBy>Gillie Toffoletto</approvedBy>
      </source>
    </activity>
  </activities>
  <events>
    <event>
      <predicate>visited</predicate>
      <place>Poland</place>
      <predplace>visited Poland</predplace>
      <end>2017-01-24T12:44:28Z</end>
      <start>2015-10-02T18:20:09Z</start>
    </event>
  </events>
  <actions>
    <action>
      <url>https://imdb.com</url>
      <icon>faCog</icon>
    </action>
    <action>
      <url>https://ucoz.ru</url>
      <icon>faCode</icon>
    </action>
    <action>
      <url>https://imdb.com</url>
      <icon>faSync</icon>
    </action>
  </actions>
</person>