<?xml version="1.0" encoding="UTF-8" standalone="yes"?>
<person>
  <personId>10048</personId>
  <nameGroup>
    <givenname>
      <value>Anatola</value>
    </givenname>
    <surname>
      <value>Elman</value>
    </surname>
    <fullname>
      <classification>C</classification>
      <restricted>true</restricted>
      <value>Anatola Elman </value>
      <source>
        <name>USA Today</name>
        <ts>2017-03-26T06:51:22Z</ts>
      </source>
      <source>
        <name>Chicago Tribune</name>
        <ts>2012-10-03T23:34:24Z</ts>
      </source>
      <source>
        <name>Wall Street Journal</name>
        <ts>2012-08-12T05:35:42Z</ts>
      </source>
    </fullname>
  </nameGroup>
  <emails>
    <email>
      <value>ssoigoux0@mlb.com</value>
      <classification>S</classification>
      <restricted>false</restricted>
    </email>
    <email>
      <value>ulundie1@so-net.ne.jp</value>
      <classification>U</classification>
      <restricted>false</restricted>
    </email>
    <email>
      <value>dccomini2@japanpost.jp</value>
      <classification>U</classification>
      <restricted>false</restricted>
    </email>
  </emails>
  <phone>461-509-0636</phone>
  <contacts>
    <contact>
      <type>phone</type>
      <value>277-672-0387</value>
    </contact>
    <contact>
      <type>phone</type>
      <value>588-180-5527</value>
    </contact>
    <contact>
      <type>email</type>
      <value>jselwood2@vimeo.com</value>
    </contact>
  </contacts>
  <ssn>
    <value>766-23-7191</value>
    <classification>(S)</classification>
  </ssn>
  <images>
    <image>
      <url>/images/persons/person-01.jpg</url>
      <source>
        <name>Washington Post</name>
        <ts>2010-03-21T12:50:12Z</ts>
        <uploadedBy/>
      </source>
    </image>
  </images>
  <addresses>
    <address>
      <street>01 Clyde Gallagher Center</street>
      <city>Colorado Springs</city>
      <state>CO</state>
      <postal>80930</postal>
      <country>United States</country>
      <latitude>38.8289</latitude>
      <longitude>-104.5269</longitude>
    </address>
    <address>
      <street>1 Cardinal Place</street>
      <city>Atlanta</city>
      <state>GA</state>
      <postal>30328</postal>
      <country>United States</country>
      <latitude>33.9335</latitude>
      <longitude>-84.3958</longitude>
    </address>
  </addresses>
  <schools>
    <school>
      <country>Canada</country>
      <name>McMaster University</name>
      <city>Olds</city>
      <state>AB</state>
      <postal>T4H</postal>
      <latitude>51.7920135</latitude>
      <longitude>-114.105279</longitude>
      <source>
        <name>USA Today</name>
        <ts>2018-01-31T05:36:16Z</ts>
      </source>
      <source>
        <name>New York Times</name>
        <ts>2016-05-18T23:52:14Z</ts>
      </source>
    </school>
  </schools>
  <status>Inactive</status>
  <sources>
    <source>
      <name>Wall Street Journal</name>
      <ts>2021-09-21T03:00:46Z</ts>
    </source>
  </sources>
  <sources>
    <source>
      <name>Wall Street Journal</name>
      <ts>2014-01-13T09:37:35Z</ts>
    </source>
  </sources>
  <relations>
    <relation>
      <id>/person/10097.xml</id>
      <predicate>worksWith</predicate>
      <imageSrc>/images/persons/person-01.jpg</imageSrc>
      <fullname>Faydra Habben </fullname>
      <city>El Paso</city>
      <state>TX</state>
    </relation>
    <relation>
      <id>/person/10083.xml</id>
      <predicate>livesWith</predicate>
      <imageSrc>/images/persons/person-09.jpg</imageSrc>
      <fullname>Jodie Huddleston </fullname>
      <city>Pittsburgh</city>
      <state>PA</state>
    </relation>
    <relation>
      <id>/person/10090.xml</id>
      <predicate>relatedTo</predicate>
      <imageSrc>/images/persons/person-04.jpg</imageSrc>
      <fullname>Krishnah Winslade </fullname>
      <city>Minneapolis</city>
      <state>MN</state>
    </relation>
  </relations>
  <createdOn>
    <ts>2022-01-03T04:45:17Z</ts>
    <user>aelman1b</user>
  </createdOn>
  <lastUpdated>
    <ts>2022-01-13T02:56:00Z</ts>
    <user>aelman1b</user>
  </lastUpdated>
  <socials>
    <social>
      <site>facebook</site>
      <handle>chordle0</handle>
      <address>http://tinypic.com/morbi/a/ipsum/integer/a/nibh/in.html</address>
    </social>
    <social>
      <site>twitter</site>
      <handle>mburchett1</handle>
      <address>https://typepad.com/imperdiet/sapien/urna.jpg</address>
    </social>
    <social>
      <site>twitter</site>
      <handle>start2</handle>
      <address>http://woothemes.com/ante/vivamus/tortor/duis/mattis.png</address>
    </social>
  </socials>
  <memberships>
    <membership>
      <list>list5</list>
      <important>true</important>
      <ts>2022-02-13</ts>
    </membership>
    <membership>
      <list>list5</list>
      <important>false</important>
      <ts>2022-02-16</ts>
    </membership>
    <membership>
      <list>list5</list>
      <important>false</important>
      <ts>2022-01-21</ts>
    </membership>
    <membership>
      <list>list1</list>
      <important>true</important>
      <ts>2022-02-25</ts>
    </membership>
    <membership>
      <list>list1</list>
      <important>true</important>
      <ts>2022-02-22</ts>
    </membership>
  </memberships>
  <links>
    <link>
      <label>Quick View</label>
      <url>https://harvard.edu</url>
      <icon>faEye</icon>
    </link>
    <link>
      <label>Nomination History</label>
      <url>https://wunderground.com</url>
      <icon>faMedal</icon>
    </link>
    <link>
      <label>Comments</label>
      <url>https://google.com</url>
      <icon>faComments</icon>
    </link>
  </links>
  <activities>
    <activity>
      <predicate>movedTo</predicate>
      <place>Mudo</place>
      <predplace>movedTo Mudo</predplace>
      <ts>2016-07-22T00:34:08Z</ts>
      <source>
        <name>USA Today</name>
        <ts>2021-02-24T20:38:04Z</ts>
        <createdBy>Benji Kembry</createdBy>
        <approvedBy>Taite Coie</approvedBy>
      </source>
    </activity>
    <activity>
      <predicate>endedAt</predicate>
      <place>Kaymbo</place>
      <predplace>endedAt Kaymbo</predplace>
      <ts>2018-09-25T23:56:49Z</ts>
      <source>
        <name>New York Times</name>
        <ts>2021-03-01T21:07:02Z</ts>
        <createdBy>Lexi Raunds</createdBy>
        <approvedBy>Jecho Borham</approvedBy>
      </source>
    </activity>
  </activities>
  <events>
    <event>
      <predicate>livedIn</predicate>
      <place>China</place>
      <predplace>livedIn China</predplace>
      <end>2018-12-23T19:22:01Z</end>
      <start>2015-04-16T10:10:44Z</start>
    </event>
  </events>
  <actions>
    <action>
      <url>https://so-net.ne.jp</url>
      <icon>faCog</icon>
    </action>
    <action>
      <url>https://cbc.ca</url>
      <icon>faCode</icon>
    </action>
    <action>
      <url>https://google.com.au</url>
      <icon>faSync</icon>
    </action>
  </actions>
</person>