<?xml version="1.0" encoding="UTF-8" standalone="yes"?>
<person>
  <personId>10045</personId>
  <nameGroup>
    <givenname>
      <value>Leonid</value>
    </givenname>
    <surname>
      <value>Plail</value>
    </surname>
    <fullname>
      <classification>U</classification>
      <restricted>false</restricted>
      <value>Leonid Plail </value>
      <source>
        <name>USA Today</name>
        <ts>2011-05-18T11:30:37Z</ts>
      </source>
      <source>
        <name>Los Angeles Times</name>
        <ts>2021-03-23T00:30:02Z</ts>
      </source>
      <source>
        <name>Chicago Tribune</name>
        <ts>2017-11-20T01:36:22Z</ts>
      </source>
    </fullname>
  </nameGroup>
  <emails>
    <email>
      <value>dhalkyard0@oracle.com</value>
      <classification>U</classification>
      <restricted>false</restricted>
    </email>
  </emails>
  <phone>737-974-8863</phone>
  <contacts>
    <contact>
      <type>phone</type>
      <value>597-865-1296</value>
    </contact>
    <contact>
      <type>email</type>
      <value>aitzhayek1@si.edu</value>
    </contact>
    <contact>
      <type>phone</type>
      <value>887-581-5029</value>
    </contact>
  </contacts>
  <ssn>
    <value>213-98-8741</value>
    <classification>(S)</classification>
  </ssn>
  <images>
    <image>
      <url>/images/persons/person-06.jpg</url>
      <source>
        <name>USA Today</name>
        <ts>2016-04-22T09:16:37Z</ts>
        <uploadedBy>ahubberstey0</uploadedBy>
      </source>
    </image>
    <image>
      <url>/images/persons/person-08.jpg</url>
      <source>
        <name>Chicago Tribune</name>
        <ts>2020-06-30T04:47:56Z</ts>
        <uploadedBy>bedrich0</uploadedBy>
      </source>
    </image>
  </images>
  <addresses>
    <address>
      <street>8857 Loeprich Park</street>
      <city>Redwood City</city>
      <state>CA</state>
      <postal>94064</postal>
      <country>United States</country>
      <latitude>37.3811</latitude>
      <longitude>-122.3348</longitude>
    </address>
    <address>
      <street>350 Homewood Park</street>
      <city>Toledo</city>
      <state>OH</state>
      <postal>43656</postal>
      <country>United States</country>
      <latitude>41.6782</latitude>
      <longitude>-83.4972</longitude>
    </address>
  </addresses>
  <schools>
    <school>
      <country>Canada</country>
      <name>Dominican College of Philosophy and Theology</name>
      <city>Lewisporte</city>
      <state>NL</state>
      <postal>M2K</postal>
      <latitude>49.24993</latitude>
      <longitude>-55.04816</longitude>
      <source>
        <name>USA Today</name>
        <ts>2012-07-08T19:14:09Z</ts>
      </source>
    </school>
    <school>
      <country>Canada</country>
      <name>University of Ontario Institute of Technology</name>
      <city>Espanola</city>
      <state>ON</state>
      <postal>P5E</postal>
      <latitude>46.2657181</latitude>
      <longitude>-81.771057</longitude>
      <source>
        <name>USA Today</name>
        <ts>2012-06-29T16:00:20Z</ts>
      </source>
      <source>
        <name>New York Times</name>
        <ts>2016-03-09T11:13:03Z</ts>
      </source>
      <source>
        <name>Chicago Tribune</name>
        <ts>2011-03-02T22:00:06Z</ts>
      </source>
    </school>
  </schools>
  <status>Active</status>
  <sources>
    <source>
      <name>New York Times</name>
      <ts>2013-02-07T22:42:27Z</ts>
    </source>
  </sources>
  <sources>
    <source>
      <name>Chicago Tribune</name>
      <ts>2011-03-11T12:00:00Z</ts>
    </source>
  </sources>
  <relations>
    <relation>
      <id>/person/10011.xml</id>
      <predicate>relatedTo</predicate>
      <imageSrc>/images/persons/person-09.jpg</imageSrc>
      <fullname>Ardis Wilfinger </fullname>
      <city>Saint Joseph</city>
      <state>MO</state>
    </relation>
    <relation>
      <id>/person/10034.xml</id>
      <predicate>livesWith</predicate>
      <imageSrc>/images/persons/person-03.jpg</imageSrc>
      <fullname>Hector Madeley </fullname>
      <city>Indianapolis</city>
      <state>IN</state>
    </relation>
    <relation>
      <id>/person/10037.xml</id>
      <predicate>livesWith</predicate>
      <imageSrc>/images/persons/person-08.jpg</imageSrc>
      <fullname>Alli Langeley </fullname>
      <city>Tacoma</city>
      <state>WA</state>
    </relation>
  </relations>
  <createdOn>
    <ts>2022-01-31T13:01:11Z</ts>
    <user>lplail18</user>
  </createdOn>
  <lastUpdated>
    <ts>2022-02-20T11:21:25Z</ts>
    <user>lplail18</user>
  </lastUpdated>
  <socials/>
  <memberships>
    <membership>
      <list>list11</list>
      <important>false</important>
      <ts>2022-02-19</ts>
    </membership>
    <membership>
      <list>list7</list>
      <important>false</important>
      <ts>2022-01-07</ts>
    </membership>
  </memberships>
  <links>
    <link>
      <label>Quick View</label>
      <url>https://mail.ru</url>
      <icon>faEye</icon>
    </link>
    <link>
      <label>Nomination History</label>
      <url>http://addthis.com</url>
      <icon>faMedal</icon>
    </link>
    <link>
      <label>Comments</label>
      <url>https://skyrock.com</url>
      <icon>faComments</icon>
    </link>
  </links>
  <activities>
    <activity>
      <predicate>endedAt</predicate>
      <place>Thoughtbeat</place>
      <predplace>endedAt Thoughtbeat</predplace>
      <ts>2015-01-19T01:01:06Z</ts>
      <source>
        <name>USA Today</name>
        <ts>2021-08-31T02:17:33Z</ts>
        <createdBy>Syman Duerden</createdBy>
        <approvedBy>Itch Younge</approvedBy>
      </source>
    </activity>
    <activity>
      <predicate>transferredTo</predicate>
      <place>Kaymbo</place>
      <predplace>transferredTo Kaymbo</predplace>
      <ts>2017-10-11T21:42:14Z</ts>
      <source>
        <name>New York Times</name>
        <ts>2021-07-28T08:45:50Z</ts>
        <createdBy>Darren Barbery</createdBy>
        <approvedBy>Ingamar Tortoishell</approvedBy>
      </source>
    </activity>
    <activity>
      <predicate>movedTo</predicate>
      <place>Yambee</place>
      <predplace>movedTo Yambee</predplace>
      <ts>2015-06-22T09:24:39Z</ts>
      <source>
        <name>Chicago Tribune</name>
        <ts>2020-08-14T12:24:26Z</ts>
        <createdBy>Janka Sheards</createdBy>
        <approvedBy>Gualterio Georgot</approvedBy>
      </source>
    </activity>
    <activity>
      <predicate>startedAt</predicate>
      <place>Shufflebeat</place>
      <predplace>startedAt Shufflebeat</predplace>
      <ts>2012-03-14T02:26:29Z</ts>
      <source>
        <name>Los Angeles Times</name>
        <ts>2021-09-12T17:26:01Z</ts>
        <createdBy>Elsa Dobbins</createdBy>
        <approvedBy>Kacey Swindells</approvedBy>
      </source>
    </activity>
  </activities>
  <events>
    <event>
      <predicate>servedIn</predicate>
      <place>Bosnia and Herzegovina</place>
      <predplace>servedIn Bosnia and Herzegovina</predplace>
      <end>2018-05-09T01:06:43Z</end>
      <start>2015-06-12T21:58:38Z</start>
    </event>
  </events>
  <actions>
    <action>
      <url>https://apache.org</url>
      <icon>faCog</icon>
    </action>
    <action>
      <url>https://cloudflare.com</url>
      <icon>faCode</icon>
    </action>
    <action>
      <url>http://goo.gl</url>
      <icon>faSync</icon>
    </action>
  </actions>
</person>