<?xml version="1.0" encoding="UTF-8" standalone="yes"?>
<person>
  <personId>10043</personId>
  <nameGroup>
    <givenname>
      <value>Jannel</value>
    </givenname>
    <surname>
      <value>Priddey</value>
    </surname>
    <fullname>
      <classification>C</classification>
      <restricted>true</restricted>
      <value>Jannel Priddey </value>
      <source>
        <name>USA Today</name>
        <ts>2020-09-01T15:15:31Z</ts>
      </source>
      <source>
        <name>Washington Post</name>
        <ts>2012-05-14T04:23:31Z</ts>
      </source>
      <source>
        <name>Washington Post</name>
        <ts>2015-09-11T05:43:56Z</ts>
      </source>
    </fullname>
  </nameGroup>
  <emails>
    <email>
      <value>ahanham0@intel.com</value>
      <classification>U</classification>
      <restricted>false</restricted>
    </email>
    <email>
      <value>fsimmans1@cyberchimps.com</value>
      <classification>C</classification>
      <restricted>false</restricted>
    </email>
    <email>
      <value>akuhndel2@360.cn</value>
      <classification>S</classification>
      <restricted>false</restricted>
    </email>
  </emails>
  <phone>341-465-8823</phone>
  <contacts>
    <contact>
      <type>phone</type>
      <value>719-220-3629</value>
    </contact>
    <contact>
      <type>phone</type>
      <value>738-308-3701</value>
    </contact>
    <contact>
      <type>phone</type>
      <value>636-713-1149</value>
    </contact>
  </contacts>
  <ssn>
    <value>190-75-4582</value>
    <classification>(S)</classification>
  </ssn>
  <images>
    <image>
      <url>/images/persons/person-09.jpg</url>
      <source>
        <name>Wall Street Journal</name>
        <ts>2017-07-03T02:21:15Z</ts>
        <uploadedBy>bclemanceau0</uploadedBy>
      </source>
    </image>
  </images>
  <addresses>
    <address>
      <street>589 South Road</street>
      <city>Tacoma</city>
      <state>WA</state>
      <postal>98442</postal>
      <country>United States</country>
      <latitude>47.3081</latitude>
      <longitude>-122.4185</longitude>
    </address>
  </addresses>
  <schools>
    <school>
      <country>United States</country>
      <name>Johnson County Community College</name>
      <city>Springfield</city>
      <state>MA</state>
      <postal>01129</postal>
      <latitude>42.1144473</latitude>
      <longitude>-72.4909026</longitude>
      <source>
        <name>USA Today</name>
        <ts>2015-06-26T08:02:37Z</ts>
      </source>
      <source>
        <name>New York Times</name>
        <ts>2011-02-28T00:01:03Z</ts>
      </source>
    </school>
    <school>
      <country>United States</country>
      <name>West Virginia University</name>
      <city>New York City</city>
      <state>NY</state>
      <postal>10150</postal>
      <latitude>40.7582228</latitude>
      <longitude>-73.9704871</longitude>
      <source>
        <name>USA Today</name>
        <ts>2014-07-03T23:30:35Z</ts>
      </source>
      <source>
        <name>New York Times</name>
        <ts>2014-05-16T16:30:25Z</ts>
      </source>
      <source>
        <name>Chicago Tribune</name>
        <ts>2019-08-06T06:30:05Z</ts>
      </source>
    </school>
  </schools>
  <status>Inactive</status>
  <sources>
    <source>
      <name>Los Angeles Times</name>
      <ts>2014-08-27T02:26:24Z</ts>
    </source>
  </sources>
  <relations>
    <relation>
      <id>/person/10004.xml</id>
      <predicate>worksWith</predicate>
      <imageSrc>/images/persons/person-07.jpg</imageSrc>
      <fullname>Ora O' Kelleher </fullname>
      <city>Tulsa</city>
      <state>OK</state>
    </relation>
    <relation>
      <id>/person/10096.xml</id>
      <predicate>relatedTo</predicate>
      <imageSrc>/images/persons/person-09.jpg</imageSrc>
      <fullname>Stearne Mocquer </fullname>
      <city>Kansas City</city>
      <state>MO</state>
    </relation>
    <relation>
      <id>/person/10014.xml</id>
      <predicate>livesWith</predicate>
      <imageSrc>/images/persons/person-05.jpg</imageSrc>
      <fullname>Emmy St. John </fullname>
      <city>Southfield</city>
      <state>MI</state>
    </relation>
    <relation>
      <id>/person/10009.xml</id>
      <predicate>worksWith</predicate>
      <imageSrc>/images/persons/person-04.jpg</imageSrc>
      <fullname>Fredelia Gartrell </fullname>
      <city>Augusta</city>
      <state>GA</state>
    </relation>
    <relation>
      <id>/person/10066.xml</id>
      <predicate>livesWith</predicate>
      <imageSrc>/images/persons/person-06.jpg</imageSrc>
      <fullname>Pren Debold </fullname>
      <city>Fort Smith</city>
      <state>AR</state>
    </relation>
  </relations>
  <createdOn>
    <ts>2022-01-08T11:23:19Z</ts>
    <user>jpriddey16</user>
  </createdOn>
  <lastUpdated>
    <ts>2022-02-14T09:17:08Z</ts>
    <user>jpriddey16</user>
  </lastUpdated>
  <socials>
    <social>
      <site>twitter</site>
      <handle/>
      <address>http://unblog.fr/congue.aspx</address>
    </social>
    <social>
      <site>twitter</site>
      <handle/>
      <address>http://google.nl/orci/pede.jpg</address>
    </social>
  </socials>
  <memberships>
    <membership>
      <list>list9</list>
      <important>false</important>
      <ts>2022-01-10</ts>
    </membership>
    <membership>
      <list>list5</list>
      <important>true</important>
      <ts>2022-02-18</ts>
    </membership>
    <membership>
      <list>list10</list>
      <important>false</important>
      <ts>2022-01-30</ts>
    </membership>
  </memberships>
  <links>
    <link>
      <label>Quick View</label>
      <url>http://eventbrite.com</url>
      <icon>faEye</icon>
    </link>
    <link>
      <label>Nomination History</label>
      <url>https://gravatar.com</url>
      <icon>faMedal</icon>
    </link>
    <link>
      <label>Comments</label>
      <url>http://reverbnation.com</url>
      <icon>faComments</icon>
    </link>
  </links>
  <activities>
    <activity>
      <predicate>transferredTo</predicate>
      <place>Gabvine</place>
      <predplace>transferredTo Gabvine</predplace>
      <ts>2019-05-16T10:57:07Z</ts>
      <source>
        <name>USA Today</name>
        <ts>2020-10-01T05:24:07Z</ts>
        <createdBy>Mimi Pendock</createdBy>
        <approvedBy>Yancey Pressnell</approvedBy>
      </source>
    </activity>
    <activity>
      <predicate>startedAt</predicate>
      <place>Linkbuzz</place>
      <predplace>startedAt Linkbuzz</predplace>
      <ts>2012-03-06T17:44:07Z</ts>
      <source>
        <name>New York Times</name>
        <ts>2022-02-11T03:10:37Z</ts>
        <createdBy>Lorilee Borris</createdBy>
        <approvedBy>Tracee Orr</approvedBy>
      </source>
    </activity>
    <activity>
      <predicate>transferredTo</predicate>
      <place>Topicstorm</place>
      <predplace>transferredTo Topicstorm</predplace>
      <ts>2017-10-13T04:49:39Z</ts>
      <source>
        <name>Chicago Tribune</name>
        <ts>2021-04-21T06:05:07Z</ts>
        <createdBy>Cathyleen Claffey</createdBy>
        <approvedBy>Frannie Barthrup</approvedBy>
      </source>
    </activity>
  </activities>
  <events>
    <event>
      <predicate>livedIn</predicate>
      <place>Belarus</place>
      <predplace>livedIn Belarus</predplace>
      <end>2017-01-19T21:49:35Z</end>
      <start>2014-06-14T05:59:35Z</start>
    </event>
  </events>
  <actions>
    <action>
      <url>https://nature.com</url>
      <icon>faCog</icon>
    </action>
    <action>
      <url>https://goo.gl</url>
      <icon>faCode</icon>
    </action>
    <action>
      <url>http://patch.com</url>
      <icon>faSync</icon>
    </action>
  </actions>
</person>