<?xml version="1.0" encoding="UTF-8" standalone="yes"?>
<person>
  <personId>10042</personId>
  <nameGroup>
    <givenname>
      <value>Arnuad</value>
    </givenname>
    <surname>
      <value>Brewett</value>
    </surname>
    <fullname>
      <classification>S</classification>
      <restricted>true</restricted>
      <value>Arnuad Brewett </value>
      <source>
        <name>USA Today</name>
        <ts>2013-01-30T11:51:55Z</ts>
      </source>
    </fullname>
  </nameGroup>
  <emails>
    <email>
      <value>lcharsley0@indiatimes.com</value>
      <classification>C</classification>
      <restricted>false</restricted>
    </email>
  </emails>
  <phone>171-644-7395</phone>
  <contacts>
    <contact>
      <type>email</type>
      <value>wwhitton0@e-recht24.de</value>
    </contact>
    <contact>
      <type>email</type>
      <value>cjansky1@mediafire.com</value>
    </contact>
    <contact>
      <type>phone</type>
      <value>826-920-7112</value>
    </contact>
  </contacts>
  <ssn>
    <value>443-93-2813</value>
    <classification>(S)</classification>
  </ssn>
  <images>
    <image>
      <url>/images/persons/person-07.jpg</url>
      <source>
        <name>Washington Post</name>
        <ts>2019-05-24T17:53:00Z</ts>
        <uploadedBy>jchisnell0</uploadedBy>
      </source>
    </image>
  </images>
  <addresses>
    <address>
      <street>237 Bayside Place</street>
      <city>Cleveland</city>
      <state>OH</state>
      <postal>44105</postal>
      <country>United States</country>
      <latitude>41.4509</latitude>
      <longitude>-81.619</longitude>
    </address>
  </addresses>
  <schools>
    <school>
      <country>United States</country>
      <name>University of Alabama - Birmingham</name>
      <city>Provo</city>
      <state>UT</state>
      <postal>84605</postal>
      <latitude>40.2299999</latitude>
      <longitude>-111.66</longitude>
      <source>
        <name>USA Today</name>
        <ts>2014-11-30T01:17:08Z</ts>
      </source>
    </school>
  </schools>
  <status>Active</status>
  <sources>
    <source>
      <name>Los Angeles Times</name>
      <ts>2015-08-16T19:56:26Z</ts>
    </source>
  </sources>
  <relations>
    <relation>
      <id>/person/10005.xml</id>
      <predicate>livesWith</predicate>
      <imageSrc>/images/persons/person-06.jpg</imageSrc>
      <fullname>Renell Zylbermann </fullname>
      <city>Riverside</city>
      <state>CA</state>
    </relation>
    <relation>
      <id>/person/10010.xml</id>
      <predicate>relatedTo</predicate>
      <imageSrc>/images/persons/person-04.jpg</imageSrc>
      <fullname>Tye Jordin </fullname>
      <city>Charlotte</city>
      <state>NC</state>
    </relation>
    <relation>
      <id>/person/10020.xml</id>
      <predicate>livesWith</predicate>
      <imageSrc>/images/persons/person-07.jpg</imageSrc>
      <fullname>Susette Cridland </fullname>
      <city>San Antonio</city>
      <state>TX</state>
    </relation>
    <relation>
      <id>/person/10082.xml</id>
      <predicate>relatedTo</predicate>
      <imageSrc>/images/persons/person-01.jpg</imageSrc>
      <fullname>Wenona Gyver </fullname>
      <city>Naples</city>
      <state>FL</state>
    </relation>
    <relation>
      <id>/person/10083.xml</id>
      <predicate>relatedTo</predicate>
      <imageSrc>/images/persons/person-09.jpg</imageSrc>
      <fullname>Jodie Huddleston </fullname>
      <city>Pittsburgh</city>
      <state>PA</state>
    </relation>
  </relations>
  <createdOn>
    <ts>2022-02-18T15:49:12Z</ts>
    <user>abrewett15</user>
  </createdOn>
  <lastUpdated>
    <ts>2022-01-04T21:06:46Z</ts>
    <user>abrewett15</user>
  </lastUpdated>
  <socials>
    <social>
      <site>facebook</site>
      <handle>abrame0</handle>
      <address>http://chronoengine.com/tempor/turpis/nec/euismod/scelerisque/quam.jsp</address>
    </social>
    <social>
      <site>linkedin</site>
      <handle>gdupey1</handle>
      <address>http://fastcompany.com/mi/integer.aspx</address>
    </social>
  </socials>
  <memberships>
    <membership>
      <list>list7</list>
      <important>false</important>
      <ts>2022-02-15</ts>
    </membership>
  </memberships>
  <links>
    <link>
      <label>Quick View</label>
      <url>http://apple.com</url>
      <icon>faEye</icon>
    </link>
    <link>
      <label>Nomination History</label>
      <url>http://buzzfeed.com</url>
      <icon>faMedal</icon>
    </link>
    <link>
      <label>Comments</label>
      <url>http://admin.ch</url>
      <icon>faComments</icon>
    </link>
  </links>
  <activities>
    <activity>
      <predicate>startedAt</predicate>
      <place>Centizu</place>
      <predplace>startedAt Centizu</predplace>
      <ts>2020-02-25T23:14:17Z</ts>
      <source>
        <name>USA Today</name>
        <ts>2021-05-31T19:57:14Z</ts>
        <createdBy>Normy Nellis</createdBy>
        <approvedBy>Jerrome Penchen</approvedBy>
      </source>
    </activity>
    <activity>
      <predicate>endedAt</predicate>
      <place>Gabcube</place>
      <predplace>endedAt Gabcube</predplace>
      <ts>2015-07-12T22:32:57Z</ts>
      <source>
        <name>New York Times</name>
        <ts>2020-07-08T18:41:38Z</ts>
        <createdBy>Adrianna Pallesen</createdBy>
        <approvedBy>Asa Samples</approvedBy>
      </source>
    </activity>
    <activity>
      <predicate>startedAt</predicate>
      <place>Skyba</place>
      <predplace>startedAt Skyba</predplace>
      <ts>2013-07-04T15:53:36Z</ts>
      <source>
        <name>Chicago Tribune</name>
        <ts>2020-08-03T16:30:19Z</ts>
        <createdBy>Siffre Cressey</createdBy>
        <approvedBy>Mehetabel Pierrepoint</approvedBy>
      </source>
    </activity>
    <activity>
      <predicate>transferredTo</predicate>
      <place>Meezzy</place>
      <predplace>transferredTo Meezzy</predplace>
      <ts>2013-11-23T22:49:15Z</ts>
      <source>
        <name>Los Angeles Times</name>
        <ts>2021-10-06T16:28:22Z</ts>
        <createdBy>Rosalyn Mateiko</createdBy>
        <approvedBy>Hardy Powner</approvedBy>
      </source>
    </activity>
  </activities>
  <events>
    <event>
      <predicate>livedIn</predicate>
      <place>Indonesia</place>
      <predplace>livedIn Indonesia</predplace>
      <end>2017-08-22T06:22:48Z</end>
      <start>2015-11-03T04:04:46Z</start>
    </event>
  </events>
  <actions>
    <action>
      <url>https://woothemes.com</url>
      <icon>faCog</icon>
    </action>
    <action>
      <url>http://com.com</url>
      <icon>faCode</icon>
    </action>
    <action>
      <url>http://usda.gov</url>
      <icon>faSync</icon>
    </action>
  </actions>
</person>