<?xml version="1.0" encoding="UTF-8" standalone="yes"?>
<person>
  <personId>10059</personId>
  <nameGroup>
    <givenname>
      <value>Prentiss</value>
    </givenname>
    <surname>
      <value>Reford</value>
    </surname>
    <fullname>
      <classification>S</classification>
      <restricted>false</restricted>
      <value>Prentiss Reford </value>
      <source>
        <name>New York Times</name>
        <ts>2019-04-28T15:37:09Z</ts>
      </source>
      <source>
        <name>Washington Post</name>
        <ts>2019-12-29T23:29:46Z</ts>
      </source>
    </fullname>
  </nameGroup>
  <emails>
    <email>
      <value>llongland0@reference.com</value>
      <classification>U</classification>
      <restricted>false</restricted>
    </email>
    <email>
      <value>blile1@boston.com</value>
      <classification>S</classification>
      <restricted>false</restricted>
    </email>
  </emails>
  <phone>234-645-8389</phone>
  <contacts>
    <contact>
      <type>phone</type>
      <value>573-778-8309</value>
    </contact>
    <contact>
      <type>phone</type>
      <value>586-129-9711</value>
    </contact>
    <contact>
      <type>email</type>
      <value>gbovingdon2@unblog.fr</value>
    </contact>
  </contacts>
  <ssn>
    <value>285-99-8385</value>
    <classification>(S)</classification>
  </ssn>
  <images>
    <image>
      <url>/images/persons/person-01.jpg</url>
      <source>
        <name>Washington Post</name>
        <ts>2018-01-12T13:02:18Z</ts>
        <uploadedBy>mfeavers0</uploadedBy>
      </source>
    </image>
    <image>
      <url>/images/persons/person-09.jpg</url>
      <source>
        <name>USA Today</name>
        <ts>2017-07-01T16:38:15Z</ts>
        <uploadedBy>gmaggillandreis0</uploadedBy>
      </source>
    </image>
  </images>
  <addresses>
    <address>
      <street>0035 5th Terrace</street>
      <city>Des Moines</city>
      <state>IA</state>
      <postal>50936</postal>
      <country>United States</country>
      <latitude>41.6727</latitude>
      <longitude>-93.5722</longitude>
    </address>
  </addresses>
  <schools>
    <school>
      <country>United States</country>
      <name>City University of New York, John Jay College of Criminal Justice</name>
      <city>Denver</city>
      <state>CO</state>
      <postal>80279</postal>
      <latitude>39.7446895</latitude>
      <longitude>-104.9933772</longitude>
      <source>
        <name>USA Today</name>
        <ts>2010-05-22T20:10:18Z</ts>
      </source>
      <source>
        <name>New York Times</name>
        <ts>2016-01-04T22:56:36Z</ts>
      </source>
      <source>
        <name>Chicago Tribune</name>
        <ts>2012-03-09T07:39:23Z</ts>
      </source>
    </school>
    <school>
      <country>United States</country>
      <name>Montclair State University</name>
      <city>Irving</city>
      <state>TX</state>
      <postal>75062</postal>
      <latitude>32.8449965</latitude>
      <longitude>-96.9799755</longitude>
      <source>
        <name>USA Today</name>
        <ts>2012-01-16T01:48:03Z</ts>
      </source>
      <source>
        <name>New York Times</name>
        <ts>2013-06-20T14:40:49Z</ts>
      </source>
    </school>
  </schools>
  <status>Inactive</status>
  <sources>
    <source>
      <name>Washington Post</name>
      <ts>2018-12-03T16:19:11Z</ts>
    </source>
  </sources>
  <sources>
    <source>
      <name>Wall Street Journal</name>
      <ts>2010-06-29T01:48:20Z</ts>
    </source>
  </sources>
  <relations>
    <relation>
      <id>/person/10006.xml</id>
      <predicate>relatedTo</predicate>
      <imageSrc>/images/persons/person-09.jpg</imageSrc>
      <fullname>Gannon Gecke </fullname>
      <city>Corpus Christi</city>
      <state>TX</state>
    </relation>
    <relation>
      <id>/person/10068.xml</id>
      <predicate>relatedTo</predicate>
      <imageSrc>/images/persons/person-10.jpg</imageSrc>
      <fullname>Amye Steart </fullname>
      <city>Evansville</city>
      <state>IN</state>
    </relation>
    <relation>
      <id>/person/10022.xml</id>
      <predicate>livesWith</predicate>
      <imageSrc>/images/persons/person-07.jpg</imageSrc>
      <fullname>Parrnell Chandler </fullname>
      <city>El Paso</city>
      <state>TX</state>
    </relation>
    <relation>
      <id>/person/10011.xml</id>
      <predicate>livesWith</predicate>
      <imageSrc>/images/persons/person-09.jpg</imageSrc>
      <fullname>Ardis Wilfinger </fullname>
      <city>Saint Joseph</city>
      <state>MO</state>
    </relation>
  </relations>
  <createdOn>
    <ts>2022-01-03T20:38:33Z</ts>
    <user>preford1m</user>
  </createdOn>
  <lastUpdated>
    <ts>2022-01-25T15:04:59Z</ts>
    <user>preford1m</user>
  </lastUpdated>
  <socials>
    <social>
      <site>facebook</site>
      <handle>pputnam0</handle>
      <address>https://yellowbook.com/adipiscing/elit.aspx</address>
    </social>
  </socials>
  <memberships>
    <membership>
      <list>list1</list>
      <important>false</important>
      <ts>2022-01-22</ts>
    </membership>
    <membership>
      <list>list7</list>
      <important>false</important>
      <ts>2022-01-26</ts>
    </membership>
  </memberships>
  <links>
    <link>
      <label>Quick View</label>
      <url>https://furl.net</url>
      <icon>faEye</icon>
    </link>
    <link>
      <label>Nomination History</label>
      <url>https://hubpages.com</url>
      <icon>faMedal</icon>
    </link>
    <link>
      <label>Comments</label>
      <url>https://blogspot.com</url>
      <icon>faComments</icon>
    </link>
  </links>
  <activities>
    <activity>
      <predicate>transferredTo</predicate>
      <place>Ozu</place>
      <predplace>transferredTo Ozu</predplace>
      <ts>2019-10-20T13:07:08Z</ts>
      <source>
        <name>USA Today</name>
        <ts>2020-05-20T20:35:43Z</ts>
        <createdBy>Caleb Tapscott</createdBy>
        <approvedBy>Rorke Higbin</approvedBy>
      </source>
    </activity>
    <activity>
      <predicate>transferredTo</predicate>
      <place>Topicware</place>
      <predplace>transferredTo Topicware</predplace>
      <ts>2016-08-26T10:04:49Z</ts>
      <source>
        <name>New York Times</name>
        <ts>2021-01-23T09:24:00Z</ts>
        <createdBy>Maia McCloch</createdBy>
        <approvedBy>Rayna Villar</approvedBy>
      </source>
    </activity>
  </activities>
  <events>
    <event>
      <predicate>livedIn</predicate>
      <place>Malaysia</place>
      <predplace>livedIn Malaysia</predplace>
      <end>2017-04-26T18:32:04Z</end>
      <start>2015-10-15T22:36:22Z</start>
    </event>
  </events>
  <actions>
    <action>
      <url>https://stumbleupon.com</url>
      <icon>faCog</icon>
    </action>
    <action>
      <url>http://foxnews.com</url>
      <icon>faCode</icon>
    </action>
    <action>
      <url>https://networkadvertising.org</url>
      <icon>faSync</icon>
    </action>
  </actions>
</person>