<?xml version="1.0" encoding="UTF-8" standalone="yes"?>
<person>
  <personId>10058</personId>
  <nameGroup>
    <givenname>
      <value>Gilligan</value>
    </givenname>
    <surname>
      <value>Darbyshire</value>
    </surname>
    <fullname>
      <classification>C</classification>
      <restricted>false</restricted>
      <value>Gilligan Darbyshire </value>
      <source>
        <name>USA Today</name>
        <ts>2011-01-10T20:49:02Z</ts>
      </source>
      <source>
        <name>New York Times</name>
        <ts>2017-11-27T22:24:03Z</ts>
      </source>
    </fullname>
  </nameGroup>
  <emails>
    <email>
      <value>pgronauer0@github.com</value>
      <classification>S</classification>
      <restricted>false</restricted>
    </email>
    <email>
      <value>smarc1@tamu.edu</value>
      <classification>U</classification>
      <restricted>false</restricted>
    </email>
  </emails>
  <phone>473-912-4464</phone>
  <contacts>
    <contact>
      <type>phone</type>
      <value>765-504-3063</value>
    </contact>
    <contact>
      <type>email</type>
      <value>gclubley1@zimbio.com</value>
    </contact>
    <contact>
      <type>email</type>
      <value>rvossgen2@dailymail.co.uk</value>
    </contact>
  </contacts>
  <ssn>
    <value>360-11-8346</value>
    <classification>(S)</classification>
  </ssn>
  <images>
    <image>
      <url>/images/persons/person-10.jpg</url>
      <source>
        <name>Washington Post</name>
        <ts>2011-05-28T19:38:58Z</ts>
        <uploadedBy>gdiche0</uploadedBy>
      </source>
    </image>
    <image>
      <url>/images/persons/person-03.jpg</url>
      <source>
        <name>USA Today</name>
        <ts>2019-04-16T08:28:14Z</ts>
        <uploadedBy>emorter0</uploadedBy>
      </source>
    </image>
    <image>
      <url>/images/persons/person-08.jpg</url>
      <source>
        <name>New York Times</name>
        <ts>2014-11-27T05:54:15Z</ts>
        <uploadedBy>zspyvye0</uploadedBy>
      </source>
    </image>
  </images>
  <addresses>
    <address>
      <street>1473 Montana Parkway</street>
      <city>Wilmington</city>
      <state>DE</state>
      <postal>19886</postal>
      <country>United States</country>
      <latitude>39.5645</latitude>
      <longitude>-75.597</longitude>
    </address>
  </addresses>
  <schools>
    <school>
      <country>United Kingdom</country>
      <name>London Institute of Management and Technology</name>
      <city>Newport</city>
      <state>ENG</state>
      <postal>NR29</postal>
      <latitude>52.6915552</latitude>
      <longitude>1.6993747</longitude>
      <source>
        <name>USA Today</name>
        <ts>2019-04-18T09:06:49Z</ts>
      </source>
    </school>
  </schools>
  <status>Inactive</status>
  <sources>
    <source>
      <name>USA Today</name>
      <ts>2011-12-03T14:04:14Z</ts>
    </source>
  </sources>
  <relations>
    <relation>
      <id>/person/10043.xml</id>
      <predicate>relatedTo</predicate>
      <imageSrc>/images/persons/person-09.jpg</imageSrc>
      <fullname>Jannel Priddey </fullname>
      <city>Tacoma</city>
      <state>WA</state>
    </relation>
    <relation>
      <id>/person/10017.xml</id>
      <predicate>livesWith</predicate>
      <imageSrc>/images/persons/person-09.jpg</imageSrc>
      <fullname>Carlye Saxon </fullname>
      <city>Vancouver</city>
      <state>WA</state>
    </relation>
    <relation>
      <id>/person/10047.xml</id>
      <predicate>relatedTo</predicate>
      <imageSrc>/images/persons/person-09.jpg</imageSrc>
      <fullname>Bryana Obispo </fullname>
      <city>Chicago</city>
      <state>IL</state>
    </relation>
    <relation>
      <id>/person/10023.xml</id>
      <predicate>worksWith</predicate>
      <imageSrc>/images/persons/person-01.jpg</imageSrc>
      <fullname>Wynne Laing </fullname>
      <city>Lancaster</city>
      <state>PA</state>
    </relation>
  </relations>
  <createdOn>
    <ts>2022-02-20T06:17:40Z</ts>
    <user>gdarbyshire1l</user>
  </createdOn>
  <lastUpdated>
    <ts>2022-01-12T04:01:27Z</ts>
    <user>gdarbyshire1l</user>
  </lastUpdated>
  <socials>
    <social>
      <site>facebook</site>
      <handle>vrichardsson0</handle>
      <address>http://webeden.co.uk/duis/ac/nibh.png</address>
    </social>
    <social>
      <site>facebook</site>
      <handle>psponer1</handle>
      <address>http://mysql.com/lectus/in.html</address>
    </social>
  </socials>
  <memberships>
    <membership>
      <list>list9</list>
      <important>true</important>
      <ts>2022-01-05</ts>
    </membership>
    <membership>
      <list>list11</list>
      <important>false</important>
      <ts>2022-01-22</ts>
    </membership>
    <membership>
      <list>list8</list>
      <important>false</important>
      <ts>2022-01-15</ts>
    </membership>
  </memberships>
  <links>
    <link>
      <label>Quick View</label>
      <url>http://reuters.com</url>
      <icon>faEye</icon>
    </link>
    <link>
      <label>Nomination History</label>
      <url>http://house.gov</url>
      <icon>faMedal</icon>
    </link>
    <link>
      <label>Comments</label>
      <url>http://kickstarter.com</url>
      <icon>faComments</icon>
    </link>
  </links>
  <activities>
    <activity>
      <predicate>endedAt</predicate>
      <place>Izio</place>
      <predplace>endedAt Izio</predplace>
      <ts>2018-07-31T21:17:20Z</ts>
      <source>
        <name>USA Today</name>
        <ts>2021-10-22T19:05:58Z</ts>
        <createdBy>Hort Daspar</createdBy>
        <approvedBy>Tracy Samper</approvedBy>
      </source>
    </activity>
    <activity>
      <predicate>endedAt</predicate>
      <place>Skaboo</place>
      <predplace>endedAt Skaboo</predplace>
      <ts>2016-11-27T19:54:41Z</ts>
      <source>
        <name>New York Times</name>
        <ts>2021-10-18T23:51:02Z</ts>
        <createdBy>Valentijn Dewing</createdBy>
        <approvedBy>Gunar Kubasek</approvedBy>
      </source>
    </activity>
    <activity>
      <predicate>movedTo</predicate>
      <place>Zoomcast</place>
      <predplace>movedTo Zoomcast</predplace>
      <ts>2018-10-02T09:45:29Z</ts>
      <source>
        <name>Chicago Tribune</name>
        <ts>2021-12-14T21:32:58Z</ts>
        <createdBy>Normie Margetts</createdBy>
        <approvedBy>Claudina O'Shea</approvedBy>
      </source>
    </activity>
    <activity>
      <predicate>transferredTo</predicate>
      <place>Tekfly</place>
      <predplace>transferredTo Tekfly</predplace>
      <ts>2014-04-27T15:50:37Z</ts>
      <source>
        <name>Los Angeles Times</name>
        <ts>2021-04-17T23:44:40Z</ts>
        <createdBy>Alaric Peirpoint</createdBy>
        <approvedBy>Quintin Wotton</approvedBy>
      </source>
    </activity>
    <activity>
      <predicate>endedAt</predicate>
      <place>Centidel</place>
      <predplace>endedAt Centidel</predplace>
      <ts>2016-09-27T13:04:40Z</ts>
      <source>
        <name>Wall Street Journal</name>
        <ts>2021-06-20T02:40:52Z</ts>
        <createdBy>Brodie Minero</createdBy>
        <approvedBy>Hugibert Poon</approvedBy>
      </source>
    </activity>
  </activities>
  <events>
    <event>
      <predicate>servedIn</predicate>
      <place>Colombia</place>
      <predplace>servedIn Colombia</predplace>
      <end>2017-03-07T07:46:51Z</end>
      <start>2015-03-07T19:33:08Z</start>
    </event>
  </events>
  <actions>
    <action>
      <url>https://deviantart.com</url>
      <icon>faCog</icon>
    </action>
    <action>
      <url>http://dmoz.org</url>
      <icon>faCode</icon>
    </action>
    <action>
      <url>https://hud.gov</url>
      <icon>faSync</icon>
    </action>
  </actions>
</person>