<?xml version="1.0" encoding="UTF-8" standalone="yes"?>
<person>
  <personId>10050</personId>
  <nameGroup>
    <givenname>
      <value>Orland</value>
    </givenname>
    <surname>
      <value>Mears</value>
    </surname>
    <fullname>
      <classification>S</classification>
      <restricted>true</restricted>
      <value>Orland Mears </value>
      <source>
        <name>New York Times</name>
        <ts>2014-03-07T00:46:38Z</ts>
      </source>
    </fullname>
  </nameGroup>
  <emails>
    <email>
      <value>acoombe0@scribd.com</value>
      <classification>C</classification>
      <restricted>false</restricted>
    </email>
    <email>
      <value>zvandermark1@t-online.de</value>
      <classification>S</classification>
      <restricted>false</restricted>
    </email>
  </emails>
  <phone>173-972-9735</phone>
  <contacts>
    <contact>
      <type>email</type>
      <value>cdalla0@bravesites.com</value>
    </contact>
    <contact>
      <type>email</type>
      <value>mgleaves1@hatena.ne.jp</value>
    </contact>
    <contact>
      <type>phone</type>
      <value>612-505-8706</value>
    </contact>
  </contacts>
  <ssn>
    <value>578-73-1229</value>
    <classification>(S)</classification>
  </ssn>
  <images>
    <image>
      <url>/images/persons/person-01.jpg</url>
      <source>
        <name>Chicago Tribune</name>
        <ts>2019-12-29T13:30:42Z</ts>
        <uploadedBy>rduthy0</uploadedBy>
      </source>
    </image>
  </images>
  <addresses>
    <address>
      <street>5125 Holy Cross Avenue</street>
      <city>Houston</city>
      <state>TX</state>
      <postal>77020</postal>
      <country>United States</country>
      <latitude>29.7758</latitude>
      <longitude>-95.3121</longitude>
    </address>
    <address>
      <street>0535 Cottonwood Street</street>
      <city>Memphis</city>
      <state>TN</state>
      <postal>38136</postal>
      <country>United States</country>
      <latitude>35.2017</latitude>
      <longitude>-89.9715</longitude>
    </address>
    <address>
      <street>3 Merrick Hill</street>
      <city>Washington</city>
      <state>DC</state>
      <postal>20503</postal>
      <country>United States</country>
      <latitude>38.9007</latitude>
      <longitude>-77.0431</longitude>
    </address>
  </addresses>
  <schools>
    <school>
      <country>Mexico</country>
      <name>Universidad Autónoma de Querétaro</name>
      <city>Lazaro Cardenas</city>
      <state>VER</state>
      <postal>92015</postal>
      <latitude>17.9567646</latitude>
      <longitude>-102.1943485</longitude>
      <source>
        <name>USA Today</name>
        <ts>2016-03-07T19:05:06Z</ts>
      </source>
    </school>
  </schools>
  <status>Inactive</status>
  <sources>
    <source>
      <name>New York Times</name>
      <ts>2013-11-07T09:50:31Z</ts>
    </source>
  </sources>
  <relations>
    <relation>
      <id>/person/10046.xml</id>
      <predicate>relatedTo</predicate>
      <imageSrc>/images/persons/person-03.jpg</imageSrc>
      <fullname>Tadeo McCurt </fullname>
      <city>Dallas</city>
      <state>TX</state>
    </relation>
    <relation>
      <id>/person/10088.xml</id>
      <predicate>relatedTo</predicate>
      <imageSrc>/images/persons/person-05.jpg</imageSrc>
      <fullname>Bing Pittoli </fullname>
      <city>Tucson</city>
      <state>AZ</state>
    </relation>
    <relation>
      <id>/person/10037.xml</id>
      <predicate>livesWith</predicate>
      <imageSrc>/images/persons/person-08.jpg</imageSrc>
      <fullname>Alli Langeley </fullname>
      <city>Tacoma</city>
      <state>WA</state>
    </relation>
    <relation>
      <id>/person/10041.xml</id>
      <predicate>livesWith</predicate>
      <imageSrc>/images/persons/person-04.jpg</imageSrc>
      <fullname>Rene Drew-Clifton </fullname>
      <city>San Antonio</city>
      <state>TX</state>
    </relation>
  </relations>
  <createdOn>
    <ts>2022-01-21T15:11:39Z</ts>
    <user>omears1d</user>
  </createdOn>
  <lastUpdated>
    <ts>2022-01-11T14:06:32Z</ts>
    <user>omears1d</user>
  </lastUpdated>
  <socials/>
  <memberships>
    <membership>
      <list>list9</list>
      <important>true</important>
      <ts>2022-01-04</ts>
    </membership>
    <membership>
      <list>list8</list>
      <important>true</important>
      <ts>2022-01-16</ts>
    </membership>
    <membership>
      <list>list3</list>
      <important>true</important>
      <ts>2022-01-26</ts>
    </membership>
  </memberships>
  <links>
    <link>
      <label>Quick View</label>
      <url>http://behance.net</url>
      <icon>faEye</icon>
    </link>
    <link>
      <label>Nomination History</label>
      <url>https://mtv.com</url>
      <icon>faMedal</icon>
    </link>
    <link>
      <label>Comments</label>
      <url>http://fc2.com</url>
      <icon>faComments</icon>
    </link>
  </links>
  <activities>
    <activity>
      <predicate>endedAt</predicate>
      <place>Cogilith</place>
      <predplace>endedAt Cogilith</predplace>
      <ts>2016-10-17T18:52:56Z</ts>
      <source>
        <name>USA Today</name>
        <ts>2021-12-15T12:26:04Z</ts>
        <createdBy>Wilmette Edlestone</createdBy>
        <approvedBy>Stinky Jessup</approvedBy>
      </source>
    </activity>
    <activity>
      <predicate>transferredTo</predicate>
      <place>Geba</place>
      <predplace>transferredTo Geba</predplace>
      <ts>2017-04-16T04:44:27Z</ts>
      <source>
        <name>New York Times</name>
        <ts>2021-05-21T11:23:02Z</ts>
        <createdBy>Ewen Lowndes</createdBy>
        <approvedBy>Erhard Wellbelove</approvedBy>
      </source>
    </activity>
    <activity>
      <predicate>movedTo</predicate>
      <place>Zava</place>
      <predplace>movedTo Zava</predplace>
      <ts>2012-09-22T10:48:34Z</ts>
      <source>
        <name>Chicago Tribune</name>
        <ts>2020-04-20T08:09:41Z</ts>
        <createdBy>Izaak Messruther</createdBy>
        <approvedBy>Lance Knapman</approvedBy>
      </source>
    </activity>
    <activity>
      <predicate>transferredTo</predicate>
      <place>Oodoo</place>
      <predplace>transferredTo Oodoo</predplace>
      <ts>2019-07-14T20:01:34Z</ts>
      <source>
        <name>Los Angeles Times</name>
        <ts>2021-11-19T08:43:33Z</ts>
        <createdBy>Geneva Bradmore</createdBy>
        <approvedBy>Claus Kembry</approvedBy>
      </source>
    </activity>
  </activities>
  <events>
    <event>
      <predicate>servedIn</predicate>
      <place>Iran</place>
      <predplace>servedIn Iran</predplace>
      <end>2018-01-25T16:28:07Z</end>
      <start>2015-10-19T21:10:33Z</start>
    </event>
  </events>
  <actions>
    <action>
      <url>https://squidoo.com</url>
      <icon>faCog</icon>
    </action>
    <action>
      <url>https://google.co.jp</url>
      <icon>faCode</icon>
    </action>
    <action>
      <url>https://admin.ch</url>
      <icon>faSync</icon>
    </action>
  </actions>
</person>