<?xml version="1.0" encoding="UTF-8" standalone="yes"?>
<person>
  <personId>10053</personId>
  <nameGroup>
    <givenname>
      <value>Claire</value>
    </givenname>
    <surname>
      <value>Michelet</value>
    </surname>
    <fullname>
      <classification>S</classification>
      <restricted>true</restricted>
      <value>Claire Michelet </value>
      <source>
        <name>Washington Post</name>
        <ts>2016-05-08T13:35:08Z</ts>
      </source>
      <source>
        <name>Wall Street Journal</name>
        <ts>2011-10-29T11:45:54Z</ts>
      </source>
      <source>
        <name>Washington Post</name>
        <ts>2014-02-28T08:52:08Z</ts>
      </source>
    </fullname>
  </nameGroup>
  <emails>
    <email>
      <value>cgavrielly0@engadget.com</value>
      <classification>U</classification>
      <restricted>false</restricted>
    </email>
  </emails>
  <phone>876-646-6538</phone>
  <contacts>
    <contact>
      <type>phone</type>
      <value>254-370-7446</value>
    </contact>
    <contact>
      <type>email</type>
      <value>sdavie1@smh.com.au</value>
    </contact>
    <contact>
      <type>phone</type>
      <value>464-702-4321</value>
    </contact>
  </contacts>
  <ssn>
    <value>635-99-2518</value>
    <classification>(S)</classification>
  </ssn>
  <images>
    <image>
      <url>/images/persons/person-09.jpg</url>
      <source>
        <name>New York Times</name>
        <ts>2015-01-08T08:43:50Z</ts>
        <uploadedBy/>
      </source>
    </image>
    <image>
      <url>/images/persons/person-08.jpg</url>
      <source>
        <name>Los Angeles Times</name>
        <ts>2019-06-26T02:21:12Z</ts>
        <uploadedBy>bvalett0</uploadedBy>
      </source>
    </image>
  </images>
  <addresses>
    <address>
      <street>32 Fairfield Plaza</street>
      <city>Alhambra</city>
      <state>CA</state>
      <postal>91841</postal>
      <country>United States</country>
      <latitude>33.7866</latitude>
      <longitude>-118.2987</longitude>
    </address>
  </addresses>
  <schools>
    <school>
      <country>United States</country>
      <name>Texas A&amp;M University - Kingsville</name>
      <city>Pensacola</city>
      <state>FL</state>
      <postal>32575</postal>
      <latitude>30.475663</latitude>
      <longitude>-87.193563</longitude>
      <source>
        <name>USA Today</name>
        <ts>2010-08-31T19:40:49Z</ts>
      </source>
      <source>
        <name>New York Times</name>
        <ts>2010-10-08T11:58:34Z</ts>
      </source>
    </school>
    <school>
      <country>Canada</country>
      <name>Emily Carr Institute of Art + Design</name>
      <city>Bridgewater</city>
      <state>NS</state>
      <postal>B4V</postal>
      <latitude>44.3710708</latitude>
      <longitude>-64.5210039</longitude>
      <source>
        <name>USA Today</name>
        <ts>2020-10-21T21:47:51Z</ts>
      </source>
      <source>
        <name>New York Times</name>
        <ts>2013-08-29T04:08:54Z</ts>
      </source>
      <source>
        <name>Chicago Tribune</name>
        <ts>2016-08-20T03:35:41Z</ts>
      </source>
    </school>
  </schools>
  <status>Inactive</status>
  <sources>
    <source>
      <name>Chicago Tribune</name>
      <ts>2012-09-01T10:43:08Z</ts>
    </source>
  </sources>
  <sources>
    <source>
      <name>Chicago Tribune</name>
      <ts>2016-09-23T10:46:33Z</ts>
    </source>
  </sources>
  <sources>
    <source>
      <name>Wall Street Journal</name>
      <ts>2017-01-28T16:51:44Z</ts>
    </source>
  </sources>
  <relations>
    <relation>
      <id>/person/10055.xml</id>
      <predicate>livesWith</predicate>
      <imageSrc>/images/persons/person-06.jpg</imageSrc>
      <fullname>Bria Oganian </fullname>
      <city>Austin</city>
      <state>TX</state>
    </relation>
    <relation>
      <id>/person/10075.xml</id>
      <predicate>worksWith</predicate>
      <imageSrc>/images/persons/person-05.jpg</imageSrc>
      <fullname>Brigitta Haxell </fullname>
      <city>Huntington</city>
      <state>WV</state>
    </relation>
    <relation>
      <id>/person/10032.xml</id>
      <predicate>worksWith</predicate>
      <imageSrc>/images/persons/person-01.jpg</imageSrc>
      <fullname>Faustina Elcock </fullname>
      <city>Washington</city>
      <state>DC</state>
    </relation>
  </relations>
  <createdOn>
    <ts>2022-01-12T14:25:48Z</ts>
    <user>cmichelet1g</user>
  </createdOn>
  <lastUpdated>
    <ts>2022-02-06T20:30:16Z</ts>
    <user>cmichelet1g</user>
  </lastUpdated>
  <socials/>
  <memberships/>
  <links>
    <link>
      <label>Quick View</label>
      <url>https://acquirethisname.com</url>
      <icon>faEye</icon>
    </link>
    <link>
      <label>Nomination History</label>
      <url>https://artisteer.com</url>
      <icon>faMedal</icon>
    </link>
    <link>
      <label>Comments</label>
      <url>http://amazon.co.jp</url>
      <icon>faComments</icon>
    </link>
  </links>
  <activities>
    <activity>
      <predicate>startedAt</predicate>
      <place>Vipe</place>
      <predplace>startedAt Vipe</predplace>
      <ts>2018-03-31T09:49:42Z</ts>
      <source>
        <name>USA Today</name>
        <ts>2021-05-03T01:46:00Z</ts>
        <createdBy>Sella Rosendorf</createdBy>
        <approvedBy>Billye Harrismith</approvedBy>
      </source>
    </activity>
    <activity>
      <predicate>startedAt</predicate>
      <place>Kanoodle</place>
      <predplace>startedAt Kanoodle</predplace>
      <ts>2020-01-11T13:50:54Z</ts>
      <source>
        <name>New York Times</name>
        <ts>2021-02-04T09:39:48Z</ts>
        <createdBy>Saul Finders</createdBy>
        <approvedBy>Stephie Caldwell</approvedBy>
      </source>
    </activity>
    <activity>
      <predicate>movedTo</predicate>
      <place>Ainyx</place>
      <predplace>movedTo Ainyx</predplace>
      <ts>2018-02-27T22:39:37Z</ts>
      <source>
        <name>Chicago Tribune</name>
        <ts>2021-06-17T04:28:41Z</ts>
        <createdBy>Cecily Metcalfe</createdBy>
        <approvedBy>Amby Walton</approvedBy>
      </source>
    </activity>
  </activities>
  <events>
    <event>
      <predicate>visited</predicate>
      <place>Russia</place>
      <predplace>visited Russia</predplace>
      <end>2018-07-21T04:16:46Z</end>
      <start>2015-04-12T18:28:55Z</start>
    </event>
  </events>
  <actions>
    <action>
      <url>http://prnewswire.com</url>
      <icon>faCog</icon>
    </action>
    <action>
      <url>http://addthis.com</url>
      <icon>faCode</icon>
    </action>
    <action>
      <url>http://blog.com</url>
      <icon>faSync</icon>
    </action>
  </actions>
</person>