<?xml version="1.0" encoding="UTF-8" standalone="yes"?>
<person>
  <personId>10056</personId>
  <nameGroup>
    <givenname>
      <value>Arnold</value>
    </givenname>
    <surname>
      <value>Besemer</value>
    </surname>
    <fullname>
      <classification>S</classification>
      <restricted>false</restricted>
      <value>Arnold Besemer </value>
      <source>
        <name>USA Today</name>
        <ts>2016-09-01T13:11:53Z</ts>
      </source>
      <source>
        <name>Chicago Tribune</name>
        <ts>2017-11-07T06:49:17Z</ts>
      </source>
    </fullname>
  </nameGroup>
  <emails>
    <email>
      <value>cgettins0@51.la</value>
      <classification>S</classification>
      <restricted>false</restricted>
    </email>
    <email>
      <value>vwakeley1@google.ca</value>
      <classification>U</classification>
      <restricted>false</restricted>
    </email>
    <email>
      <value>aidney2@cyberchimps.com</value>
      <classification>C</classification>
      <restricted>false</restricted>
    </email>
  </emails>
  <phone>760-727-6516</phone>
  <contacts>
    <contact>
      <type>email</type>
      <value>jisaksson0@utexas.edu</value>
    </contact>
    <contact>
      <type>email</type>
      <value>adavaux1@netscape.com</value>
    </contact>
    <contact>
      <type>email</type>
      <value>dbaignard2@ebay.co.uk</value>
    </contact>
  </contacts>
  <ssn>
    <value>690-02-7592</value>
    <classification>(S)</classification>
  </ssn>
  <images>
    <image>
      <url>/images/persons/person-04.jpg</url>
      <source>
        <name>Washington Post</name>
        <ts>2010-03-03T18:49:23Z</ts>
        <uploadedBy>jvevers0</uploadedBy>
      </source>
    </image>
  </images>
  <addresses>
    <address>
      <street>14720 Valley Edge Place</street>
      <city>Durham</city>
      <state>NC</state>
      <postal>27717</postal>
      <country>United States</country>
      <latitude>36.0512</latitude>
      <longitude>-78.8577</longitude>
    </address>
  </addresses>
  <schools>
    <school>
      <country>Mexico</country>
      <name>Universidad España de Durango</name>
      <city>La Loma</city>
      <state>JAL</state>
      <postal>47685</postal>
      <latitude>20.7917375</latitude>
      <longitude>-102.7817591</longitude>
      <source>
        <name>USA Today</name>
        <ts>2012-03-04T08:22:20Z</ts>
      </source>
    </school>
    <school>
      <country>Canada</country>
      <name>University of Toronto, Scarborough</name>
      <city>Gibbons</city>
      <state>AB</state>
      <postal>M1E</postal>
      <latitude>53.83345</latitude>
      <longitude>-113.33531</longitude>
      <source>
        <name>USA Today</name>
        <ts>2020-01-05T21:42:12Z</ts>
      </source>
      <source>
        <name>New York Times</name>
        <ts>2016-04-20T03:06:07Z</ts>
      </source>
    </school>
  </schools>
  <status>Inactive</status>
  <sources>
    <source>
      <name>Los Angeles Times</name>
      <ts>2018-02-13T18:49:30Z</ts>
    </source>
  </sources>
  <sources>
    <source>
      <name>Washington Post</name>
      <ts>2020-10-28T16:41:29Z</ts>
    </source>
  </sources>
  <sources>
    <source>
      <name>New York Times</name>
      <ts>2010-03-04T13:25:29Z</ts>
    </source>
  </sources>
  <relations>
    <relation>
      <id>/person/10016.xml</id>
      <predicate>relatedTo</predicate>
      <imageSrc>/images/persons/person-05.jpg</imageSrc>
      <fullname>Christel O'Longain </fullname>
      <city>New York City</city>
      <state>NY</state>
    </relation>
    <relation>
      <id>/person/10018.xml</id>
      <predicate>relatedTo</predicate>
      <imageSrc>/images/persons/person-04.jpg</imageSrc>
      <fullname>Mabelle Veryan </fullname>
      <city>Charleston</city>
      <state>SC</state>
    </relation>
    <relation>
      <id>/person/10009.xml</id>
      <predicate>livesWith</predicate>
      <imageSrc>/images/persons/person-04.jpg</imageSrc>
      <fullname>Fredelia Gartrell </fullname>
      <city>Augusta</city>
      <state>GA</state>
    </relation>
    <relation>
      <id>/person/10047.xml</id>
      <predicate>relatedTo</predicate>
      <imageSrc>/images/persons/person-09.jpg</imageSrc>
      <fullname>Bryana Obispo </fullname>
      <city>Chicago</city>
      <state>IL</state>
    </relation>
  </relations>
  <createdOn>
    <ts>2022-01-12T00:27:30Z</ts>
    <user>abesemer1j</user>
  </createdOn>
  <lastUpdated>
    <ts>2022-01-19T15:27:00Z</ts>
    <user>abesemer1j</user>
  </lastUpdated>
  <socials/>
  <memberships>
    <membership>
      <list>list3</list>
      <important>false</important>
      <ts>2022-02-04</ts>
    </membership>
    <membership>
      <list>list12</list>
      <important>true</important>
      <ts>2022-01-19</ts>
    </membership>
    <membership>
      <list>list3</list>
      <important>false</important>
      <ts>2022-02-26</ts>
    </membership>
  </memberships>
  <links>
    <link>
      <label>Quick View</label>
      <url>https://elpais.com</url>
      <icon>faEye</icon>
    </link>
    <link>
      <label>Nomination History</label>
      <url>https://yolasite.com</url>
      <icon>faMedal</icon>
    </link>
    <link>
      <label>Comments</label>
      <url>https://hexun.com</url>
      <icon>faComments</icon>
    </link>
  </links>
  <activities>
    <activity>
      <predicate>startedAt</predicate>
      <place>Dynabox</place>
      <predplace>startedAt Dynabox</predplace>
      <ts>2019-05-11T18:19:04Z</ts>
      <source>
        <name>USA Today</name>
        <ts>2020-02-27T20:55:50Z</ts>
        <createdBy>Filippa Beardshall</createdBy>
        <approvedBy>Marinna Rickarsey</approvedBy>
      </source>
    </activity>
    <activity>
      <predicate>movedTo</predicate>
      <place>Photobean</place>
      <predplace>movedTo Photobean</predplace>
      <ts>2018-03-21T20:00:49Z</ts>
      <source>
        <name>New York Times</name>
        <ts>2020-07-23T15:24:38Z</ts>
        <createdBy>Charity Fenners</createdBy>
        <approvedBy>Delcine Youngs</approvedBy>
      </source>
    </activity>
  </activities>
  <events>
    <event>
      <predicate>visited</predicate>
      <place>Nigeria</place>
      <predplace>visited Nigeria</predplace>
      <end>2017-05-26T17:42:41Z</end>
      <start>2015-12-01T22:15:45Z</start>
    </event>
  </events>
  <actions>
    <action>
      <url>https://geocities.jp</url>
      <icon>faCog</icon>
    </action>
    <action>
      <url>http://123-reg.co.uk</url>
      <icon>faCode</icon>
    </action>
    <action>
      <url>http://un.org</url>
      <icon>faSync</icon>
    </action>
  </actions>
</person>