<?xml version="1.0" encoding="UTF-8" standalone="yes"?>
<person>
  <personId>10057</personId>
  <nameGroup>
    <givenname>
      <value>Tess</value>
    </givenname>
    <surname>
      <value>Northgraves</value>
    </surname>
    <fullname>
      <classification>S</classification>
      <restricted>true</restricted>
      <value>Tess Northgraves </value>
      <source>
        <name>USA Today</name>
        <ts>2017-05-01T23:08:49Z</ts>
      </source>
      <source>
        <name>Wall Street Journal</name>
        <ts>2011-08-29T23:16:57Z</ts>
      </source>
    </fullname>
  </nameGroup>
  <emails>
    <email>
      <value>escollick0@cdc.gov</value>
      <classification>U</classification>
      <restricted>false</restricted>
    </email>
    <email>
      <value>mcurson1@theguardian.com</value>
      <classification>U</classification>
      <restricted>false</restricted>
    </email>
  </emails>
  <phone>595-377-0063</phone>
  <contacts>
    <contact>
      <type>email</type>
      <value>rsherston0@plala.or.jp</value>
    </contact>
    <contact>
      <type>phone</type>
      <value>677-132-5704</value>
    </contact>
    <contact>
      <type>phone</type>
      <value>296-881-8745</value>
    </contact>
  </contacts>
  <ssn>
    <value>809-76-7533</value>
    <classification>(S)</classification>
  </ssn>
  <images>
    <image>
      <url>/images/persons/person-05.jpg</url>
      <source>
        <name>Washington Post</name>
        <ts>2018-06-10T23:32:23Z</ts>
        <uploadedBy>dcanedo0</uploadedBy>
      </source>
    </image>
    <image>
      <url>/images/persons/person-08.jpg</url>
      <source>
        <name>Wall Street Journal</name>
        <ts>2011-08-01T13:37:10Z</ts>
        <uploadedBy>griglesford0</uploadedBy>
      </source>
    </image>
  </images>
  <addresses>
    <address>
      <street>08 Mariners Cove Trail</street>
      <city>Des Moines</city>
      <state>IA</state>
      <postal>50310</postal>
      <country>United States</country>
      <latitude>41.6255</latitude>
      <longitude>-93.6736</longitude>
    </address>
  </addresses>
  <schools>
    <school>
      <country>United States</country>
      <name>Standford Online University</name>
      <city>Des Moines</city>
      <state>IA</state>
      <postal>50362</postal>
      <latitude>41.6</latitude>
      <longitude>-93.61</longitude>
      <source>
        <name>USA Today</name>
        <ts>2017-05-02T05:37:41Z</ts>
      </source>
      <source>
        <name>New York Times</name>
        <ts>2013-05-14T09:27:11Z</ts>
      </source>
    </school>
  </schools>
  <status>Inactive</status>
  <sources>
    <source>
      <name>Los Angeles Times</name>
      <ts>2010-03-25T16:17:02Z</ts>
    </source>
  </sources>
  <relations>
    <relation>
      <id>/person/10090.xml</id>
      <predicate>relatedTo</predicate>
      <imageSrc>/images/persons/person-04.jpg</imageSrc>
      <fullname>Krishnah Winslade </fullname>
      <city>Minneapolis</city>
      <state>MN</state>
    </relation>
    <relation>
      <id>/person/10035.xml</id>
      <predicate>relatedTo</predicate>
      <imageSrc>/images/persons/person-06.jpg</imageSrc>
      <fullname>Larisa Keneford </fullname>
      <city>Boston</city>
      <state>MA</state>
    </relation>
    <relation>
      <id>/person/10018.xml</id>
      <predicate>relatedTo</predicate>
      <imageSrc>/images/persons/person-04.jpg</imageSrc>
      <fullname>Mabelle Veryan </fullname>
      <city>Charleston</city>
      <state>SC</state>
    </relation>
  </relations>
  <createdOn>
    <ts>2022-02-12T00:37:52Z</ts>
    <user>tnorthgraves1k</user>
  </createdOn>
  <lastUpdated>
    <ts>2022-01-08T15:09:31Z</ts>
    <user>tnorthgraves1k</user>
  </lastUpdated>
  <socials>
    <social>
      <site>twitter</site>
      <handle>ddyers0</handle>
      <address>https://prnewswire.com/eget/massa/tempor/convallis.aspx</address>
    </social>
    <social>
      <site>linkedin</site>
      <handle>crobinson1</handle>
      <address>https://fotki.com/dapibus/dolor/vel/est/donec/odio.js</address>
    </social>
    <social>
      <site>twitter</site>
      <handle/>
      <address>http://vistaprint.com/augue/luctus/tincidunt/nulla/mollis.png</address>
    </social>
  </socials>
  <memberships>
    <membership>
      <list>list10</list>
      <important>false</important>
      <ts>2022-01-11</ts>
    </membership>
    <membership>
      <list>list11</list>
      <important>true</important>
      <ts>2022-01-03</ts>
    </membership>
    <membership>
      <list>list5</list>
      <important>false</important>
      <ts>2022-02-18</ts>
    </membership>
  </memberships>
  <links>
    <link>
      <label>Quick View</label>
      <url>https://vk.com</url>
      <icon>faEye</icon>
    </link>
    <link>
      <label>Nomination History</label>
      <url>http://t-online.de</url>
      <icon>faMedal</icon>
    </link>
    <link>
      <label>Comments</label>
      <url>http://yolasite.com</url>
      <icon>faComments</icon>
    </link>
  </links>
  <activities>
    <activity>
      <predicate>transferredTo</predicate>
      <place>Twimm</place>
      <predplace>transferredTo Twimm</predplace>
      <ts>2013-11-19T15:10:23Z</ts>
      <source>
        <name>USA Today</name>
        <ts>2021-02-11T03:43:58Z</ts>
        <createdBy>Northrop Alam</createdBy>
        <approvedBy>Evangelia Soots</approvedBy>
      </source>
    </activity>
    <activity>
      <predicate>movedTo</predicate>
      <place>Layo</place>
      <predplace>movedTo Layo</predplace>
      <ts>2015-08-25T19:44:58Z</ts>
      <source>
        <name>New York Times</name>
        <ts>2020-07-01T13:51:54Z</ts>
        <createdBy>Eugenio Breheny</createdBy>
        <approvedBy>Catina Caro</approvedBy>
      </source>
    </activity>
    <activity>
      <predicate>startedAt</predicate>
      <place>Quaxo</place>
      <predplace>startedAt Quaxo</predplace>
      <ts>2014-12-02T10:17:06Z</ts>
      <source>
        <name>Chicago Tribune</name>
        <ts>2021-03-02T21:42:01Z</ts>
        <createdBy>Calli Scardifield</createdBy>
        <approvedBy>Lionello Woolpert</approvedBy>
      </source>
    </activity>
    <activity>
      <predicate>transferredTo</predicate>
      <place>Gigashots</place>
      <predplace>transferredTo Gigashots</predplace>
      <ts>2015-02-03T15:28:37Z</ts>
      <source>
        <name>Los Angeles Times</name>
        <ts>2021-10-25T09:52:26Z</ts>
        <createdBy>Killie Folkerts</createdBy>
        <approvedBy>Dane Gorioli</approvedBy>
      </source>
    </activity>
  </activities>
  <events>
    <event>
      <predicate>livedIn</predicate>
      <place>China</place>
      <predplace>livedIn China</predplace>
      <end>2018-11-15T18:15:46Z</end>
      <start>2014-08-09T11:42:28Z</start>
    </event>
  </events>
  <actions>
    <action>
      <url>http://virginia.edu</url>
      <icon>faCog</icon>
    </action>
    <action>
      <url>https://google.com.au</url>
      <icon>faCode</icon>
    </action>
    <action>
      <url>http://gizmodo.com</url>
      <icon>faSync</icon>
    </action>
  </actions>
</person>