<?xml version="1.0" encoding="UTF-8" standalone="yes"?>
<person>
  <personId>10052</personId>
  <nameGroup>
    <givenname>
      <value>Celestine</value>
    </givenname>
    <surname>
      <value>Cogger</value>
    </surname>
    <fullname>
      <classification>S</classification>
      <restricted>false</restricted>
      <value>Celestine Cogger </value>
      <source>
        <name>Chicago Tribune</name>
        <ts>2021-05-29T02:30:27Z</ts>
      </source>
      <source>
        <name>Los Angeles Times</name>
        <ts>2017-06-19T14:17:17Z</ts>
      </source>
    </fullname>
  </nameGroup>
  <emails>
    <email>
      <value>pmccaig0@usa.gov</value>
      <classification>C</classification>
      <restricted>false</restricted>
    </email>
  </emails>
  <phone>997-636-1531</phone>
  <contacts>
    <contact>
      <type>email</type>
      <value>mwhisson0@ask.com</value>
    </contact>
    <contact>
      <type>phone</type>
      <value>607-392-6782</value>
    </contact>
    <contact>
      <type>email</type>
      <value>jbroose2@zdnet.com</value>
    </contact>
  </contacts>
  <ssn>
    <value>269-03-6640</value>
    <classification>(S)</classification>
  </ssn>
  <images>
    <image>
      <url>/images/persons/person-05.jpg</url>
      <source>
        <name>USA Today</name>
        <ts>2012-11-19T14:13:58Z</ts>
        <uploadedBy>bbeeres0</uploadedBy>
      </source>
    </image>
    <image>
      <url>/images/persons/person-01.jpg</url>
      <source>
        <name>USA Today</name>
        <ts>2019-03-21T12:59:20Z</ts>
        <uploadedBy>csynnot0</uploadedBy>
      </source>
    </image>
    <image>
      <url>/images/persons/person-04.jpg</url>
      <source>
        <name>USA Today</name>
        <ts>2019-09-07T09:17:25Z</ts>
        <uploadedBy>cmclardie0</uploadedBy>
      </source>
    </image>
  </images>
  <addresses>
    <address>
      <street>955 Algoma Terrace</street>
      <city>New York City</city>
      <state>NY</state>
      <postal>10249</postal>
      <country>United States</country>
      <latitude>40.7808</latitude>
      <longitude>-73.9772</longitude>
    </address>
    <address>
      <street>3 Sunbrook Plaza</street>
      <city>Hialeah</city>
      <state>FL</state>
      <postal>33013</postal>
      <country>United States</country>
      <latitude>25.8594</latitude>
      <longitude>-80.2725</longitude>
    </address>
  </addresses>
  <schools>
    <school>
      <country>United States</country>
      <name>Northern Michigan University</name>
      <city>Duluth</city>
      <state>GA</state>
      <postal>30096</postal>
      <latitude>34.0028786</latitude>
      <longitude>-84.1446376</longitude>
      <source>
        <name>USA Today</name>
        <ts>2012-11-08T01:08:24Z</ts>
      </source>
    </school>
    <school>
      <country>United States</country>
      <name>University of the Arts</name>
      <city>Seattle</city>
      <state>WA</state>
      <postal>98195</postal>
      <latitude>47.6508882</latitude>
      <longitude>-122.3084023</longitude>
      <source>
        <name>USA Today</name>
        <ts>2020-07-10T05:12:35Z</ts>
      </source>
      <source>
        <name>New York Times</name>
        <ts>2019-02-08T13:09:51Z</ts>
      </source>
    </school>
  </schools>
  <status>Active</status>
  <sources>
    <source>
      <name>Los Angeles Times</name>
      <ts>2010-12-23T03:02:12Z</ts>
    </source>
  </sources>
  <relations>
    <relation>
      <id>/person/10065.xml</id>
      <predicate>relatedTo</predicate>
      <imageSrc>/images/persons/person-09.jpg</imageSrc>
      <fullname>Anastasie McAllaster </fullname>
      <city>San Jose</city>
      <state>CA</state>
    </relation>
    <relation>
      <id>/person/10054.xml</id>
      <predicate>livesWith</predicate>
      <imageSrc>/images/persons/person-03.jpg</imageSrc>
      <fullname>Amargo Hicklingbottom </fullname>
      <city>Kansas City</city>
      <state>MO</state>
    </relation>
    <relation>
      <id>/person/10019.xml</id>
      <predicate>livesWith</predicate>
      <imageSrc>/images/persons/person-09.jpg</imageSrc>
      <fullname>Sonja McIlveen </fullname>
      <city>Hayward</city>
      <state>CA</state>
    </relation>
  </relations>
  <createdOn>
    <ts>2022-02-22T17:32:23Z</ts>
    <user>ccogger1f</user>
  </createdOn>
  <lastUpdated>
    <ts>2022-01-23T14:52:41Z</ts>
    <user>ccogger1f</user>
  </lastUpdated>
  <socials>
    <social>
      <site>twitter</site>
      <handle>kkruse0</handle>
      <address>https://princeton.edu/sapien/iaculis/congue/vivamus/metus.png</address>
    </social>
    <social>
      <site>facebook</site>
      <handle/>
      <address>https://phoca.cz/fringilla/rhoncus/mauris/enim.aspx</address>
    </social>
    <social>
      <site>linkedin</site>
      <handle>tbrouard2</handle>
      <address>http://fda.gov/interdum/mauris/ullamcorper/purus/sit/amet.html</address>
    </social>
  </socials>
  <memberships>
    <membership>
      <list>list9</list>
      <important>false</important>
      <ts>2022-01-20</ts>
    </membership>
    <membership>
      <list>list4</list>
      <important>true</important>
      <ts>2022-01-23</ts>
    </membership>
    <membership>
      <list>list9</list>
      <important>true</important>
      <ts>2022-01-01</ts>
    </membership>
    <membership>
      <list>list3</list>
      <important>true</important>
      <ts>2022-02-19</ts>
    </membership>
    <membership>
      <list>list9</list>
      <important>false</important>
      <ts>2022-02-19</ts>
    </membership>
  </memberships>
  <links>
    <link>
      <label>Quick View</label>
      <url>http://dyndns.org</url>
      <icon>faEye</icon>
    </link>
    <link>
      <label>Nomination History</label>
      <url>https://google.ru</url>
      <icon>faMedal</icon>
    </link>
    <link>
      <label>Comments</label>
      <url>https://so-net.ne.jp</url>
      <icon>faComments</icon>
    </link>
  </links>
  <activities>
    <activity>
      <predicate>endedAt</predicate>
      <place>Edgewire</place>
      <predplace>endedAt Edgewire</predplace>
      <ts>2017-12-24T09:38:50Z</ts>
      <source>
        <name>USA Today</name>
        <ts>2020-03-15T20:54:55Z</ts>
        <createdBy>Chrystel McFetridge</createdBy>
        <approvedBy>Renaud Lockart</approvedBy>
      </source>
    </activity>
    <activity>
      <predicate>movedTo</predicate>
      <place>Shufflester</place>
      <predplace>movedTo Shufflester</predplace>
      <ts>2013-06-01T01:07:33Z</ts>
      <source>
        <name>New York Times</name>
        <ts>2020-08-15T23:15:17Z</ts>
        <createdBy>Maryl Redsall</createdBy>
        <approvedBy>Kellen McLarty</approvedBy>
      </source>
    </activity>
    <activity>
      <predicate>startedAt</predicate>
      <place>Yakidoo</place>
      <predplace>startedAt Yakidoo</predplace>
      <ts>2019-08-23T17:22:13Z</ts>
      <source>
        <name>Chicago Tribune</name>
        <ts>2020-12-10T16:14:34Z</ts>
        <createdBy>Eachelle Dallas</createdBy>
        <approvedBy>Ronica Poulston</approvedBy>
      </source>
    </activity>
  </activities>
  <events>
    <event>
      <predicate>servedIn</predicate>
      <place>China</place>
      <predplace>servedIn China</predplace>
      <end>2018-01-13T08:09:36Z</end>
      <start>2014-09-04T14:17:01Z</start>
    </event>
  </events>
  <actions>
    <action>
      <url>http://amazon.com</url>
      <icon>faCog</icon>
    </action>
    <action>
      <url>http://msn.com</url>
      <icon>faCode</icon>
    </action>
    <action>
      <url>http://hibu.com</url>
      <icon>faSync</icon>
    </action>
  </actions>
</person>