<?xml version="1.0" encoding="UTF-8" standalone="yes"?>
<person>
  <personId>10055</personId>
  <nameGroup>
    <givenname>
      <value>Bria</value>
    </givenname>
    <surname>
      <value>Oganian</value>
    </surname>
    <fullname>
      <classification>S</classification>
      <restricted>false</restricted>
      <value>Bria Oganian </value>
      <source>
        <name>Wall Street Journal</name>
        <ts>2013-04-22T21:00:04Z</ts>
      </source>
      <source>
        <name>New York Times</name>
        <ts>2016-02-23T06:16:00Z</ts>
      </source>
    </fullname>
  </nameGroup>
  <emails>
    <email>
      <value>agarratt0@seattletimes.com</value>
      <classification>C</classification>
      <restricted>false</restricted>
    </email>
  </emails>
  <phone>775-411-4992</phone>
  <contacts>
    <contact>
      <type>phone</type>
      <value>548-494-7349</value>
    </contact>
    <contact>
      <type>email</type>
      <value>ajedrzejewsky1@nps.gov</value>
    </contact>
    <contact>
      <type>email</type>
      <value>gpegden2@google.pl</value>
    </contact>
  </contacts>
  <ssn>
    <value>493-27-0271</value>
    <classification>(S)</classification>
  </ssn>
  <images>
    <image>
      <url>/images/persons/person-06.jpg</url>
      <source>
        <name>Los Angeles Times</name>
        <ts>2017-11-15T18:05:58Z</ts>
        <uploadedBy>rmcairt0</uploadedBy>
      </source>
    </image>
    <image>
      <url>/images/persons/person-01.jpg</url>
      <source>
        <name>New York Times</name>
        <ts>2018-07-25T18:45:49Z</ts>
        <uploadedBy>dragg0</uploadedBy>
      </source>
    </image>
    <image>
      <url>/images/persons/person-10.jpg</url>
      <source>
        <name>Wall Street Journal</name>
        <ts>2021-11-13T23:25:32Z</ts>
        <uploadedBy>sfenlon0</uploadedBy>
      </source>
    </image>
  </images>
  <addresses>
    <address>
      <street>741 Ridgeway Point</street>
      <city>Austin</city>
      <state>TX</state>
      <postal>78726</postal>
      <country>United States</country>
      <latitude>30.43</latitude>
      <longitude>-97.8326</longitude>
    </address>
    <address>
      <street>2455 Nevada Park</street>
      <city>Springfield</city>
      <state>IL</state>
      <postal>62705</postal>
      <country>United States</country>
      <latitude>39.7495</latitude>
      <longitude>-89.606</longitude>
    </address>
  </addresses>
  <schools>
    <school>
      <country>United States</country>
      <name>Adler School of Professional Psychology</name>
      <city>Katy</city>
      <state>TX</state>
      <postal>77493</postal>
      <latitude>29.7857853</latitude>
      <longitude>-95.8243956</longitude>
      <source>
        <name>USA Today</name>
        <ts>2017-07-22T18:01:11Z</ts>
      </source>
      <source>
        <name>New York Times</name>
        <ts>2014-04-24T11:59:26Z</ts>
      </source>
      <source>
        <name>Chicago Tribune</name>
        <ts>2015-03-03T07:30:39Z</ts>
      </source>
    </school>
  </schools>
  <status>Inactive</status>
  <sources>
    <source>
      <name>New York Times</name>
      <ts>2011-01-01T11:42:04Z</ts>
    </source>
  </sources>
  <sources>
    <source>
      <name>Washington Post</name>
      <ts>2018-11-13T17:48:30Z</ts>
    </source>
  </sources>
  <sources>
    <source>
      <name>New York Times</name>
      <ts>2011-10-28T17:18:47Z</ts>
    </source>
  </sources>
  <relations>
    <relation>
      <id>/person/10038.xml</id>
      <predicate>livesWith</predicate>
      <imageSrc>/images/persons/person-10.jpg</imageSrc>
      <fullname>Abie O'Shaughnessy </fullname>
      <city>Santa Monica</city>
      <state>CA</state>
    </relation>
    <relation>
      <id>/person/10030.xml</id>
      <predicate>worksWith</predicate>
      <imageSrc>/images/persons/person-09.jpg</imageSrc>
      <fullname>Scotti Caddell </fullname>
      <city>Pueblo</city>
      <state>CO</state>
    </relation>
    <relation>
      <id>/person/10065.xml</id>
      <predicate>relatedTo</predicate>
      <imageSrc>/images/persons/person-09.jpg</imageSrc>
      <fullname>Anastasie McAllaster </fullname>
      <city>San Jose</city>
      <state>CA</state>
    </relation>
    <relation>
      <id>/person/10084.xml</id>
      <predicate>livesWith</predicate>
      <imageSrc>/images/persons/person-08.jpg</imageSrc>
      <fullname>Sharleen Harness </fullname>
      <city>Los Angeles</city>
      <state>CA</state>
    </relation>
  </relations>
  <createdOn>
    <ts>2022-01-27T10:50:28Z</ts>
    <user>boganian1i</user>
  </createdOn>
  <lastUpdated>
    <ts>2022-01-30T00:24:45Z</ts>
    <user>boganian1i</user>
  </lastUpdated>
  <socials>
    <social>
      <site>facebook</site>
      <handle>socrigan0</handle>
      <address>http://shinystat.com/blandit/lacinia/erat/vestibulum/sed/magna/at.aspx</address>
    </social>
  </socials>
  <memberships>
    <membership>
      <list>list1</list>
      <important>true</important>
      <ts>2022-01-10</ts>
    </membership>
    <membership>
      <list>list6</list>
      <important>false</important>
      <ts>2022-01-13</ts>
    </membership>
    <membership>
      <list>list6</list>
      <important>false</important>
      <ts>2022-01-04</ts>
    </membership>
  </memberships>
  <links>
    <link>
      <label>Quick View</label>
      <url>http://weebly.com</url>
      <icon>faEye</icon>
    </link>
    <link>
      <label>Nomination History</label>
      <url>http://senate.gov</url>
      <icon>faMedal</icon>
    </link>
    <link>
      <label>Comments</label>
      <url>http://psu.edu</url>
      <icon>faComments</icon>
    </link>
  </links>
  <activities>
    <activity>
      <predicate>endedAt</predicate>
      <place>Realbuzz</place>
      <predplace>endedAt Realbuzz</predplace>
      <ts>2014-08-18T06:08:12Z</ts>
      <source>
        <name>USA Today</name>
        <ts>2020-03-05T07:09:25Z</ts>
        <createdBy>Arlana Maly</createdBy>
        <approvedBy>Sully Odlin</approvedBy>
      </source>
    </activity>
    <activity>
      <predicate>endedAt</predicate>
      <place>Midel</place>
      <predplace>endedAt Midel</predplace>
      <ts>2013-02-26T23:19:12Z</ts>
      <source>
        <name>New York Times</name>
        <ts>2020-12-04T22:55:38Z</ts>
        <createdBy>Ethyl Blazewski</createdBy>
        <approvedBy>Georgianne Tillot</approvedBy>
      </source>
    </activity>
  </activities>
  <events>
    <event>
      <predicate>livedIn</predicate>
      <place>China</place>
      <predplace>livedIn China</predplace>
      <end>2018-03-12T13:57:14Z</end>
      <start>2014-06-11T20:59:26Z</start>
    </event>
  </events>
  <actions>
    <action>
      <url>https://mayoclinic.com</url>
      <icon>faCog</icon>
    </action>
    <action>
      <url>http://elpais.com</url>
      <icon>faCode</icon>
    </action>
    <action>
      <url>https://noaa.gov</url>
      <icon>faSync</icon>
    </action>
  </actions>
</person>