<?xml version="1.0" encoding="UTF-8" standalone="yes"?>
<person>
  <personId>10051</personId>
  <nameGroup>
    <givenname>
      <value>Clarette</value>
    </givenname>
    <surname>
      <value>Jeavons</value>
    </surname>
    <fullname>
      <classification>U</classification>
      <restricted>true</restricted>
      <value>Clarette Jeavons </value>
      <source>
        <name>Los Angeles Times</name>
        <ts>2021-08-12T08:49:41Z</ts>
      </source>
      <source>
        <name>Los Angeles Times</name>
        <ts>2021-03-29T18:20:03Z</ts>
      </source>
      <source>
        <name>Chicago Tribune</name>
        <ts>2013-03-14T20:25:15Z</ts>
      </source>
    </fullname>
  </nameGroup>
  <emails>
    <email>
      <value>ahallmark0@wsj.com</value>
      <classification>S</classification>
      <restricted>false</restricted>
    </email>
  </emails>
  <phone>751-155-0755</phone>
  <contacts>
    <contact>
      <type>phone</type>
      <value>636-509-0833</value>
    </contact>
    <contact>
      <type>email</type>
      <value>crhucroft1@va.gov</value>
    </contact>
    <contact>
      <type>phone</type>
      <value>393-420-6101</value>
    </contact>
  </contacts>
  <ssn>
    <value>156-81-2286</value>
    <classification>(S)</classification>
  </ssn>
  <images>
    <image>
      <url>/images/persons/person-03.jpg</url>
      <source>
        <name>Chicago Tribune</name>
        <ts>2014-02-27T19:54:59Z</ts>
        <uploadedBy>dphilcox0</uploadedBy>
      </source>
    </image>
    <image>
      <url>/images/persons/person-10.jpg</url>
      <source>
        <name>Washington Post</name>
        <ts>2017-02-14T12:05:36Z</ts>
        <uploadedBy>bhardwick0</uploadedBy>
      </source>
    </image>
    <image>
      <url>/images/persons/person-01.jpg</url>
      <source>
        <name>New York Times</name>
        <ts>2013-11-21T11:23:49Z</ts>
        <uploadedBy>rbuten0</uploadedBy>
      </source>
    </image>
  </images>
  <addresses>
    <address>
      <street>516 Lillian Alley</street>
      <city>Anaheim</city>
      <state>CA</state>
      <postal>92825</postal>
      <country>United States</country>
      <latitude>33.8356</latitude>
      <longitude>-117.9132</longitude>
    </address>
    <address>
      <street>7 Vernon Park</street>
      <city>Modesto</city>
      <state>CA</state>
      <postal>95354</postal>
      <country>United States</country>
      <latitude>37.6409</latitude>
      <longitude>-120.9749</longitude>
    </address>
  </addresses>
  <schools>
    <school>
      <country>United States</country>
      <name>College of the Atlantic</name>
      <city>Arlington</city>
      <state>VA</state>
      <postal>22217</postal>
      <latitude>38.8807023</latitude>
      <longitude>-77.1086041</longitude>
      <source>
        <name>USA Today</name>
        <ts>2020-02-09T01:14:42Z</ts>
      </source>
      <source>
        <name>New York Times</name>
        <ts>2019-02-23T20:59:40Z</ts>
      </source>
      <source>
        <name>Chicago Tribune</name>
        <ts>2013-12-03T04:05:45Z</ts>
      </source>
    </school>
  </schools>
  <status>Active</status>
  <sources>
    <source>
      <name>Chicago Tribune</name>
      <ts>2013-12-19T13:47:35Z</ts>
    </source>
  </sources>
  <sources>
    <source>
      <name>Chicago Tribune</name>
      <ts>2017-09-09T15:34:53Z</ts>
    </source>
  </sources>
  <relations>
    <relation>
      <id>/person/10058.xml</id>
      <predicate>livesWith</predicate>
      <imageSrc>/images/persons/person-10.jpg</imageSrc>
      <fullname>Gilligan Darbyshire </fullname>
      <city>Wilmington</city>
      <state>DE</state>
    </relation>
    <relation>
      <id>/person/10055.xml</id>
      <predicate>worksWith</predicate>
      <imageSrc>/images/persons/person-06.jpg</imageSrc>
      <fullname>Bria Oganian </fullname>
      <city>Austin</city>
      <state>TX</state>
    </relation>
    <relation>
      <id>/person/10089.xml</id>
      <predicate>worksWith</predicate>
      <imageSrc>/images/persons/person-05.jpg</imageSrc>
      <fullname>Lurlene Lealle </fullname>
      <city>Detroit</city>
      <state>MI</state>
    </relation>
    <relation>
      <id>/person/10026.xml</id>
      <predicate>worksWith</predicate>
      <imageSrc>/images/persons/person-04.jpg</imageSrc>
      <fullname>Marrilee Whitecross </fullname>
      <city>Dallas</city>
      <state>TX</state>
    </relation>
  </relations>
  <createdOn>
    <ts>2022-02-19T00:11:49Z</ts>
    <user>cjeavons1e</user>
  </createdOn>
  <lastUpdated>
    <ts>2022-02-02T01:59:15Z</ts>
    <user>cjeavons1e</user>
  </lastUpdated>
  <socials>
    <social>
      <site>linkedin</site>
      <handle>aoldnall0</handle>
      <address>http://tmall.com/quisque/erat/eros/viverra/eget/congue/eget.xml</address>
    </social>
    <social>
      <site>facebook</site>
      <handle>jantonacci1</handle>
      <address>https://nifty.com/ligula/sit/amet/eleifend/pede/libero.xml</address>
    </social>
  </socials>
  <memberships/>
  <links>
    <link>
      <label>Quick View</label>
      <url>http://cbc.ca</url>
      <icon>faEye</icon>
    </link>
    <link>
      <label>Nomination History</label>
      <url>http://merriam-webster.com</url>
      <icon>faMedal</icon>
    </link>
    <link>
      <label>Comments</label>
      <url>https://blogger.com</url>
      <icon>faComments</icon>
    </link>
  </links>
  <activities>
    <activity>
      <predicate>transferredTo</predicate>
      <place>Lazzy</place>
      <predplace>transferredTo Lazzy</predplace>
      <ts>2020-02-18T17:54:01Z</ts>
      <source>
        <name>USA Today</name>
        <ts>2021-10-29T06:52:06Z</ts>
        <createdBy>Melodee Culbert</createdBy>
        <approvedBy>Adolf Carette</approvedBy>
      </source>
    </activity>
    <activity>
      <predicate>startedAt</predicate>
      <place>Wordtune</place>
      <predplace>startedAt Wordtune</predplace>
      <ts>2013-11-01T12:47:14Z</ts>
      <source>
        <name>New York Times</name>
        <ts>2021-01-30T17:11:02Z</ts>
        <createdBy>Audy Samber</createdBy>
        <approvedBy>Tucker Lachaize</approvedBy>
      </source>
    </activity>
    <activity>
      <predicate>transferredTo</predicate>
      <place>Topdrive</place>
      <predplace>transferredTo Topdrive</predplace>
      <ts>2017-01-02T15:56:14Z</ts>
      <source>
        <name>Chicago Tribune</name>
        <ts>2021-05-19T16:14:35Z</ts>
        <createdBy>Angelle Iohananof</createdBy>
        <approvedBy>Gabby Inglese</approvedBy>
      </source>
    </activity>
    <activity>
      <predicate>transferredTo</predicate>
      <place>Rhynyx</place>
      <predplace>transferredTo Rhynyx</predplace>
      <ts>2015-11-14T02:10:37Z</ts>
      <source>
        <name>Los Angeles Times</name>
        <ts>2020-12-25T11:46:38Z</ts>
        <createdBy>Miltie Semark</createdBy>
        <approvedBy>Eduino Eyckelberg</approvedBy>
      </source>
    </activity>
    <activity>
      <predicate>movedTo</predicate>
      <place>Youopia</place>
      <predplace>movedTo Youopia</predplace>
      <ts>2016-12-06T21:48:25Z</ts>
      <source>
        <name>Wall Street Journal</name>
        <ts>2020-08-21T21:03:30Z</ts>
        <createdBy>Shanie Trappe</createdBy>
        <approvedBy>Ragnar Sizeland</approvedBy>
      </source>
    </activity>
  </activities>
  <events>
    <event>
      <predicate>visited</predicate>
      <place>United States</place>
      <predplace>visited United States</predplace>
      <end>2018-10-22T13:56:59Z</end>
      <start>2014-04-09T23:21:43Z</start>
    </event>
  </events>
  <actions>
    <action>
      <url>https://constantcontact.com</url>
      <icon>faCog</icon>
    </action>
    <action>
      <url>http://google.co.uk</url>
      <icon>faCode</icon>
    </action>
    <action>
      <url>http://si.edu</url>
      <icon>faSync</icon>
    </action>
  </actions>
</person>