<?xml version="1.0" encoding="UTF-8" standalone="yes"?>
<person>
  <personId>10061</personId>
  <nameGroup>
    <givenname>
      <value>Cynde</value>
    </givenname>
    <surname>
      <value>De la Yglesias</value>
    </surname>
    <fullname>
      <classification>S</classification>
      <restricted>true</restricted>
      <value>Cynde De la Yglesias </value>
      <source>
        <name>Wall Street Journal</name>
        <ts>2012-10-23T10:21:03Z</ts>
      </source>
      <source>
        <name>Washington Post</name>
        <ts>2010-10-08T17:19:51Z</ts>
      </source>
      <source>
        <name>New York Times</name>
        <ts>2017-12-24T01:32:06Z</ts>
      </source>
    </fullname>
  </nameGroup>
  <emails>
    <email>
      <value>bberndt0@cam.ac.uk</value>
      <classification>C</classification>
      <restricted>false</restricted>
    </email>
    <email>
      <value>eeveriss1@deliciousdays.com</value>
      <classification>U</classification>
      <restricted>false</restricted>
    </email>
    <email>
      <value>adecourcy2@amazonaws.com</value>
      <classification>C</classification>
      <restricted>false</restricted>
    </email>
  </emails>
  <phone>719-744-7028</phone>
  <contacts>
    <contact>
      <type>email</type>
      <value>agallaher0@unc.edu</value>
    </contact>
    <contact>
      <type>email</type>
      <value>kladen1@issuu.com</value>
    </contact>
    <contact>
      <type>phone</type>
      <value>239-486-9883</value>
    </contact>
  </contacts>
  <ssn>
    <value>240-53-9789</value>
    <classification>(S)</classification>
  </ssn>
  <images>
    <image>
      <url>/images/persons/person-03.jpg</url>
      <source>
        <name>Washington Post</name>
        <ts>2017-04-10T15:33:38Z</ts>
        <uploadedBy>negar0</uploadedBy>
      </source>
    </image>
    <image>
      <url>/images/persons/person-06.jpg</url>
      <source>
        <name>USA Today</name>
        <ts>2017-01-06T16:50:52Z</ts>
        <uploadedBy>mitzchaki0</uploadedBy>
      </source>
    </image>
  </images>
  <addresses>
    <address>
      <street>88403 Mandrake Park</street>
      <city>Madison</city>
      <state>WI</state>
      <postal>53779</postal>
      <country>United States</country>
      <latitude>43.0982</latitude>
      <longitude>-89.3242</longitude>
    </address>
    <address>
      <street>927 South Crossing</street>
      <city>Suffolk</city>
      <state>VA</state>
      <postal>23436</postal>
      <country>United States</country>
      <latitude>36.8926</latitude>
      <longitude>-76.5142</longitude>
    </address>
  </addresses>
  <schools>
    <school>
      <country>Mexico</country>
      <name>Universidad Xicotepetl</name>
      <city>San Isidro</city>
      <state>DUR</state>
      <postal>35156</postal>
      <latitude>25.566821</latitude>
      <longitude>-103.4295033</longitude>
      <source>
        <name>USA Today</name>
        <ts>2021-06-09T08:55:45Z</ts>
      </source>
      <source>
        <name>New York Times</name>
        <ts>2011-12-21T00:55:44Z</ts>
      </source>
    </school>
  </schools>
  <status>Inactive</status>
  <sources>
    <source>
      <name>Los Angeles Times</name>
      <ts>2012-11-19T15:04:31Z</ts>
    </source>
  </sources>
  <sources>
    <source>
      <name>USA Today</name>
      <ts>2017-05-05T10:59:06Z</ts>
    </source>
  </sources>
  <relations>
    <relation>
      <id>/person/10025.xml</id>
      <predicate>livesWith</predicate>
      <imageSrc>/images/persons/person-07.jpg</imageSrc>
      <fullname>Filberto Bruckent </fullname>
      <city>Austin</city>
      <state>TX</state>
    </relation>
    <relation>
      <id>/person/10095.xml</id>
      <predicate>relatedTo</predicate>
      <imageSrc>/images/persons/person-08.jpg</imageSrc>
      <fullname>Ilaire Voce </fullname>
      <city>Macon</city>
      <state>GA</state>
    </relation>
  </relations>
  <createdOn>
    <ts>2022-02-11T16:17:31Z</ts>
    <user>cdelayglesias1o</user>
  </createdOn>
  <lastUpdated>
    <ts>2022-02-02T10:44:51Z</ts>
    <user>cdelayglesias1o</user>
  </lastUpdated>
  <socials>
    <social>
      <site>twitter</site>
      <handle>dmoy0</handle>
      <address>https://tinyurl.com/fringilla/rhoncus/mauris/enim.jsp</address>
    </social>
    <social>
      <site>facebook</site>
      <handle>calejandri1</handle>
      <address>https://weather.com/vel/est/donec.xml</address>
    </social>
    <social>
      <site>linkedin</site>
      <handle>hmouton2</handle>
      <address>https://cam.ac.uk/natoque/penatibus/et/magnis/dis.png</address>
    </social>
  </socials>
  <memberships>
    <membership>
      <list>list9</list>
      <important>false</important>
      <ts>2022-02-07</ts>
    </membership>
  </memberships>
  <links>
    <link>
      <label>Quick View</label>
      <url>https://marriott.com</url>
      <icon>faEye</icon>
    </link>
    <link>
      <label>Nomination History</label>
      <url>http://gravatar.com</url>
      <icon>faMedal</icon>
    </link>
    <link>
      <label>Comments</label>
      <url>https://pagesperso-orange.fr</url>
      <icon>faComments</icon>
    </link>
  </links>
  <activities>
    <activity>
      <predicate>movedTo</predicate>
      <place>Ainyx</place>
      <predplace>movedTo Ainyx</predplace>
      <ts>2012-01-24T22:14:25Z</ts>
      <source>
        <name>USA Today</name>
        <ts>2021-07-04T01:58:23Z</ts>
        <createdBy>Jacquenette Claydon</createdBy>
        <approvedBy>Reggi Hartington</approvedBy>
      </source>
    </activity>
    <activity>
      <predicate>movedTo</predicate>
      <place>Voonder</place>
      <predplace>movedTo Voonder</predplace>
      <ts>2013-09-17T17:34:51Z</ts>
      <source>
        <name>New York Times</name>
        <ts>2022-02-16T23:36:48Z</ts>
        <createdBy>Ruthann Lessmare</createdBy>
        <approvedBy>Celle Bodleigh</approvedBy>
      </source>
    </activity>
  </activities>
  <events>
    <event>
      <predicate>livedIn</predicate>
      <place>Canada</place>
      <predplace>livedIn Canada</predplace>
      <end>2017-06-02T11:38:42Z</end>
      <start>2014-08-11T21:03:15Z</start>
    </event>
  </events>
  <actions>
    <action>
      <url>https://amazon.com</url>
      <icon>faCog</icon>
    </action>
    <action>
      <url>http://dagondesign.com</url>
      <icon>faCode</icon>
    </action>
    <action>
      <url>http://chicagotribune.com</url>
      <icon>faSync</icon>
    </action>
  </actions>
</person>