<?xml version="1.0" encoding="UTF-8" standalone="yes"?>
<person>
  <personId>10060</personId>
  <nameGroup>
    <givenname>
      <value>Hilda</value>
    </givenname>
    <surname>
      <value>Jahns</value>
    </surname>
    <fullname>
      <classification>C</classification>
      <restricted>false</restricted>
      <value>Hilda Jahns </value>
      <source>
        <name>Washington Post</name>
        <ts>2016-09-07T10:44:37Z</ts>
      </source>
    </fullname>
  </nameGroup>
  <emails>
    <email>
      <value>swherrett0@ted.com</value>
      <classification>S</classification>
      <restricted>false</restricted>
    </email>
  </emails>
  <phone>941-655-6595</phone>
  <contacts>
    <contact>
      <type>email</type>
      <value>enutman0@washington.edu</value>
    </contact>
    <contact>
      <type>email</type>
      <value>xlamberts1@addthis.com</value>
    </contact>
    <contact>
      <type>phone</type>
      <value>744-974-5746</value>
    </contact>
  </contacts>
  <ssn>
    <value>874-07-3521</value>
    <classification>(S)</classification>
  </ssn>
  <images>
    <image>
      <url>/images/persons/person-02.jpg</url>
      <source>
        <name>Washington Post</name>
        <ts>2019-01-20T01:12:52Z</ts>
        <uploadedBy>spicknett0</uploadedBy>
      </source>
    </image>
  </images>
  <addresses>
    <address>
      <street>3437 Toban Pass</street>
      <city>San Jose</city>
      <state>CA</state>
      <postal>95155</postal>
      <country>United States</country>
      <latitude>37.31</latitude>
      <longitude>-121.9011</longitude>
    </address>
    <address>
      <street>991 Nevada Avenue</street>
      <city>Pittsburgh</city>
      <state>PA</state>
      <postal>15261</postal>
      <country>United States</country>
      <latitude>40.4344</latitude>
      <longitude>-80.0248</longitude>
    </address>
  </addresses>
  <schools>
    <school>
      <country>Canada</country>
      <name>Assumption University</name>
      <city>Baie-Comeau</city>
      <state>QC</state>
      <postal>K1M</postal>
      <latitude>49.2211865</latitude>
      <longitude>-68.1518275</longitude>
      <source>
        <name>USA Today</name>
        <ts>2010-09-02T20:43:47Z</ts>
      </source>
      <source>
        <name>New York Times</name>
        <ts>2016-05-07T13:06:32Z</ts>
      </source>
    </school>
    <school>
      <country>United States</country>
      <name>Grove City College</name>
      <city>Richmond</city>
      <state>VA</state>
      <postal>23277</postal>
      <latitude>37.9414132</latitude>
      <longitude>-77.3472943</longitude>
      <source>
        <name>USA Today</name>
        <ts>2020-09-07T06:35:11Z</ts>
      </source>
      <source>
        <name>New York Times</name>
        <ts>2015-04-23T12:19:01Z</ts>
      </source>
      <source>
        <name>Chicago Tribune</name>
        <ts>2016-12-28T04:19:40Z</ts>
      </source>
    </school>
  </schools>
  <status>Inactive</status>
  <sources>
    <source>
      <name>New York Times</name>
      <ts>2010-09-03T23:55:10Z</ts>
    </source>
  </sources>
  <sources>
    <source>
      <name>Wall Street Journal</name>
      <ts>2018-02-12T08:04:37Z</ts>
    </source>
  </sources>
  <relations>
    <relation>
      <id>/person/10009.xml</id>
      <predicate>livesWith</predicate>
      <imageSrc>/images/persons/person-04.jpg</imageSrc>
      <fullname>Fredelia Gartrell </fullname>
      <city>Augusta</city>
      <state>GA</state>
    </relation>
    <relation>
      <id>/person/10042.xml</id>
      <predicate>livesWith</predicate>
      <imageSrc>/images/persons/person-07.jpg</imageSrc>
      <fullname>Arnuad Brewett </fullname>
      <city>Cleveland</city>
      <state>OH</state>
    </relation>
  </relations>
  <createdOn>
    <ts>2022-01-21T14:07:14Z</ts>
    <user>hjahns1n</user>
  </createdOn>
  <lastUpdated>
    <ts>2022-01-14T00:31:54Z</ts>
    <user>hjahns1n</user>
  </lastUpdated>
  <socials>
    <social>
      <site>facebook</site>
      <handle>dmcevay0</handle>
      <address>https://so-net.ne.jp/mi/integer.json</address>
    </social>
    <social>
      <site>linkedin</site>
      <handle>lnester1</handle>
      <address>https://t-online.de/porttitor/pede.png</address>
    </social>
    <social>
      <site>twitter</site>
      <handle>fgander2</handle>
      <address>https://over-blog.com/interdum/venenatis/turpis.aspx</address>
    </social>
  </socials>
  <memberships>
    <membership>
      <list>list8</list>
      <important>true</important>
      <ts>2022-02-16</ts>
    </membership>
  </memberships>
  <links>
    <link>
      <label>Quick View</label>
      <url>https://livejournal.com</url>
      <icon>faEye</icon>
    </link>
    <link>
      <label>Nomination History</label>
      <url>https://1688.com</url>
      <icon>faMedal</icon>
    </link>
    <link>
      <label>Comments</label>
      <url>https://amazon.com</url>
      <icon>faComments</icon>
    </link>
  </links>
  <activities>
    <activity>
      <predicate>startedAt</predicate>
      <place>Youspan</place>
      <predplace>startedAt Youspan</predplace>
      <ts>2019-11-08T20:51:10Z</ts>
      <source>
        <name>USA Today</name>
        <ts>2021-10-31T11:04:40Z</ts>
        <createdBy>Marcie Batrim</createdBy>
        <approvedBy>Jennie Allam</approvedBy>
      </source>
    </activity>
    <activity>
      <predicate>movedTo</predicate>
      <place>Linklinks</place>
      <predplace>movedTo Linklinks</predplace>
      <ts>2019-10-30T10:42:27Z</ts>
      <source>
        <name>New York Times</name>
        <ts>2020-08-18T02:17:22Z</ts>
        <createdBy>Cicily D'Ruel</createdBy>
        <approvedBy>Mark Kalb</approvedBy>
      </source>
    </activity>
    <activity>
      <predicate>startedAt</predicate>
      <place>Jamia</place>
      <predplace>startedAt Jamia</predplace>
      <ts>2015-01-08T23:07:41Z</ts>
      <source>
        <name>Chicago Tribune</name>
        <ts>2020-09-21T14:54:54Z</ts>
        <createdBy>Hort Meeland</createdBy>
        <approvedBy>Kris Boriston</approvedBy>
      </source>
    </activity>
    <activity>
      <predicate>transferredTo</predicate>
      <place>Yakitri</place>
      <predplace>transferredTo Yakitri</predplace>
      <ts>2013-09-08T03:20:01Z</ts>
      <source>
        <name>Los Angeles Times</name>
        <ts>2020-12-31T11:52:59Z</ts>
        <createdBy>Mariya Hush</createdBy>
        <approvedBy>Donavon Thormann</approvedBy>
      </source>
    </activity>
  </activities>
  <events>
    <event>
      <predicate>visited</predicate>
      <place>Botswana</place>
      <predplace>visited Botswana</predplace>
      <end>2018-01-21T09:30:59Z</end>
      <start>2015-09-28T13:44:55Z</start>
    </event>
  </events>
  <actions>
    <action>
      <url>http://theatlantic.com</url>
      <icon>faCog</icon>
    </action>
    <action>
      <url>http://earthlink.net</url>
      <icon>faCode</icon>
    </action>
    <action>
      <url>http://example.com</url>
      <icon>faSync</icon>
    </action>
  </actions>
</person>