<?xml version="1.0" encoding="UTF-8" standalone="yes"?>
<person>
  <personId>10062</personId>
  <nameGroup>
    <givenname>
      <value>Rem</value>
    </givenname>
    <surname>
      <value>Spolton</value>
    </surname>
    <fullname>
      <classification>S</classification>
      <restricted>true</restricted>
      <value>Rem Spolton </value>
      <source>
        <name>Los Angeles Times</name>
        <ts>2013-10-20T16:14:28Z</ts>
      </source>
      <source>
        <name>USA Today</name>
        <ts>2014-11-21T22:16:51Z</ts>
      </source>
      <source>
        <name>Washington Post</name>
        <ts>2021-10-24T02:17:38Z</ts>
      </source>
    </fullname>
  </nameGroup>
  <emails>
    <email>
      <value>umelbourn0@discuz.net</value>
      <classification>U</classification>
      <restricted>false</restricted>
    </email>
    <email>
      <value>mgullifant1@comsenz.com</value>
      <classification>U</classification>
      <restricted>false</restricted>
    </email>
  </emails>
  <phone>524-946-4568</phone>
  <contacts>
    <contact>
      <type>phone</type>
      <value>734-267-8107</value>
    </contact>
    <contact>
      <type>email</type>
      <value>phelstrom1@bizjournals.com</value>
    </contact>
    <contact>
      <type>email</type>
      <value>mdulanty2@sun.com</value>
    </contact>
  </contacts>
  <ssn>
    <value>312-88-6526</value>
    <classification>(S)</classification>
  </ssn>
  <images>
    <image>
      <url>/images/persons/person-05.jpg</url>
      <source>
        <name>Washington Post</name>
        <ts>2013-03-13T13:29:03Z</ts>
        <uploadedBy>parmsden0</uploadedBy>
      </source>
    </image>
    <image>
      <url>/images/persons/person-03.jpg</url>
      <source>
        <name>Wall Street Journal</name>
        <ts>2017-12-25T21:57:25Z</ts>
        <uploadedBy>pwestfield0</uploadedBy>
      </source>
    </image>
  </images>
  <addresses>
    <address>
      <street>223 Gina Crossing</street>
      <city>Philadelphia</city>
      <state>PA</state>
      <postal>19131</postal>
      <country>United States</country>
      <latitude>39.9845</latitude>
      <longitude>-75.2282</longitude>
    </address>
  </addresses>
  <schools>
    <school>
      <country>United States</country>
      <name>Marian College of Fond Du Lac</name>
      <city>Clearwater</city>
      <state>FL</state>
      <postal>34615</postal>
      <latitude>41.7396715</latitude>
      <longitude>-85.9262162</longitude>
      <source>
        <name>USA Today</name>
        <ts>2020-08-05T17:20:20Z</ts>
      </source>
      <source>
        <name>New York Times</name>
        <ts>2010-01-23T11:37:52Z</ts>
      </source>
      <source>
        <name>Chicago Tribune</name>
        <ts>2021-10-09T06:22:11Z</ts>
      </source>
    </school>
  </schools>
  <status>Active</status>
  <sources>
    <source>
      <name>New York Times</name>
      <ts>2010-02-24T07:44:52Z</ts>
    </source>
  </sources>
  <sources>
    <source>
      <name>Wall Street Journal</name>
      <ts>2010-09-28T00:27:30Z</ts>
    </source>
  </sources>
  <sources>
    <source>
      <name>Los Angeles Times</name>
      <ts>2011-11-01T10:02:04Z</ts>
    </source>
  </sources>
  <relations>
    <relation>
      <id>/person/10095.xml</id>
      <predicate>livesWith</predicate>
      <imageSrc>/images/persons/person-08.jpg</imageSrc>
      <fullname>Ilaire Voce </fullname>
      <city>Macon</city>
      <state>GA</state>
    </relation>
    <relation>
      <id>/person/10047.xml</id>
      <predicate>relatedTo</predicate>
      <imageSrc>/images/persons/person-09.jpg</imageSrc>
      <fullname>Bryana Obispo </fullname>
      <city>Chicago</city>
      <state>IL</state>
    </relation>
    <relation>
      <id>/person/10048.xml</id>
      <predicate>relatedTo</predicate>
      <imageSrc>/images/persons/person-01.jpg</imageSrc>
      <fullname>Anatola Elman </fullname>
      <city>Colorado Springs</city>
      <state>CO</state>
    </relation>
  </relations>
  <createdOn>
    <ts>2022-02-15T22:18:21Z</ts>
    <user>rspolton1p</user>
  </createdOn>
  <lastUpdated>
    <ts>2022-01-03T12:21:05Z</ts>
    <user>rspolton1p</user>
  </lastUpdated>
  <socials/>
  <memberships>
    <membership>
      <list>list8</list>
      <important>false</important>
      <ts>2022-02-01</ts>
    </membership>
  </memberships>
  <links>
    <link>
      <label>Quick View</label>
      <url>https://com.com</url>
      <icon>faEye</icon>
    </link>
    <link>
      <label>Nomination History</label>
      <url>http://godaddy.com</url>
      <icon>faMedal</icon>
    </link>
    <link>
      <label>Comments</label>
      <url>https://vinaora.com</url>
      <icon>faComments</icon>
    </link>
  </links>
  <activities>
    <activity>
      <predicate>transferredTo</predicate>
      <place>Zava</place>
      <predplace>transferredTo Zava</predplace>
      <ts>2016-10-20T15:46:39Z</ts>
      <source>
        <name>USA Today</name>
        <ts>2020-02-28T06:07:02Z</ts>
        <createdBy>Rossie Folkerd</createdBy>
        <approvedBy>Drucy Olexa</approvedBy>
      </source>
    </activity>
    <activity>
      <predicate>movedTo</predicate>
      <place>Rhycero</place>
      <predplace>movedTo Rhycero</predplace>
      <ts>2016-09-14T02:00:41Z</ts>
      <source>
        <name>New York Times</name>
        <ts>2020-04-15T23:46:04Z</ts>
        <createdBy>Lincoln Ponder</createdBy>
        <approvedBy>Catherina Winchester</approvedBy>
      </source>
    </activity>
    <activity>
      <predicate>startedAt</predicate>
      <place>Divanoodle</place>
      <predplace>startedAt Divanoodle</predplace>
      <ts>2019-11-23T03:34:07Z</ts>
      <source>
        <name>Chicago Tribune</name>
        <ts>2020-05-02T02:25:51Z</ts>
        <createdBy>Alis Brignall</createdBy>
        <approvedBy>Rafaelita Pote</approvedBy>
      </source>
    </activity>
    <activity>
      <predicate>startedAt</predicate>
      <place>Flipstorm</place>
      <predplace>startedAt Flipstorm</predplace>
      <ts>2017-06-23T15:46:04Z</ts>
      <source>
        <name>Los Angeles Times</name>
        <ts>2021-11-18T18:35:48Z</ts>
        <createdBy>Laryssa Poyle</createdBy>
        <approvedBy>Bourke Sewley</approvedBy>
      </source>
    </activity>
  </activities>
  <events>
    <event>
      <predicate>livedIn</predicate>
      <place>Japan</place>
      <predplace>livedIn Japan</predplace>
      <end>2017-08-30T20:57:27Z</end>
      <start>2014-10-10T07:32:30Z</start>
    </event>
  </events>
  <actions>
    <action>
      <url>http://sphinn.com</url>
      <icon>faCog</icon>
    </action>
    <action>
      <url>https://psu.edu</url>
      <icon>faCode</icon>
    </action>
    <action>
      <url>https://miitbeian.gov.cn</url>
      <icon>faSync</icon>
    </action>
  </actions>
</person>