<?xml version="1.0" encoding="UTF-8" standalone="yes"?>
<person>
  <personId>10066</personId>
  <nameGroup>
    <givenname>
      <value>Pren</value>
    </givenname>
    <surname>
      <value>Debold</value>
    </surname>
    <fullname>
      <classification>U</classification>
      <restricted>true</restricted>
      <value>Pren Debold </value>
      <source>
        <name>Chicago Tribune</name>
        <ts>2013-03-20T23:01:20Z</ts>
      </source>
      <source>
        <name>Chicago Tribune</name>
        <ts>2013-03-15T16:47:11Z</ts>
      </source>
    </fullname>
  </nameGroup>
  <emails>
    <email>
      <value>rbigglestone0@abc.net.au</value>
      <classification>U</classification>
      <restricted>false</restricted>
    </email>
  </emails>
  <phone>795-739-5483</phone>
  <contacts>
    <contact>
      <type>phone</type>
      <value>767-443-7199</value>
    </contact>
    <contact>
      <type>email</type>
      <value>pheatly1@mysql.com</value>
    </contact>
    <contact>
      <type>email</type>
      <value>rwalcher2@hc360.com</value>
    </contact>
  </contacts>
  <ssn>
    <value>725-42-1152</value>
    <classification>(S)</classification>
  </ssn>
  <images>
    <image>
      <url>/images/persons/person-06.jpg</url>
      <source>
        <name>Washington Post</name>
        <ts>2021-08-12T11:46:07Z</ts>
        <uploadedBy>gjonson0</uploadedBy>
      </source>
    </image>
    <image>
      <url>/images/persons/person-07.jpg</url>
      <source>
        <name>Los Angeles Times</name>
        <ts>2020-05-11T21:50:34Z</ts>
        <uploadedBy>gdews0</uploadedBy>
      </source>
    </image>
  </images>
  <addresses>
    <address>
      <street>6922 Aberg Point</street>
      <city>Fort Smith</city>
      <state>AR</state>
      <postal>72916</postal>
      <country>United States</country>
      <latitude>35.2502</latitude>
      <longitude>-94.3703</longitude>
    </address>
  </addresses>
  <schools>
    <school>
      <country>United States</country>
      <name>New England Conservatory of Music</name>
      <city>Saginaw</city>
      <state>MI</state>
      <postal>48604</postal>
      <latitude>43.5072348</latitude>
      <longitude>-83.9638426</longitude>
      <source>
        <name>USA Today</name>
        <ts>2012-10-29T22:10:45Z</ts>
      </source>
    </school>
    <school>
      <country>United States</country>
      <name>Florida Metropolitan University, Tampa College Brandon</name>
      <city>Alexandria</city>
      <state>VA</state>
      <postal>22309</postal>
      <latitude>38.7240446</latitude>
      <longitude>-77.1082444</longitude>
      <source>
        <name>USA Today</name>
        <ts>2012-11-10T20:53:07Z</ts>
      </source>
      <source>
        <name>New York Times</name>
        <ts>2015-06-11T21:17:57Z</ts>
      </source>
    </school>
  </schools>
  <status>Inactive</status>
  <sources>
    <source>
      <name>Washington Post</name>
      <ts>2013-09-25T05:09:19Z</ts>
    </source>
  </sources>
  <sources>
    <source>
      <name>New York Times</name>
      <ts>2012-04-23T17:42:04Z</ts>
    </source>
  </sources>
  <sources>
    <source>
      <name>New York Times</name>
      <ts>2012-04-27T18:47:26Z</ts>
    </source>
  </sources>
  <relations>
    <relation>
      <id>/person/10089.xml</id>
      <predicate>relatedTo</predicate>
      <imageSrc>/images/persons/person-05.jpg</imageSrc>
      <fullname>Lurlene Lealle </fullname>
      <city>Detroit</city>
      <state>MI</state>
    </relation>
    <relation>
      <id>/person/10062.xml</id>
      <predicate>livesWith</predicate>
      <imageSrc>/images/persons/person-05.jpg</imageSrc>
      <fullname>Rem Spolton </fullname>
      <city>Philadelphia</city>
      <state>PA</state>
    </relation>
    <relation>
      <id>/person/10027.xml</id>
      <predicate>livesWith</predicate>
      <imageSrc>/images/persons/person-05.jpg</imageSrc>
      <fullname>Wiatt Troyes </fullname>
      <city>Monroe</city>
      <state>LA</state>
    </relation>
  </relations>
  <createdOn>
    <ts>2022-02-24T13:22:08Z</ts>
    <user>pdebold1t</user>
  </createdOn>
  <lastUpdated>
    <ts>2022-02-06T23:53:43Z</ts>
    <user>pdebold1t</user>
  </lastUpdated>
  <socials>
    <social>
      <site>linkedin</site>
      <handle>jtaillant0</handle>
      <address>http://virginia.edu/nulla/tellus/in/sagittis/dui/vel/nisl.png</address>
    </social>
    <social>
      <site>twitter</site>
      <handle>htomaschke1</handle>
      <address>http://businessinsider.com/nibh/in/lectus/pellentesque/at/nulla/suspendisse.html</address>
    </social>
    <social>
      <site>linkedin</site>
      <handle>mfarron2</handle>
      <address>http://symantec.com/maecenas.html</address>
    </social>
  </socials>
  <memberships>
    <membership>
      <list>list7</list>
      <important>true</important>
      <ts>2022-01-03</ts>
    </membership>
    <membership>
      <list>list7</list>
      <important>false</important>
      <ts>2022-02-07</ts>
    </membership>
  </memberships>
  <links>
    <link>
      <label>Quick View</label>
      <url>https://goo.ne.jp</url>
      <icon>faEye</icon>
    </link>
    <link>
      <label>Nomination History</label>
      <url>http://yale.edu</url>
      <icon>faMedal</icon>
    </link>
    <link>
      <label>Comments</label>
      <url>https://si.edu</url>
      <icon>faComments</icon>
    </link>
  </links>
  <activities>
    <activity>
      <predicate>endedAt</predicate>
      <place>Latz</place>
      <predplace>endedAt Latz</predplace>
      <ts>2018-08-27T06:23:40Z</ts>
      <source>
        <name>USA Today</name>
        <ts>2022-01-21T08:08:04Z</ts>
        <createdBy>Godfree Minchin</createdBy>
        <approvedBy>Cassey Clowney</approvedBy>
      </source>
    </activity>
    <activity>
      <predicate>transferredTo</predicate>
      <place>Kwideo</place>
      <predplace>transferredTo Kwideo</predplace>
      <ts>2015-02-07T21:22:56Z</ts>
      <source>
        <name>New York Times</name>
        <ts>2021-08-14T13:14:29Z</ts>
        <createdBy>Traci Sullly</createdBy>
        <approvedBy>Nola Maypother</approvedBy>
      </source>
    </activity>
  </activities>
  <events>
    <event>
      <predicate>livedIn</predicate>
      <place>Hungary</place>
      <predplace>livedIn Hungary</predplace>
      <end>2017-09-06T03:36:58Z</end>
      <start>2016-06-14T07:08:48Z</start>
    </event>
  </events>
  <actions>
    <action>
      <url>http://who.int</url>
      <icon>faCog</icon>
    </action>
    <action>
      <url>https://tinyurl.com</url>
      <icon>faCode</icon>
    </action>
    <action>
      <url>https://unesco.org</url>
      <icon>faSync</icon>
    </action>
  </actions>
</person>