<?xml version="1.0" encoding="UTF-8" standalone="yes"?>
<person>
  <personId>10067</personId>
  <nameGroup>
    <givenname>
      <value>Brnaba</value>
    </givenname>
    <surname>
      <value>Boscott</value>
    </surname>
    <fullname>
      <classification>S</classification>
      <restricted>false</restricted>
      <value>Brnaba Boscott </value>
      <source>
        <name>USA Today</name>
        <ts>2019-11-16T04:43:19Z</ts>
      </source>
    </fullname>
  </nameGroup>
  <emails>
    <email>
      <value>hdavis0@nymag.com</value>
      <classification>C</classification>
      <restricted>false</restricted>
    </email>
    <email>
      <value>scramp1@hao123.com</value>
      <classification>C</classification>
      <restricted>false</restricted>
    </email>
  </emails>
  <phone>815-588-3681</phone>
  <contacts>
    <contact>
      <type>email</type>
      <value>emahaddie0@cam.ac.uk</value>
    </contact>
    <contact>
      <type>email</type>
      <value>ibott1@amazon.de</value>
    </contact>
    <contact>
      <type>email</type>
      <value>cpisco2@blogger.com</value>
    </contact>
  </contacts>
  <ssn>
    <value>796-34-7243</value>
    <classification>(S)</classification>
  </ssn>
  <images>
    <image>
      <url>/images/persons/person-06.jpg</url>
      <source>
        <name>Wall Street Journal</name>
        <ts>2010-12-25T06:28:15Z</ts>
        <uploadedBy>cpiel0</uploadedBy>
      </source>
    </image>
    <image>
      <url>/images/persons/person-10.jpg</url>
      <source>
        <name>Chicago Tribune</name>
        <ts>2011-04-21T03:58:23Z</ts>
        <uploadedBy>msilverstone0</uploadedBy>
      </source>
    </image>
    <image>
      <url>/images/persons/person-05.jpg</url>
      <source>
        <name>New York Times</name>
        <ts>2012-03-22T17:20:39Z</ts>
        <uploadedBy>kison0</uploadedBy>
      </source>
    </image>
  </images>
  <addresses>
    <address>
      <street>5150 Blaine Pass</street>
      <city>San Antonio</city>
      <state>TX</state>
      <postal>78260</postal>
      <country>United States</country>
      <latitude>29.7026</latitude>
      <longitude>-98.4759</longitude>
    </address>
  </addresses>
  <schools>
    <school>
      <country>United States</country>
      <name>University of South Florida</name>
      <city>Erie</city>
      <state>PA</state>
      <postal>16565</postal>
      <latitude>42.0722039</latitude>
      <longitude>-80.0964415</longitude>
      <source>
        <name>USA Today</name>
        <ts>2018-06-19T18:13:09Z</ts>
      </source>
      <source>
        <name>New York Times</name>
        <ts>2018-03-05T00:49:21Z</ts>
      </source>
      <source>
        <name>Chicago Tribune</name>
        <ts>2016-06-27T00:59:50Z</ts>
      </source>
    </school>
  </schools>
  <status>Inactive</status>
  <sources>
    <source>
      <name>Wall Street Journal</name>
      <ts>2014-05-01T03:21:13Z</ts>
    </source>
  </sources>
  <sources>
    <source>
      <name>Chicago Tribune</name>
      <ts>2017-08-25T05:31:40Z</ts>
    </source>
  </sources>
  <relations>
    <relation>
      <id>/person/10048.xml</id>
      <predicate>livesWith</predicate>
      <imageSrc>/images/persons/person-01.jpg</imageSrc>
      <fullname>Anatola Elman </fullname>
      <city>Colorado Springs</city>
      <state>CO</state>
    </relation>
    <relation>
      <id>/person/10053.xml</id>
      <predicate>worksWith</predicate>
      <imageSrc>/images/persons/person-09.jpg</imageSrc>
      <fullname>Claire Michelet </fullname>
      <city>Alhambra</city>
      <state>CA</state>
    </relation>
    <relation>
      <id>/person/10033.xml</id>
      <predicate>livesWith</predicate>
      <imageSrc>/images/persons/person-02.jpg</imageSrc>
      <fullname>Mag Garnsey </fullname>
      <city>Schenectady</city>
      <state>NY</state>
    </relation>
    <relation>
      <id>/person/10034.xml</id>
      <predicate>relatedTo</predicate>
      <imageSrc>/images/persons/person-03.jpg</imageSrc>
      <fullname>Hector Madeley </fullname>
      <city>Indianapolis</city>
      <state>IN</state>
    </relation>
  </relations>
  <createdOn>
    <ts>2022-02-27T13:36:51Z</ts>
    <user>bboscott1u</user>
  </createdOn>
  <lastUpdated>
    <ts>2022-02-19T22:55:54Z</ts>
    <user>bboscott1u</user>
  </lastUpdated>
  <socials>
    <social>
      <site>facebook</site>
      <handle>cliff0</handle>
      <address>https://webeden.co.uk/ante.aspx</address>
    </social>
  </socials>
  <memberships>
    <membership>
      <list>list9</list>
      <important>true</important>
      <ts>2022-01-15</ts>
    </membership>
    <membership>
      <list>list8</list>
      <important>true</important>
      <ts>2022-01-02</ts>
    </membership>
    <membership>
      <list>list5</list>
      <important>false</important>
      <ts>2022-02-04</ts>
    </membership>
    <membership>
      <list>list7</list>
      <important>false</important>
      <ts>2022-02-14</ts>
    </membership>
  </memberships>
  <links>
    <link>
      <label>Quick View</label>
      <url>http://cbslocal.com</url>
      <icon>faEye</icon>
    </link>
    <link>
      <label>Nomination History</label>
      <url>https://mashable.com</url>
      <icon>faMedal</icon>
    </link>
    <link>
      <label>Comments</label>
      <url>https://imdb.com</url>
      <icon>faComments</icon>
    </link>
  </links>
  <activities>
    <activity>
      <predicate>endedAt</predicate>
      <place>Dablist</place>
      <predplace>endedAt Dablist</predplace>
      <ts>2015-06-29T00:42:46Z</ts>
      <source>
        <name>USA Today</name>
        <ts>2020-06-07T07:32:44Z</ts>
        <createdBy>Gwendolyn Huntriss</createdBy>
        <approvedBy>Joeann Hyman</approvedBy>
      </source>
    </activity>
    <activity>
      <predicate>startedAt</predicate>
      <place>Centizu</place>
      <predplace>startedAt Centizu</predplace>
      <ts>2013-06-29T01:53:24Z</ts>
      <source>
        <name>New York Times</name>
        <ts>2020-07-18T16:09:27Z</ts>
        <createdBy>Belia Stopher</createdBy>
        <approvedBy>Janenna MacCosty</approvedBy>
      </source>
    </activity>
    <activity>
      <predicate>endedAt</predicate>
      <place>Devpulse</place>
      <predplace>endedAt Devpulse</predplace>
      <ts>2013-06-17T09:58:24Z</ts>
      <source>
        <name>Chicago Tribune</name>
        <ts>2021-12-21T22:42:36Z</ts>
        <createdBy>Arlie Marczyk</createdBy>
        <approvedBy>Oliviero Miskimmon</approvedBy>
      </source>
    </activity>
  </activities>
  <events>
    <event>
      <predicate>servedIn</predicate>
      <place>Argentina</place>
      <predplace>servedIn Argentina</predplace>
      <end>2017-09-06T00:06:38Z</end>
      <start>2016-02-21T22:52:05Z</start>
    </event>
  </events>
  <actions>
    <action>
      <url>http://indiatimes.com</url>
      <icon>faCog</icon>
    </action>
    <action>
      <url>http://tuttocitta.it</url>
      <icon>faCode</icon>
    </action>
    <action>
      <url>http://usatoday.com</url>
      <icon>faSync</icon>
    </action>
  </actions>
</person>