<?xml version="1.0" encoding="UTF-8" standalone="yes"?>
<person>
  <personId>10069</personId>
  <nameGroup>
    <givenname>
      <value>Davon</value>
    </givenname>
    <surname>
      <value>Jentle</value>
    </surname>
    <fullname>
      <classification>C</classification>
      <restricted>false</restricted>
      <value>Davon Jentle </value>
      <source>
        <name>USA Today</name>
        <ts>2011-07-09T12:42:18Z</ts>
      </source>
      <source>
        <name>Washington Post</name>
        <ts>2014-10-19T22:03:44Z</ts>
      </source>
      <source>
        <name>Washington Post</name>
        <ts>2016-09-25T14:18:00Z</ts>
      </source>
    </fullname>
  </nameGroup>
  <emails>
    <email>
      <value>ldalesco0@people.com.cn</value>
      <classification>S</classification>
      <restricted>false</restricted>
    </email>
  </emails>
  <phone>956-179-3841</phone>
  <contacts>
    <contact>
      <type>phone</type>
      <value>237-320-9002</value>
    </contact>
    <contact>
      <type>phone</type>
      <value>470-640-6588</value>
    </contact>
    <contact>
      <type>phone</type>
      <value>896-639-7811</value>
    </contact>
  </contacts>
  <ssn>
    <value>720-20-9713</value>
    <classification>(S)</classification>
  </ssn>
  <images>
    <image>
      <url>/images/persons/person-07.jpg</url>
      <source>
        <name>Chicago Tribune</name>
        <ts>2021-10-11T23:07:28Z</ts>
        <uploadedBy>aotierney0</uploadedBy>
      </source>
    </image>
    <image>
      <url>/images/persons/person-05.jpg</url>
      <source>
        <name>Wall Street Journal</name>
        <ts>2012-09-03T16:57:19Z</ts>
        <uploadedBy>fstutely0</uploadedBy>
      </source>
    </image>
    <image>
      <url>/images/persons/person-03.jpg</url>
      <source>
        <name>Chicago Tribune</name>
        <ts>2020-06-20T23:56:43Z</ts>
        <uploadedBy>mhaisell0</uploadedBy>
      </source>
    </image>
  </images>
  <addresses>
    <address>
      <street>8245 Schmedeman Junction</street>
      <city>Champaign</city>
      <state>IL</state>
      <postal>61825</postal>
      <country>United States</country>
      <latitude>40.1399</latitude>
      <longitude>-88.1961</longitude>
    </address>
    <address>
      <street>910 Graedel Road</street>
      <city>Norfolk</city>
      <state>VA</state>
      <postal>23520</postal>
      <country>United States</country>
      <latitude>36.9312</latitude>
      <longitude>-76.2397</longitude>
    </address>
    <address>
      <street>48 Quincy Lane</street>
      <city>Washington</city>
      <state>DC</state>
      <postal>20425</postal>
      <country>United States</country>
      <latitude>38.8933</latitude>
      <longitude>-77.0146</longitude>
    </address>
  </addresses>
  <schools>
    <school>
      <country>Canada</country>
      <name>Bishop's University</name>
      <city>Boissevain</city>
      <state>MB</state>
      <postal>G7S</postal>
      <latitude>49.23062</latitude>
      <longitude>-100.05586</longitude>
      <source>
        <name>USA Today</name>
        <ts>2021-11-16T21:09:12Z</ts>
      </source>
      <source>
        <name>New York Times</name>
        <ts>2013-06-24T00:25:02Z</ts>
      </source>
      <source>
        <name>Chicago Tribune</name>
        <ts>2016-03-16T21:52:58Z</ts>
      </source>
    </school>
  </schools>
  <status>Inactive</status>
  <sources>
    <source>
      <name>Chicago Tribune</name>
      <ts>2019-08-08T21:57:55Z</ts>
    </source>
  </sources>
  <sources>
    <source>
      <name>Wall Street Journal</name>
      <ts>2019-04-01T12:18:46Z</ts>
    </source>
  </sources>
  <relations>
    <relation>
      <id>/person/10100.xml</id>
      <predicate>relatedTo</predicate>
      <imageSrc>/images/persons/person-09.jpg</imageSrc>
      <fullname>Gav Flagg </fullname>
      <city>Fullerton</city>
      <state>CA</state>
    </relation>
    <relation>
      <id>/person/10087.xml</id>
      <predicate>worksWith</predicate>
      <imageSrc>/images/persons/person-07.jpg</imageSrc>
      <fullname>Carlyle Dowker </fullname>
      <city>Memphis</city>
      <state>TN</state>
    </relation>
    <relation>
      <id>/person/10044.xml</id>
      <predicate>relatedTo</predicate>
      <imageSrc>/images/persons/person-09.jpg</imageSrc>
      <fullname>Theodosia Rayment </fullname>
      <city>Seattle</city>
      <state>WA</state>
    </relation>
    <relation>
      <id>/person/10036.xml</id>
      <predicate>livesWith</predicate>
      <imageSrc>/images/persons/person-09.jpg</imageSrc>
      <fullname>Tomaso Harty </fullname>
      <city>Wilmington</city>
      <state>DE</state>
    </relation>
    <relation>
      <id>/person/10098.xml</id>
      <predicate>worksWith</predicate>
      <imageSrc>/images/persons/person-08.jpg</imageSrc>
      <fullname>Pepita Yelland </fullname>
      <city>Fredericksburg</city>
      <state>VA</state>
    </relation>
  </relations>
  <createdOn>
    <ts>2022-02-07T04:52:58Z</ts>
    <user>djentle1w</user>
  </createdOn>
  <lastUpdated>
    <ts>2022-01-31T16:52:55Z</ts>
    <user>djentle1w</user>
  </lastUpdated>
  <socials>
    <social>
      <site>twitter</site>
      <handle>mspitell0</handle>
      <address>https://de.vu/ut.js</address>
    </social>
    <social>
      <site>linkedin</site>
      <handle>bhaselgrove1</handle>
      <address>https://statcounter.com/dictumst/aliquam/augue/quam/sollicitudin.json</address>
    </social>
  </socials>
  <memberships>
    <membership>
      <list>list12</list>
      <important>false</important>
      <ts>2022-01-10</ts>
    </membership>
  </memberships>
  <links>
    <link>
      <label>Quick View</label>
      <url>https://si.edu</url>
      <icon>faEye</icon>
    </link>
    <link>
      <label>Nomination History</label>
      <url>http://histats.com</url>
      <icon>faMedal</icon>
    </link>
    <link>
      <label>Comments</label>
      <url>https://4shared.com</url>
      <icon>faComments</icon>
    </link>
  </links>
  <activities>
    <activity>
      <predicate>movedTo</predicate>
      <place>Flipopia</place>
      <predplace>movedTo Flipopia</predplace>
      <ts>2015-02-15T16:47:01Z</ts>
      <source>
        <name>USA Today</name>
        <ts>2020-05-31T10:36:48Z</ts>
        <createdBy>John Littlekit</createdBy>
        <approvedBy>Svend Jansik</approvedBy>
      </source>
    </activity>
    <activity>
      <predicate>movedTo</predicate>
      <place>Photolist</place>
      <predplace>movedTo Photolist</predplace>
      <ts>2012-09-19T18:51:14Z</ts>
      <source>
        <name>New York Times</name>
        <ts>2020-01-24T20:58:01Z</ts>
        <createdBy>Matias Shoreman</createdBy>
        <approvedBy>Alessandro Ewan</approvedBy>
      </source>
    </activity>
  </activities>
  <events>
    <event>
      <predicate>livedIn</predicate>
      <place>China</place>
      <predplace>livedIn China</predplace>
      <end>2017-06-25T20:50:15Z</end>
      <start>2016-04-27T06:03:51Z</start>
    </event>
  </events>
  <actions>
    <action>
      <url>http://hubpages.com</url>
      <icon>faCog</icon>
    </action>
    <action>
      <url>https://epa.gov</url>
      <icon>faCode</icon>
    </action>
    <action>
      <url>http://yolasite.com</url>
      <icon>faSync</icon>
    </action>
  </actions>
</person>