<?xml version="1.0" encoding="UTF-8" standalone="yes"?>
<person>
  <personId>10064</personId>
  <nameGroup>
    <givenname>
      <value>Quintina</value>
    </givenname>
    <surname>
      <value>Gower</value>
    </surname>
    <fullname>
      <classification>C</classification>
      <restricted>false</restricted>
      <value>Quintina Gower </value>
      <source>
        <name>Chicago Tribune</name>
        <ts>2018-03-12T12:41:25Z</ts>
      </source>
      <source>
        <name>Wall Street Journal</name>
        <ts>2020-10-20T15:23:47Z</ts>
      </source>
    </fullname>
  </nameGroup>
  <emails>
    <email>
      <value>sharflete0@ihg.com</value>
      <classification>U</classification>
      <restricted>false</restricted>
    </email>
  </emails>
  <phone>297-156-2145</phone>
  <contacts>
    <contact>
      <type>email</type>
      <value>cdineges0@eepurl.com</value>
    </contact>
    <contact>
      <type>phone</type>
      <value>864-286-5408</value>
    </contact>
    <contact>
      <type>phone</type>
      <value>520-655-2172</value>
    </contact>
  </contacts>
  <ssn>
    <value>583-66-8362</value>
    <classification>(S)</classification>
  </ssn>
  <images>
    <image>
      <url>/images/persons/person-09.jpg</url>
      <source>
        <name>Washington Post</name>
        <ts>2019-06-18T22:25:04Z</ts>
        <uploadedBy/>
      </source>
    </image>
    <image>
      <url>/images/persons/person-08.jpg</url>
      <source>
        <name>New York Times</name>
        <ts>2016-04-01T23:33:10Z</ts>
        <uploadedBy>ddollar0</uploadedBy>
      </source>
    </image>
  </images>
  <addresses>
    <address>
      <street>515 Loeprich Point</street>
      <city>Davenport</city>
      <state>IA</state>
      <postal>52804</postal>
      <country>United States</country>
      <latitude>41.5386</latitude>
      <longitude>-90.6115</longitude>
    </address>
    <address>
      <street>17628 Hovde Point</street>
      <city>San Antonio</city>
      <state>TX</state>
      <postal>78285</postal>
      <country>United States</country>
      <latitude>29.4375</latitude>
      <longitude>-98.4616</longitude>
    </address>
    <address>
      <street>89 Milwaukee Point</street>
      <city>Houston</city>
      <state>TX</state>
      <postal>77206</postal>
      <country>United States</country>
      <latitude>29.834</latitude>
      <longitude>-95.4342</longitude>
    </address>
  </addresses>
  <schools>
    <school>
      <country>Canada</country>
      <name>Nipissing University</name>
      <city>Baie-D'Urfé</city>
      <state>QC</state>
      <postal>H9X</postal>
      <latitude>45.416456</latitude>
      <longitude>-73.9160797</longitude>
      <source>
        <name>USA Today</name>
        <ts>2016-01-29T16:41:59Z</ts>
      </source>
      <source>
        <name>New York Times</name>
        <ts>2019-09-19T18:32:47Z</ts>
      </source>
      <source>
        <name>Chicago Tribune</name>
        <ts>2011-11-05T16:37:32Z</ts>
      </source>
    </school>
  </schools>
  <status>Active</status>
  <sources>
    <source>
      <name>USA Today</name>
      <ts>2016-10-26T23:21:23Z</ts>
    </source>
  </sources>
  <sources>
    <source>
      <name>USA Today</name>
      <ts>2018-06-15T15:18:56Z</ts>
    </source>
  </sources>
  <relations>
    <relation>
      <id>/person/10035.xml</id>
      <predicate>worksWith</predicate>
      <imageSrc>/images/persons/person-06.jpg</imageSrc>
      <fullname>Larisa Keneford </fullname>
      <city>Boston</city>
      <state>MA</state>
    </relation>
    <relation>
      <id>/person/10017.xml</id>
      <predicate>worksWith</predicate>
      <imageSrc>/images/persons/person-09.jpg</imageSrc>
      <fullname>Carlye Saxon </fullname>
      <city>Vancouver</city>
      <state>WA</state>
    </relation>
    <relation>
      <id>/person/10082.xml</id>
      <predicate>relatedTo</predicate>
      <imageSrc>/images/persons/person-01.jpg</imageSrc>
      <fullname>Wenona Gyver </fullname>
      <city>Naples</city>
      <state>FL</state>
    </relation>
  </relations>
  <createdOn>
    <ts>2022-01-15T09:06:01Z</ts>
    <user>qgower1r</user>
  </createdOn>
  <lastUpdated>
    <ts>2022-02-13T07:07:09Z</ts>
    <user>qgower1r</user>
  </lastUpdated>
  <socials>
    <social>
      <site>linkedin</site>
      <handle/>
      <address>https://slate.com/nunc/vestibulum/ante/ipsum.aspx</address>
    </social>
    <social>
      <site>linkedin</site>
      <handle>akoppke1</handle>
      <address>https://linkedin.com/congue.aspx</address>
    </social>
    <social>
      <site>facebook</site>
      <handle/>
      <address>http://bing.com/eu/orci/mauris/lacinia/sapien/quis/libero.xml</address>
    </social>
  </socials>
  <memberships/>
  <links>
    <link>
      <label>Quick View</label>
      <url>http://nbcnews.com</url>
      <icon>faEye</icon>
    </link>
    <link>
      <label>Nomination History</label>
      <url>https://huffingtonpost.com</url>
      <icon>faMedal</icon>
    </link>
    <link>
      <label>Comments</label>
      <url>https://google.ru</url>
      <icon>faComments</icon>
    </link>
  </links>
  <activities>
    <activity>
      <predicate>endedAt</predicate>
      <place>Fadeo</place>
      <predplace>endedAt Fadeo</predplace>
      <ts>2014-10-08T15:15:39Z</ts>
      <source>
        <name>USA Today</name>
        <ts>2022-01-26T17:40:21Z</ts>
        <createdBy>Maribeth Venny</createdBy>
        <approvedBy>Paula Gollin</approvedBy>
      </source>
    </activity>
    <activity>
      <predicate>startedAt</predicate>
      <place>Meezzy</place>
      <predplace>startedAt Meezzy</predplace>
      <ts>2019-02-16T09:45:18Z</ts>
      <source>
        <name>New York Times</name>
        <ts>2021-05-05T07:18:24Z</ts>
        <createdBy>Renie Banke</createdBy>
        <approvedBy>Millicent Cobbald</approvedBy>
      </source>
    </activity>
  </activities>
  <events>
    <event>
      <predicate>visited</predicate>
      <place>Indonesia</place>
      <predplace>visited Indonesia</predplace>
      <end>2018-06-01T19:26:04Z</end>
      <start>2014-05-01T17:19:40Z</start>
    </event>
  </events>
  <actions>
    <action>
      <url>https://buzzfeed.com</url>
      <icon>faCog</icon>
    </action>
    <action>
      <url>http://odnoklassniki.ru</url>
      <icon>faCode</icon>
    </action>
    <action>
      <url>http://ning.com</url>
      <icon>faSync</icon>
    </action>
  </actions>
</person>