<?xml version="1.0" encoding="UTF-8" standalone="yes"?>
<person>
  <personId>10071</personId>
  <nameGroup>
    <givenname>
      <value>Hope</value>
    </givenname>
    <surname>
      <value>Firpo</value>
    </surname>
    <fullname>
      <classification>C</classification>
      <restricted>false</restricted>
      <value>Hope Firpo </value>
      <source>
        <name>Chicago Tribune</name>
        <ts>2011-10-12T22:47:09Z</ts>
      </source>
      <source>
        <name>New York Times</name>
        <ts>2016-10-19T02:16:26Z</ts>
      </source>
      <source>
        <name>New York Times</name>
        <ts>2012-09-01T20:39:27Z</ts>
      </source>
    </fullname>
  </nameGroup>
  <emails>
    <email>
      <value>ydaft0@canalblog.com</value>
      <classification>C</classification>
      <restricted>false</restricted>
    </email>
    <email>
      <value>cgaitung1@nature.com</value>
      <classification>U</classification>
      <restricted>false</restricted>
    </email>
  </emails>
  <phone>981-601-4392</phone>
  <contacts>
    <contact>
      <type>phone</type>
      <value>979-821-8979</value>
    </contact>
    <contact>
      <type>email</type>
      <value>kcordell1@psu.edu</value>
    </contact>
    <contact>
      <type>email</type>
      <value>aminelli2@wired.com</value>
    </contact>
  </contacts>
  <ssn>
    <value>448-41-2638</value>
    <classification>(S)</classification>
  </ssn>
  <images>
    <image>
      <url>/images/persons/person-02.jpg</url>
      <source>
        <name>USA Today</name>
        <ts>2020-11-29T06:54:40Z</ts>
        <uploadedBy>ljost0</uploadedBy>
      </source>
    </image>
    <image>
      <url>/images/persons/person-10.jpg</url>
      <source>
        <name>Wall Street Journal</name>
        <ts>2020-04-17T13:23:14Z</ts>
        <uploadedBy>kbaignard0</uploadedBy>
      </source>
    </image>
    <image>
      <url>/images/persons/person-10.jpg</url>
      <source>
        <name>USA Today</name>
        <ts>2010-11-18T22:41:27Z</ts>
        <uploadedBy>wyakovlev0</uploadedBy>
      </source>
    </image>
    <image>
      <url>/images/persons/person-01.jpg</url>
      <source>
        <name>Washington Post</name>
        <ts>2019-05-08T18:40:32Z</ts>
        <uploadedBy>gbrigge0</uploadedBy>
      </source>
    </image>
  </images>
  <addresses>
    <address>
      <street>46895 Sugar Terrace</street>
      <city>Des Moines</city>
      <state>IA</state>
      <postal>50305</postal>
      <country>United States</country>
      <latitude>41.6727</latitude>
      <longitude>-93.5722</longitude>
    </address>
    <address>
      <street>5853 Melody Terrace</street>
      <city>Palm Bay</city>
      <state>FL</state>
      <postal>32909</postal>
      <country>United States</country>
      <latitude>27.9694</latitude>
      <longitude>-80.6473</longitude>
    </address>
  </addresses>
  <schools>
    <school>
      <country>Canada</country>
      <name>Simon Fraser University</name>
      <city>Whitehorse</city>
      <state>YT</state>
      <postal>Y1A</postal>
      <latitude>60.7610412</latitude>
      <longitude>-135.1742264</longitude>
      <source>
        <name>USA Today</name>
        <ts>2011-08-05T20:08:11Z</ts>
      </source>
      <source>
        <name>New York Times</name>
        <ts>2019-04-26T19:32:15Z</ts>
      </source>
    </school>
  </schools>
  <status>Inactive</status>
  <sources>
    <source>
      <name>Chicago Tribune</name>
      <ts>2017-06-14T17:17:19Z</ts>
    </source>
  </sources>
  <sources>
    <source>
      <name>Wall Street Journal</name>
      <ts>2017-11-17T14:36:15Z</ts>
    </source>
  </sources>
  <sources>
    <source>
      <name>Los Angeles Times</name>
      <ts>2011-06-03T05:36:56Z</ts>
    </source>
  </sources>
  <relations>
    <relation>
      <id>/person/10043.xml</id>
      <predicate>worksWith</predicate>
      <imageSrc>/images/persons/person-09.jpg</imageSrc>
      <fullname>Jannel Priddey </fullname>
      <city>Tacoma</city>
      <state>WA</state>
    </relation>
    <relation>
      <id>/person/10039.xml</id>
      <predicate>livesWith</predicate>
      <imageSrc>/images/persons/person-08.jpg</imageSrc>
      <fullname>April Archley </fullname>
      <city>Durham</city>
      <state>NC</state>
    </relation>
    <relation>
      <id>/person/10096.xml</id>
      <predicate>relatedTo</predicate>
      <imageSrc>/images/persons/person-09.jpg</imageSrc>
      <fullname>Stearne Mocquer </fullname>
      <city>Kansas City</city>
      <state>MO</state>
    </relation>
    <relation>
      <id>/person/10008.xml</id>
      <predicate>livesWith</predicate>
      <imageSrc>/images/persons/person-06.jpg</imageSrc>
      <fullname>Clair Yurevich </fullname>
      <city>Saint Petersburg</city>
      <state>FL</state>
    </relation>
    <relation>
      <id>/person/10091.xml</id>
      <predicate>livesWith</predicate>
      <imageSrc>/images/persons/person-09.jpg</imageSrc>
      <fullname>Nealy Trevaskiss </fullname>
      <city>El Paso</city>
      <state>TX</state>
    </relation>
  </relations>
  <createdOn>
    <ts>2022-01-23T08:21:41Z</ts>
    <user>hfirpo1y</user>
  </createdOn>
  <lastUpdated>
    <ts>2022-01-03T14:58:46Z</ts>
    <user>hfirpo1y</user>
  </lastUpdated>
  <socials>
    <social>
      <site>facebook</site>
      <handle>mpleven0</handle>
      <address>https://purevolume.com/convallis/nunc/proin/at/turpis.xml</address>
    </social>
  </socials>
  <memberships>
    <membership>
      <list>list6</list>
      <important>true</important>
      <ts>2022-02-03</ts>
    </membership>
    <membership>
      <list>list6</list>
      <important>false</important>
      <ts>2022-02-25</ts>
    </membership>
    <membership>
      <list>list6</list>
      <important>true</important>
      <ts>2022-01-23</ts>
    </membership>
    <membership>
      <list>list5</list>
      <important>true</important>
      <ts>2022-02-22</ts>
    </membership>
    <membership>
      <list>list4</list>
      <important>false</important>
      <ts>2022-01-28</ts>
    </membership>
    <membership>
      <list>list3</list>
      <important>true</important>
      <ts>2022-01-27</ts>
    </membership>
  </memberships>
  <links>
    <link>
      <label>Quick View</label>
      <url>https://nbcnews.com</url>
      <icon>faEye</icon>
    </link>
    <link>
      <label>Nomination History</label>
      <url>http://tinyurl.com</url>
      <icon>faMedal</icon>
    </link>
    <link>
      <label>Comments</label>
      <url>https://unblog.fr</url>
      <icon>faComments</icon>
    </link>
  </links>
  <activities>
    <activity>
      <predicate>endedAt</predicate>
      <place>Livepath</place>
      <predplace>endedAt Livepath</predplace>
      <ts>2013-05-05T04:53:43Z</ts>
      <source>
        <name>USA Today</name>
        <ts>2021-08-17T11:47:27Z</ts>
        <createdBy>Hashim Mattiassi</createdBy>
        <approvedBy>Terra Padwick</approvedBy>
      </source>
    </activity>
    <activity>
      <predicate>movedTo</predicate>
      <place>Pixope</place>
      <predplace>movedTo Pixope</predplace>
      <ts>2016-11-06T19:53:11Z</ts>
      <source>
        <name>New York Times</name>
        <ts>2021-12-11T01:20:04Z</ts>
        <createdBy>Morty Bras</createdBy>
        <approvedBy>Constantia McCrea</approvedBy>
      </source>
    </activity>
    <activity>
      <predicate>startedAt</predicate>
      <place>Yoveo</place>
      <predplace>startedAt Yoveo</predplace>
      <ts>2016-12-09T05:39:01Z</ts>
      <source>
        <name>Chicago Tribune</name>
        <ts>2020-06-10T16:41:58Z</ts>
        <createdBy>Minny Rawsthorne</createdBy>
        <approvedBy>Ginny Glenton</approvedBy>
      </source>
    </activity>
    <activity>
      <predicate>endedAt</predicate>
      <place>Linkbuzz</place>
      <predplace>endedAt Linkbuzz</predplace>
      <ts>2019-10-20T04:45:59Z</ts>
      <source>
        <name>Los Angeles Times</name>
        <ts>2021-04-12T04:44:27Z</ts>
        <createdBy>Michal Chagg</createdBy>
        <approvedBy>Merle Bronot</approvedBy>
      </source>
    </activity>
  </activities>
  <events>
    <event>
      <predicate>visited</predicate>
      <place>China</place>
      <predplace>visited China</predplace>
      <end>2018-03-13T03:48:30Z</end>
      <start>2016-05-31T05:59:46Z</start>
    </event>
  </events>
  <actions>
    <action>
      <url>https://infoseek.co.jp</url>
      <icon>faCog</icon>
    </action>
    <action>
      <url>https://jugem.jp</url>
      <icon>faCode</icon>
    </action>
    <action>
      <url>https://archive.org</url>
      <icon>faSync</icon>
    </action>
  </actions>
</person>