<?xml version="1.0" encoding="UTF-8" standalone="yes"?>
<person>
  <personId>10077</personId>
  <nameGroup>
    <givenname>
      <value>Lay</value>
    </givenname>
    <surname>
      <value>MacCorley</value>
    </surname>
    <fullname>
      <classification>U</classification>
      <restricted>true</restricted>
      <value>Lay MacCorley </value>
      <source>
        <name>New York Times</name>
        <ts>2018-01-29T22:41:07Z</ts>
      </source>
      <source>
        <name>Wall Street Journal</name>
        <ts>2013-07-17T03:46:17Z</ts>
      </source>
      <source>
        <name>USA Today</name>
        <ts>2013-02-24T08:00:07Z</ts>
      </source>
    </fullname>
  </nameGroup>
  <emails>
    <email>
      <value>nhoulson0@columbia.edu</value>
      <classification>C</classification>
      <restricted>false</restricted>
    </email>
    <email>
      <value>srumsey1@xrea.com</value>
      <classification>C</classification>
      <restricted>false</restricted>
    </email>
  </emails>
  <phone>875-362-3237</phone>
  <contacts>
    <contact>
      <type>email</type>
      <value>gchartre0@1und1.de</value>
    </contact>
    <contact>
      <type>email</type>
      <value>codonohue1@archive.org</value>
    </contact>
    <contact>
      <type>phone</type>
      <value>506-943-4492</value>
    </contact>
  </contacts>
  <ssn>
    <value>626-76-5651</value>
    <classification>(S)</classification>
  </ssn>
  <images>
    <image>
      <url>/images/persons/person-08.jpg</url>
      <source>
        <name>Chicago Tribune</name>
        <ts>2019-06-23T23:22:36Z</ts>
        <uploadedBy>capted0</uploadedBy>
      </source>
    </image>
  </images>
  <addresses>
    <address>
      <street>84 Scott Street</street>
      <city>Stockton</city>
      <state>CA</state>
      <postal>95219</postal>
      <country>United States</country>
      <latitude>38.01</latitude>
      <longitude>-121.3698</longitude>
    </address>
    <address>
      <street>68109 Acker Point</street>
      <city>Provo</city>
      <state>UT</state>
      <postal>84605</postal>
      <country>United States</country>
      <latitude>40.177</latitude>
      <longitude>-111.536</longitude>
    </address>
    <address>
      <street>6329 Truax Park</street>
      <city>Kansas City</city>
      <state>MO</state>
      <postal>64199</postal>
      <country>United States</country>
      <latitude>39.035</latitude>
      <longitude>-94.3567</longitude>
    </address>
  </addresses>
  <schools>
    <school>
      <country>Canada</country>
      <name>Bishop's University</name>
      <city>Maple Creek</city>
      <state>SK</state>
      <postal>P3L</postal>
      <latitude>49.91678</latitude>
      <longitude>-109.48481</longitude>
      <source>
        <name>USA Today</name>
        <ts>2020-11-27T00:05:23Z</ts>
      </source>
      <source>
        <name>New York Times</name>
        <ts>2020-10-21T18:52:36Z</ts>
      </source>
    </school>
  </schools>
  <status>Inactive</status>
  <sources>
    <source>
      <name>Wall Street Journal</name>
      <ts>2015-04-22T03:08:39Z</ts>
    </source>
  </sources>
  <sources>
    <source>
      <name>New York Times</name>
      <ts>2014-06-16T07:26:00Z</ts>
    </source>
  </sources>
  <sources>
    <source>
      <name>Chicago Tribune</name>
      <ts>2015-03-02T17:08:29Z</ts>
    </source>
  </sources>
  <relations>
    <relation>
      <id>/person/10023.xml</id>
      <predicate>worksWith</predicate>
      <imageSrc>/images/persons/person-01.jpg</imageSrc>
      <fullname>Wynne Laing </fullname>
      <city>Lancaster</city>
      <state>PA</state>
    </relation>
    <relation>
      <id>/person/10083.xml</id>
      <predicate>relatedTo</predicate>
      <imageSrc>/images/persons/person-09.jpg</imageSrc>
      <fullname>Jodie Huddleston </fullname>
      <city>Pittsburgh</city>
      <state>PA</state>
    </relation>
    <relation>
      <id>/person/10086.xml</id>
      <predicate>worksWith</predicate>
      <imageSrc>/images/persons/person-08.jpg</imageSrc>
      <fullname>Muffin Feyer </fullname>
      <city>Tyler</city>
      <state>TX</state>
    </relation>
    <relation>
      <id>/person/10058.xml</id>
      <predicate>relatedTo</predicate>
      <imageSrc>/images/persons/person-10.jpg</imageSrc>
      <fullname>Gilligan Darbyshire </fullname>
      <city>Wilmington</city>
      <state>DE</state>
    </relation>
  </relations>
  <createdOn>
    <ts>2022-02-12T21:40:44Z</ts>
    <user>lmaccorley24</user>
  </createdOn>
  <lastUpdated>
    <ts>2022-01-26T11:42:48Z</ts>
    <user>lmaccorley24</user>
  </lastUpdated>
  <socials/>
  <memberships>
    <membership>
      <list>list12</list>
      <important>false</important>
      <ts>2022-02-13</ts>
    </membership>
    <membership>
      <list>list3</list>
      <important>false</important>
      <ts>2022-01-03</ts>
    </membership>
    <membership>
      <list>list11</list>
      <important>false</important>
      <ts>2022-02-09</ts>
    </membership>
    <membership>
      <list>list2</list>
      <important>false</important>
      <ts>2022-01-01</ts>
    </membership>
  </memberships>
  <links>
    <link>
      <label>Quick View</label>
      <url>http://howstuffworks.com</url>
      <icon>faEye</icon>
    </link>
    <link>
      <label>Nomination History</label>
      <url>http://statcounter.com</url>
      <icon>faMedal</icon>
    </link>
    <link>
      <label>Comments</label>
      <url>http://pbs.org</url>
      <icon>faComments</icon>
    </link>
  </links>
  <activities>
    <activity>
      <predicate>transferredTo</predicate>
      <place>Divanoodle</place>
      <predplace>transferredTo Divanoodle</predplace>
      <ts>2019-01-08T03:52:34Z</ts>
      <source>
        <name>USA Today</name>
        <ts>2020-06-27T17:17:34Z</ts>
        <createdBy>Eal Joules</createdBy>
        <approvedBy>Cassey Tibbs</approvedBy>
      </source>
    </activity>
    <activity>
      <predicate>transferredTo</predicate>
      <place>Pixonyx</place>
      <predplace>transferredTo Pixonyx</predplace>
      <ts>2014-06-23T19:24:45Z</ts>
      <source>
        <name>New York Times</name>
        <ts>2020-03-23T14:48:08Z</ts>
        <createdBy>Leif Dallin</createdBy>
        <approvedBy>Goraud Fetherby</approvedBy>
      </source>
    </activity>
    <activity>
      <predicate>transferredTo</predicate>
      <place>Skyndu</place>
      <predplace>transferredTo Skyndu</predplace>
      <ts>2017-10-07T23:31:11Z</ts>
      <source>
        <name>Chicago Tribune</name>
        <ts>2020-07-26T14:19:17Z</ts>
        <createdBy>Nettle Stonelake</createdBy>
        <approvedBy>Ari Simes</approvedBy>
      </source>
    </activity>
    <activity>
      <predicate>transferredTo</predicate>
      <place>Bubblebox</place>
      <predplace>transferredTo Bubblebox</predplace>
      <ts>2012-12-27T14:16:09Z</ts>
      <source>
        <name>Los Angeles Times</name>
        <ts>2022-02-21T06:48:58Z</ts>
        <createdBy>Raye MacAlees</createdBy>
        <approvedBy>Kristan Quodling</approvedBy>
      </source>
    </activity>
    <activity>
      <predicate>movedTo</predicate>
      <place>Kwinu</place>
      <predplace>movedTo Kwinu</predplace>
      <ts>2018-06-22T04:53:41Z</ts>
      <source>
        <name>Wall Street Journal</name>
        <ts>2021-08-11T16:00:29Z</ts>
        <createdBy>Feodor Rothera</createdBy>
        <approvedBy>Jacintha Moorhead</approvedBy>
      </source>
    </activity>
  </activities>
  <events>
    <event>
      <predicate>visited</predicate>
      <place>China</place>
      <predplace>visited China</predplace>
      <end>2017-11-24T12:51:50Z</end>
      <start>2014-08-22T04:17:35Z</start>
    </event>
  </events>
  <actions>
    <action>
      <url>http://amazon.de</url>
      <icon>faCog</icon>
    </action>
    <action>
      <url>http://fema.gov</url>
      <icon>faCode</icon>
    </action>
    <action>
      <url>http://taobao.com</url>
      <icon>faSync</icon>
    </action>
  </actions>
</person>