<?xml version="1.0" encoding="UTF-8" standalone="yes"?>
<person>
  <personId>10075</personId>
  <nameGroup>
    <givenname>
      <value>Brigitta</value>
    </givenname>
    <surname>
      <value>Haxell</value>
    </surname>
    <fullname>
      <classification>S</classification>
      <restricted>false</restricted>
      <value>Brigitta Haxell </value>
      <source>
        <name>USA Today</name>
        <ts>2013-10-06T23:13:49Z</ts>
      </source>
    </fullname>
  </nameGroup>
  <emails>
    <email>
      <value>zdivall0@unc.edu</value>
      <classification>S</classification>
      <restricted>false</restricted>
    </email>
    <email>
      <value>gcolgrave1@prlog.org</value>
      <classification>U</classification>
      <restricted>false</restricted>
    </email>
  </emails>
  <phone>686-186-2735</phone>
  <contacts>
    <contact>
      <type>email</type>
      <value>awhitley0@barnesandnoble.com</value>
    </contact>
    <contact>
      <type>email</type>
      <value>mgingedale1@gmpg.org</value>
    </contact>
    <contact>
      <type>phone</type>
      <value>606-515-8206</value>
    </contact>
  </contacts>
  <ssn>
    <value>642-36-1606</value>
    <classification>(S)</classification>
  </ssn>
  <images>
    <image>
      <url>/images/persons/person-05.jpg</url>
      <source>
        <name>Los Angeles Times</name>
        <ts>2012-09-30T20:15:20Z</ts>
        <uploadedBy>fspurdens0</uploadedBy>
      </source>
    </image>
    <image>
      <url>/images/persons/person-09.jpg</url>
      <source>
        <name>Washington Post</name>
        <ts>2018-09-13T10:02:13Z</ts>
        <uploadedBy>hfeathersby0</uploadedBy>
      </source>
    </image>
    <image>
      <url>/images/persons/person-08.jpg</url>
      <source>
        <name>USA Today</name>
        <ts>2016-02-11T05:43:24Z</ts>
        <uploadedBy>nfilyukov0</uploadedBy>
      </source>
    </image>
    <image>
      <url>/images/persons/person-05.jpg</url>
      <source>
        <name>Chicago Tribune</name>
        <ts>2014-07-27T06:05:05Z</ts>
        <uploadedBy/>
      </source>
    </image>
  </images>
  <addresses>
    <address>
      <street>91695 Monument Pass</street>
      <city>Huntington</city>
      <state>WV</state>
      <postal>25770</postal>
      <country>United States</country>
      <latitude>38.4134</latitude>
      <longitude>-82.2774</longitude>
    </address>
    <address>
      <street>37 4th Place</street>
      <city>Pittsburgh</city>
      <state>PA</state>
      <postal>15235</postal>
      <country>United States</country>
      <latitude>40.4598</latitude>
      <longitude>-79.8224</longitude>
    </address>
  </addresses>
  <schools>
    <school>
      <country>Canada</country>
      <name>Centennial College</name>
      <city>Digby</city>
      <state>NS</state>
      <postal>N3Y</postal>
      <latitude>44.61685</latitude>
      <longitude>-65.76555</longitude>
      <source>
        <name>USA Today</name>
        <ts>2012-02-13T14:27:05Z</ts>
      </source>
    </school>
  </schools>
  <status>Active</status>
  <sources>
    <source>
      <name>Wall Street Journal</name>
      <ts>2012-11-04T02:11:57Z</ts>
    </source>
  </sources>
  <sources>
    <source>
      <name>Los Angeles Times</name>
      <ts>2019-10-08T13:32:39Z</ts>
    </source>
  </sources>
  <sources>
    <source>
      <name>Los Angeles Times</name>
      <ts>2020-10-29T08:27:55Z</ts>
    </source>
  </sources>
  <relations>
    <relation>
      <id>/person/10008.xml</id>
      <predicate>relatedTo</predicate>
      <imageSrc>/images/persons/person-06.jpg</imageSrc>
      <fullname>Clair Yurevich </fullname>
      <city>Saint Petersburg</city>
      <state>FL</state>
    </relation>
    <relation>
      <id>/person/10080.xml</id>
      <predicate>worksWith</predicate>
      <imageSrc>/images/persons/person-01.jpg</imageSrc>
      <fullname>Damara Arlott </fullname>
      <city>Trenton</city>
      <state>NJ</state>
    </relation>
    <relation>
      <id>/person/10081.xml</id>
      <predicate>relatedTo</predicate>
      <imageSrc>/images/persons/person-03.jpg</imageSrc>
      <fullname>George Foad </fullname>
      <city>Fargo</city>
      <state>ND</state>
    </relation>
    <relation>
      <id>/person/10091.xml</id>
      <predicate>relatedTo</predicate>
      <imageSrc>/images/persons/person-09.jpg</imageSrc>
      <fullname>Nealy Trevaskiss </fullname>
      <city>El Paso</city>
      <state>TX</state>
    </relation>
    <relation>
      <id>/person/10047.xml</id>
      <predicate>relatedTo</predicate>
      <imageSrc>/images/persons/person-09.jpg</imageSrc>
      <fullname>Bryana Obispo </fullname>
      <city>Chicago</city>
      <state>IL</state>
    </relation>
  </relations>
  <createdOn>
    <ts>2022-02-07T08:25:27Z</ts>
    <user>bhaxell22</user>
  </createdOn>
  <lastUpdated>
    <ts>2022-01-30T12:58:57Z</ts>
    <user>bhaxell22</user>
  </lastUpdated>
  <socials/>
  <memberships/>
  <links>
    <link>
      <label>Quick View</label>
      <url>http://sfgate.com</url>
      <icon>faEye</icon>
    </link>
    <link>
      <label>Nomination History</label>
      <url>https://abc.net.au</url>
      <icon>faMedal</icon>
    </link>
    <link>
      <label>Comments</label>
      <url>http://youku.com</url>
      <icon>faComments</icon>
    </link>
  </links>
  <activities>
    <activity>
      <predicate>transferredTo</predicate>
      <place>Voonte</place>
      <predplace>transferredTo Voonte</predplace>
      <ts>2013-11-10T05:14:02Z</ts>
      <source>
        <name>USA Today</name>
        <ts>2021-08-05T15:27:39Z</ts>
        <createdBy>Torey Denge</createdBy>
        <approvedBy>Bobby Gullen</approvedBy>
      </source>
    </activity>
    <activity>
      <predicate>endedAt</predicate>
      <place>Feedmix</place>
      <predplace>endedAt Feedmix</predplace>
      <ts>2012-02-01T09:23:09Z</ts>
      <source>
        <name>New York Times</name>
        <ts>2020-11-24T17:20:54Z</ts>
        <createdBy>Rivy Annear</createdBy>
        <approvedBy>Raul Billyard</approvedBy>
      </source>
    </activity>
  </activities>
  <events>
    <event>
      <predicate>servedIn</predicate>
      <place>China</place>
      <predplace>servedIn China</predplace>
      <end>2017-10-20T05:28:32Z</end>
      <start>2016-01-01T05:19:11Z</start>
    </event>
  </events>
  <actions>
    <action>
      <url>https://admin.ch</url>
      <icon>faCog</icon>
    </action>
    <action>
      <url>https://mapquest.com</url>
      <icon>faCode</icon>
    </action>
    <action>
      <url>http://vk.com</url>
      <icon>faSync</icon>
    </action>
  </actions>
</person>