<?xml version="1.0" encoding="UTF-8" standalone="yes"?>
<person>
  <personId>10079</personId>
  <nameGroup>
    <givenname>
      <value>Duke</value>
    </givenname>
    <surname>
      <value>Hanson</value>
    </surname>
    <fullname>
      <classification>S</classification>
      <restricted>true</restricted>
      <value>Duke Hanson </value>
      <source>
        <name>USA Today</name>
        <ts>2016-03-29T12:17:12Z</ts>
      </source>
    </fullname>
  </nameGroup>
  <emails>
    <email>
      <value>jwaddilove0@booking.com</value>
      <classification>S</classification>
      <restricted>false</restricted>
    </email>
  </emails>
  <phone>574-913-0124</phone>
  <contacts>
    <contact>
      <type>email</type>
      <value>msheldrake0@state.gov</value>
    </contact>
    <contact>
      <type>email</type>
      <value>ccato1@telegraph.co.uk</value>
    </contact>
    <contact>
      <type>email</type>
      <value>hdonohoe2@icq.com</value>
    </contact>
  </contacts>
  <ssn>
    <value>669-34-7441</value>
    <classification>(S)</classification>
  </ssn>
  <images>
    <image>
      <url>/images/persons/person-02.jpg</url>
      <source>
        <name>Wall Street Journal</name>
        <ts>2013-05-20T13:31:29Z</ts>
        <uploadedBy>achipping0</uploadedBy>
      </source>
    </image>
    <image>
      <url>/images/persons/person-02.jpg</url>
      <source>
        <name>Chicago Tribune</name>
        <ts>2012-08-11T15:51:58Z</ts>
        <uploadedBy>ogoadby0</uploadedBy>
      </source>
    </image>
    <image>
      <url>/images/persons/person-07.jpg</url>
      <source>
        <name>Los Angeles Times</name>
        <ts>2016-04-01T02:53:50Z</ts>
        <uploadedBy>klucia0</uploadedBy>
      </source>
    </image>
    <image>
      <url>/images/persons/person-04.jpg</url>
      <source>
        <name>Chicago Tribune</name>
        <ts>2018-12-04T02:26:58Z</ts>
        <uploadedBy>eupton0</uploadedBy>
      </source>
    </image>
  </images>
  <addresses>
    <address>
      <street>143 Gina Point</street>
      <city>Trenton</city>
      <state>NJ</state>
      <postal>08650</postal>
      <country>United States</country>
      <latitude>40.2805</latitude>
      <longitude>-74.712</longitude>
    </address>
    <address>
      <street>96910 Schlimgen Court</street>
      <city>Garland</city>
      <state>TX</state>
      <postal>75044</postal>
      <country>United States</country>
      <latitude>32.9522</latitude>
      <longitude>-96.6654</longitude>
    </address>
    <address>
      <street>682 Stephen Way</street>
      <city>Waltham</city>
      <state>MA</state>
      <postal>02453</postal>
      <country>United States</country>
      <latitude>42.3654</latitude>
      <longitude>-71.2316</longitude>
    </address>
  </addresses>
  <schools>
    <school>
      <country>United Kingdom</country>
      <name>School of Slavonic and East European Studies, University of London</name>
      <city>Newbiggin</city>
      <state>ENG</state>
      <postal>NE46</postal>
      <latitude>54.9418362</latitude>
      <longitude>-2.0871107</longitude>
      <source>
        <name>USA Today</name>
        <ts>2013-03-16T07:12:28Z</ts>
      </source>
    </school>
    <school>
      <country>United States</country>
      <name>The New School</name>
      <city>Los Angeles</city>
      <state>CA</state>
      <postal>90035</postal>
      <latitude>34.050751</latitude>
      <longitude>-118.3841777</longitude>
      <source>
        <name>USA Today</name>
        <ts>2015-10-13T17:01:09Z</ts>
      </source>
    </school>
  </schools>
  <status>Active</status>
  <sources>
    <source>
      <name>Washington Post</name>
      <ts>2021-12-27T04:17:19Z</ts>
    </source>
  </sources>
  <sources>
    <source>
      <name>Wall Street Journal</name>
      <ts>2021-04-12T13:59:05Z</ts>
    </source>
  </sources>
  <relations>
    <relation>
      <id>/person/10034.xml</id>
      <predicate>livesWith</predicate>
      <imageSrc>/images/persons/person-03.jpg</imageSrc>
      <fullname>Hector Madeley </fullname>
      <city>Indianapolis</city>
      <state>IN</state>
    </relation>
    <relation>
      <id>/person/10016.xml</id>
      <predicate>relatedTo</predicate>
      <imageSrc>/images/persons/person-05.jpg</imageSrc>
      <fullname>Christel O'Longain </fullname>
      <city>New York City</city>
      <state>NY</state>
    </relation>
  </relations>
  <createdOn>
    <ts>2022-02-09T04:06:30Z</ts>
    <user>dhanson26</user>
  </createdOn>
  <lastUpdated>
    <ts>2022-02-04T06:05:19Z</ts>
    <user>dhanson26</user>
  </lastUpdated>
  <socials>
    <social>
      <site>facebook</site>
      <handle>ehartop0</handle>
      <address>https://discuz.net/diam/cras/pellentesque/volutpat/dui/maecenas/tristique.xml</address>
    </social>
  </socials>
  <memberships/>
  <links>
    <link>
      <label>Quick View</label>
      <url>https://indiatimes.com</url>
      <icon>faEye</icon>
    </link>
    <link>
      <label>Nomination History</label>
      <url>https://newyorker.com</url>
      <icon>faMedal</icon>
    </link>
    <link>
      <label>Comments</label>
      <url>https://time.com</url>
      <icon>faComments</icon>
    </link>
  </links>
  <activities>
    <activity>
      <predicate>transferredTo</predicate>
      <place>Twitterlist</place>
      <predplace>transferredTo Twitterlist</predplace>
      <ts>2014-06-16T13:04:21Z</ts>
      <source>
        <name>USA Today</name>
        <ts>2021-10-04T20:45:13Z</ts>
        <createdBy>Florida Langlands</createdBy>
        <approvedBy>Berenice Vellender</approvedBy>
      </source>
    </activity>
    <activity>
      <predicate>movedTo</predicate>
      <place>Fatz</place>
      <predplace>movedTo Fatz</predplace>
      <ts>2014-01-09T04:44:15Z</ts>
      <source>
        <name>New York Times</name>
        <ts>2021-05-31T04:43:11Z</ts>
        <createdBy>Rance Dennant</createdBy>
        <approvedBy>Rainer Kleinschmidt</approvedBy>
      </source>
    </activity>
    <activity>
      <predicate>transferredTo</predicate>
      <place>Gabtype</place>
      <predplace>transferredTo Gabtype</predplace>
      <ts>2015-04-10T23:23:15Z</ts>
      <source>
        <name>Chicago Tribune</name>
        <ts>2020-10-27T15:41:53Z</ts>
        <createdBy>Ryon Dietz</createdBy>
        <approvedBy>Syd McCunn</approvedBy>
      </source>
    </activity>
    <activity>
      <predicate>transferredTo</predicate>
      <place>Jaxworks</place>
      <predplace>transferredTo Jaxworks</predplace>
      <ts>2019-12-31T14:34:04Z</ts>
      <source>
        <name>Los Angeles Times</name>
        <ts>2021-05-18T10:24:49Z</ts>
        <createdBy>Chrysa Francesconi</createdBy>
        <approvedBy>Liane MacLaughlin</approvedBy>
      </source>
    </activity>
    <activity>
      <predicate>movedTo</predicate>
      <place>Yodoo</place>
      <predplace>movedTo Yodoo</predplace>
      <ts>2013-07-26T00:32:36Z</ts>
      <source>
        <name>Wall Street Journal</name>
        <ts>2020-08-18T06:19:12Z</ts>
        <createdBy>Kristy Daville</createdBy>
        <approvedBy>Faydra Ruffle</approvedBy>
      </source>
    </activity>
  </activities>
  <events>
    <event>
      <predicate>servedIn</predicate>
      <place>Ghana</place>
      <predplace>servedIn Ghana</predplace>
      <end>2017-02-21T01:40:51Z</end>
      <start>2014-05-01T19:13:24Z</start>
    </event>
  </events>
  <actions>
    <action>
      <url>https://cyberchimps.com</url>
      <icon>faCog</icon>
    </action>
    <action>
      <url>http://freewebs.com</url>
      <icon>faCode</icon>
    </action>
    <action>
      <url>https://mashable.com</url>
      <icon>faSync</icon>
    </action>
  </actions>
</person>