<?xml version="1.0" encoding="UTF-8" standalone="yes"?>
<person>
  <personId>10070</personId>
  <nameGroup>
    <givenname>
      <value>Oralle</value>
    </givenname>
    <surname>
      <value>Rutter</value>
    </surname>
    <fullname>
      <classification>C</classification>
      <restricted>true</restricted>
      <value>Oralle Rutter </value>
      <source>
        <name>Washington Post</name>
        <ts>2021-01-07T23:03:25Z</ts>
      </source>
      <source>
        <name>Wall Street Journal</name>
        <ts>2015-06-25T14:22:53Z</ts>
      </source>
    </fullname>
  </nameGroup>
  <emails>
    <email>
      <value>rfoulks0@vistaprint.com</value>
      <classification>U</classification>
      <restricted>false</restricted>
    </email>
    <email>
      <value>nsisley1@webs.com</value>
      <classification>U</classification>
      <restricted>false</restricted>
    </email>
  </emails>
  <phone>901-852-4866</phone>
  <contacts>
    <contact>
      <type>email</type>
      <value>bgewer0@amazon.com</value>
    </contact>
    <contact>
      <type>email</type>
      <value>nrocco1@squarespace.com</value>
    </contact>
    <contact>
      <type>email</type>
      <value>nnugent2@bluehost.com</value>
    </contact>
  </contacts>
  <ssn>
    <value>354-52-8609</value>
    <classification>(S)</classification>
  </ssn>
  <images>
    <image>
      <url>/images/persons/person-06.jpg</url>
      <source>
        <name>Chicago Tribune</name>
        <ts>2018-12-31T05:31:22Z</ts>
        <uploadedBy>bnicholes0</uploadedBy>
      </source>
    </image>
    <image>
      <url>/images/persons/person-01.jpg</url>
      <source>
        <name>USA Today</name>
        <ts>2015-11-18T03:44:53Z</ts>
        <uploadedBy>jtomczykowski0</uploadedBy>
      </source>
    </image>
  </images>
  <addresses>
    <address>
      <street>3746 Summerview Terrace</street>
      <city>Saint Petersburg</city>
      <state>FL</state>
      <postal>33710</postal>
      <country>United States</country>
      <latitude>27.7898</latitude>
      <longitude>-82.7243</longitude>
    </address>
    <address>
      <street>64290 Bluejay Hill</street>
      <city>Seattle</city>
      <state>WA</state>
      <postal>98140</postal>
      <country>United States</country>
      <latitude>47.4323</latitude>
      <longitude>-121.8034</longitude>
    </address>
    <address>
      <street>34083 Bultman Alley</street>
      <city>Arlington</city>
      <state>VA</state>
      <postal>22205</postal>
      <country>United States</country>
      <latitude>38.8836</latitude>
      <longitude>-77.1395</longitude>
    </address>
  </addresses>
  <schools>
    <school>
      <country>Mexico</country>
      <name>Universidad de Ciencias y Artes de Chiapas</name>
      <city>Buenavista</city>
      <state>MEX</state>
      <postal>55635</postal>
      <latitude>19.602311</latitude>
      <longitude>-99.1732936</longitude>
      <source>
        <name>USA Today</name>
        <ts>2011-12-07T09:32:39Z</ts>
      </source>
      <source>
        <name>New York Times</name>
        <ts>2019-07-13T13:58:21Z</ts>
      </source>
    </school>
    <school>
      <country>United Kingdom</country>
      <name>Goldsmiths College, University of London</name>
      <city>Sutton</city>
      <state>ENG</state>
      <postal>CT15</postal>
      <latitude>51.195454</latitude>
      <longitude>1.3443099</longitude>
      <source>
        <name>USA Today</name>
        <ts>2014-07-13T20:34:45Z</ts>
      </source>
    </school>
  </schools>
  <status>Active</status>
  <sources>
    <source>
      <name>USA Today</name>
      <ts>2014-09-23T21:35:55Z</ts>
    </source>
  </sources>
  <sources>
    <source>
      <name>Chicago Tribune</name>
      <ts>2018-02-23T05:06:53Z</ts>
    </source>
  </sources>
  <sources>
    <source>
      <name>Washington Post</name>
      <ts>2010-08-15T15:30:35Z</ts>
    </source>
  </sources>
  <relations>
    <relation>
      <id>/person/10059.xml</id>
      <predicate>worksWith</predicate>
      <imageSrc>/images/persons/person-01.jpg</imageSrc>
      <fullname>Prentiss Reford </fullname>
      <city>Des Moines</city>
      <state>IA</state>
    </relation>
    <relation>
      <id>/person/10005.xml</id>
      <predicate>livesWith</predicate>
      <imageSrc>/images/persons/person-06.jpg</imageSrc>
      <fullname>Renell Zylbermann </fullname>
      <city>Riverside</city>
      <state>CA</state>
    </relation>
  </relations>
  <createdOn>
    <ts>2022-01-23T15:56:28Z</ts>
    <user>orutter1x</user>
  </createdOn>
  <lastUpdated>
    <ts>2022-02-10T20:35:45Z</ts>
    <user>orutter1x</user>
  </lastUpdated>
  <socials>
    <social>
      <site>facebook</site>
      <handle>kcholdcroft0</handle>
      <address>https://house.gov/erat/id.html</address>
    </social>
  </socials>
  <memberships>
    <membership>
      <list>list2</list>
      <important>false</important>
      <ts>2022-02-26</ts>
    </membership>
    <membership>
      <list>list10</list>
      <important>true</important>
      <ts>2022-02-22</ts>
    </membership>
    <membership>
      <list>list6</list>
      <important>true</important>
      <ts>2022-02-05</ts>
    </membership>
  </memberships>
  <links>
    <link>
      <label>Quick View</label>
      <url>http://wiley.com</url>
      <icon>faEye</icon>
    </link>
    <link>
      <label>Nomination History</label>
      <url>http://fotki.com</url>
      <icon>faMedal</icon>
    </link>
    <link>
      <label>Comments</label>
      <url>https://examiner.com</url>
      <icon>faComments</icon>
    </link>
  </links>
  <activities>
    <activity>
      <predicate>movedTo</predicate>
      <place>Buzzbean</place>
      <predplace>movedTo Buzzbean</predplace>
      <ts>2018-05-12T17:06:35Z</ts>
      <source>
        <name>USA Today</name>
        <ts>2021-03-21T05:04:51Z</ts>
        <createdBy>Vern Symcock</createdBy>
        <approvedBy>Edita Shewring</approvedBy>
      </source>
    </activity>
    <activity>
      <predicate>startedAt</predicate>
      <place>Aibox</place>
      <predplace>startedAt Aibox</predplace>
      <ts>2019-03-06T18:48:38Z</ts>
      <source>
        <name>New York Times</name>
        <ts>2020-04-05T13:36:49Z</ts>
        <createdBy>Stu Romushkin</createdBy>
        <approvedBy>Starlin Antoney</approvedBy>
      </source>
    </activity>
  </activities>
  <events>
    <event>
      <predicate>servedIn</predicate>
      <place>United States</place>
      <predplace>servedIn United States</predplace>
      <end>2018-11-27T11:31:52Z</end>
      <start>2016-03-18T10:52:59Z</start>
    </event>
  </events>
  <actions>
    <action>
      <url>http://mlb.com</url>
      <icon>faCog</icon>
    </action>
    <action>
      <url>https://fastcompany.com</url>
      <icon>faCode</icon>
    </action>
    <action>
      <url>https://about.com</url>
      <icon>faSync</icon>
    </action>
  </actions>
</person>