<?xml version="1.0" encoding="UTF-8" standalone="yes"?>
<person>
  <personId>10076</personId>
  <nameGroup>
    <givenname>
      <value>Merilee</value>
    </givenname>
    <surname>
      <value>Lamberton</value>
    </surname>
    <fullname>
      <classification>U</classification>
      <restricted>true</restricted>
      <value>Merilee Lamberton </value>
      <source>
        <name>Los Angeles Times</name>
        <ts>2012-07-31T19:27:10Z</ts>
      </source>
      <source>
        <name>USA Today</name>
        <ts>2015-02-25T02:26:19Z</ts>
      </source>
    </fullname>
  </nameGroup>
  <emails>
    <email>
      <value>klefort0@disqus.com</value>
      <classification>S</classification>
      <restricted>false</restricted>
    </email>
    <email>
      <value>nrosetti1@washington.edu</value>
      <classification>U</classification>
      <restricted>false</restricted>
    </email>
  </emails>
  <phone>699-506-9633</phone>
  <contacts>
    <contact>
      <type>email</type>
      <value>dtichelaar0@cornell.edu</value>
    </contact>
    <contact>
      <type>phone</type>
      <value>970-269-2516</value>
    </contact>
    <contact>
      <type>email</type>
      <value>bcoleiro2@woothemes.com</value>
    </contact>
  </contacts>
  <ssn>
    <value>633-91-3552</value>
    <classification>(S)</classification>
  </ssn>
  <images>
    <image>
      <url>/images/persons/person-04.jpg</url>
      <source>
        <name>Wall Street Journal</name>
        <ts>2012-03-11T14:41:01Z</ts>
        <uploadedBy>rmckyrrelly0</uploadedBy>
      </source>
    </image>
    <image>
      <url>/images/persons/person-01.jpg</url>
      <source>
        <name>Chicago Tribune</name>
        <ts>2021-09-11T03:45:22Z</ts>
        <uploadedBy>smouse0</uploadedBy>
      </source>
    </image>
  </images>
  <addresses>
    <address>
      <street>968 Hanover Hill</street>
      <city>Saint Louis</city>
      <state>MO</state>
      <postal>63126</postal>
      <country>United States</country>
      <latitude>38.5495</latitude>
      <longitude>-90.3811</longitude>
    </address>
    <address>
      <street>91 Green Ridge Center</street>
      <city>Charleston</city>
      <state>WV</state>
      <postal>25331</postal>
      <country>United States</country>
      <latitude>38.2968</latitude>
      <longitude>-81.5547</longitude>
    </address>
  </addresses>
  <schools>
    <school>
      <country>United States</country>
      <name>University of Mary Hardin-Baylor</name>
      <city>Melbourne</city>
      <state>FL</state>
      <postal>32941</postal>
      <latitude>28.2123183</latitude>
      <longitude>-80.6720617</longitude>
      <source>
        <name>USA Today</name>
        <ts>2015-02-15T06:08:15Z</ts>
      </source>
    </school>
    <school>
      <country>United States</country>
      <name>Iglobal University</name>
      <city>Lansing</city>
      <state>MI</state>
      <postal>48912</postal>
      <latitude>42.7376689</latitude>
      <longitude>-84.5169757</longitude>
      <source>
        <name>USA Today</name>
        <ts>2011-11-05T17:54:29Z</ts>
      </source>
      <source>
        <name>New York Times</name>
        <ts>2015-05-01T00:19:58Z</ts>
      </source>
    </school>
  </schools>
  <status>Active</status>
  <sources>
    <source>
      <name>Los Angeles Times</name>
      <ts>2011-06-07T13:25:52Z</ts>
    </source>
  </sources>
  <sources>
    <source>
      <name>Washington Post</name>
      <ts>2018-10-29T02:45:34Z</ts>
    </source>
  </sources>
  <relations>
    <relation>
      <id>/person/10039.xml</id>
      <predicate>relatedTo</predicate>
      <imageSrc>/images/persons/person-08.jpg</imageSrc>
      <fullname>April Archley </fullname>
      <city>Durham</city>
      <state>NC</state>
    </relation>
    <relation>
      <id>/person/10054.xml</id>
      <predicate>worksWith</predicate>
      <imageSrc>/images/persons/person-03.jpg</imageSrc>
      <fullname>Amargo Hicklingbottom </fullname>
      <city>Kansas City</city>
      <state>MO</state>
    </relation>
  </relations>
  <createdOn>
    <ts>2022-01-06T12:49:36Z</ts>
    <user>mlamberton23</user>
  </createdOn>
  <lastUpdated>
    <ts>2022-01-06T16:58:55Z</ts>
    <user>mlamberton23</user>
  </lastUpdated>
  <socials/>
  <memberships>
    <membership>
      <list>list12</list>
      <important>true</important>
      <ts>2022-02-12</ts>
    </membership>
    <membership>
      <list>list10</list>
      <important>false</important>
      <ts>2022-02-11</ts>
    </membership>
    <membership>
      <list>list11</list>
      <important>true</important>
      <ts>2022-01-14</ts>
    </membership>
  </memberships>
  <links>
    <link>
      <label>Quick View</label>
      <url>https://nba.com</url>
      <icon>faEye</icon>
    </link>
    <link>
      <label>Nomination History</label>
      <url>http://upenn.edu</url>
      <icon>faMedal</icon>
    </link>
    <link>
      <label>Comments</label>
      <url>http://independent.co.uk</url>
      <icon>faComments</icon>
    </link>
  </links>
  <activities>
    <activity>
      <predicate>transferredTo</predicate>
      <place>Lajo</place>
      <predplace>transferredTo Lajo</predplace>
      <ts>2018-09-30T11:07:45Z</ts>
      <source>
        <name>USA Today</name>
        <ts>2020-06-13T14:59:31Z</ts>
        <createdBy>Orion Barukh</createdBy>
        <approvedBy>Roderick Haggata</approvedBy>
      </source>
    </activity>
    <activity>
      <predicate>endedAt</predicate>
      <place>Skyvu</place>
      <predplace>endedAt Skyvu</predplace>
      <ts>2015-02-22T16:08:30Z</ts>
      <source>
        <name>New York Times</name>
        <ts>2021-02-20T06:11:41Z</ts>
        <createdBy>Arlinda Caslake</createdBy>
        <approvedBy>Skelly Micka</approvedBy>
      </source>
    </activity>
    <activity>
      <predicate>movedTo</predicate>
      <place>Skyba</place>
      <predplace>movedTo Skyba</predplace>
      <ts>2015-10-06T05:24:47Z</ts>
      <source>
        <name>Chicago Tribune</name>
        <ts>2020-05-26T11:57:46Z</ts>
        <createdBy>Washington Cookley</createdBy>
        <approvedBy>James Cundey</approvedBy>
      </source>
    </activity>
    <activity>
      <predicate>startedAt</predicate>
      <place>Realcube</place>
      <predplace>startedAt Realcube</predplace>
      <ts>2016-10-06T03:32:25Z</ts>
      <source>
        <name>Los Angeles Times</name>
        <ts>2022-01-22T03:54:54Z</ts>
        <createdBy>Roscoe Drohun</createdBy>
        <approvedBy>Evered Lark</approvedBy>
      </source>
    </activity>
    <activity>
      <predicate>endedAt</predicate>
      <place>Ailane</place>
      <predplace>endedAt Ailane</predplace>
      <ts>2015-06-20T18:00:58Z</ts>
      <source>
        <name>Wall Street Journal</name>
        <ts>2021-10-09T23:24:01Z</ts>
        <createdBy>Mandi Gibbe</createdBy>
        <approvedBy>Casie Turpin</approvedBy>
      </source>
    </activity>
  </activities>
  <events>
    <event>
      <predicate>servedIn</predicate>
      <place>Chad</place>
      <predplace>servedIn Chad</predplace>
      <end>2017-03-20T00:39:15Z</end>
      <start>2015-05-17T01:57:56Z</start>
    </event>
  </events>
  <actions>
    <action>
      <url>http://marriott.com</url>
      <icon>faCog</icon>
    </action>
    <action>
      <url>https://businesswire.com</url>
      <icon>faCode</icon>
    </action>
    <action>
      <url>http://shinystat.com</url>
      <icon>faSync</icon>
    </action>
  </actions>
</person>