<?xml version="1.0" encoding="UTF-8" standalone="yes"?>
<person>
  <personId>10072</personId>
  <nameGroup>
    <givenname>
      <value>Garrek</value>
    </givenname>
    <surname>
      <value>Franzewitch</value>
    </surname>
    <fullname>
      <classification>U</classification>
      <restricted>true</restricted>
      <value>Garrek Franzewitch </value>
      <source>
        <name>Wall Street Journal</name>
        <ts>2015-09-05T16:50:23Z</ts>
      </source>
    </fullname>
  </nameGroup>
  <emails>
    <email>
      <value>tthoresby0@businessinsider.com</value>
      <classification>U</classification>
      <restricted>false</restricted>
    </email>
  </emails>
  <phone>601-902-0331</phone>
  <contacts>
    <contact>
      <type>phone</type>
      <value>529-938-0195</value>
    </contact>
    <contact>
      <type>email</type>
      <value>kanthes1@topsy.com</value>
    </contact>
    <contact>
      <type>phone</type>
      <value>526-785-3408</value>
    </contact>
  </contacts>
  <ssn>
    <value>412-23-5786</value>
    <classification>(S)</classification>
  </ssn>
  <images>
    <image>
      <url>/images/persons/person-02.jpg</url>
      <source>
        <name>Chicago Tribune</name>
        <ts>2015-10-02T21:25:27Z</ts>
        <uploadedBy>calessandrini0</uploadedBy>
      </source>
    </image>
    <image>
      <url>/images/persons/person-05.jpg</url>
      <source>
        <name>Los Angeles Times</name>
        <ts>2020-07-11T17:40:11Z</ts>
        <uploadedBy>fsollett0</uploadedBy>
      </source>
    </image>
    <image>
      <url>/images/persons/person-08.jpg</url>
      <source>
        <name>USA Today</name>
        <ts>2015-01-07T07:15:51Z</ts>
        <uploadedBy>fschuster0</uploadedBy>
      </source>
    </image>
    <image>
      <url>/images/persons/person-09.jpg</url>
      <source>
        <name>Los Angeles Times</name>
        <ts>2015-06-21T11:57:40Z</ts>
        <uploadedBy/>
      </source>
    </image>
  </images>
  <addresses>
    <address>
      <street>392 Vera Center</street>
      <city>Salt Lake City</city>
      <state>UT</state>
      <postal>84145</postal>
      <country>United States</country>
      <latitude>40.6681</latitude>
      <longitude>-111.9083</longitude>
    </address>
    <address>
      <street>0 Bowman Lane</street>
      <city>Ashburn</city>
      <state>VA</state>
      <postal>22093</postal>
      <country>United States</country>
      <latitude>39.0853</latitude>
      <longitude>-77.6452</longitude>
    </address>
    <address>
      <street>37 Gale Circle</street>
      <city>San Diego</city>
      <state>CA</state>
      <postal>92110</postal>
      <country>United States</country>
      <latitude>32.7635</latitude>
      <longitude>-117.2028</longitude>
    </address>
  </addresses>
  <schools>
    <school>
      <country>Mexico</country>
      <name>Universidad Franco-Mexicana</name>
      <city>Lazaro Cardenas</city>
      <state>TAB</state>
      <postal>86723</postal>
      <latitude>17.9567646</latitude>
      <longitude>-102.1943485</longitude>
      <source>
        <name>USA Today</name>
        <ts>2021-05-19T17:51:54Z</ts>
      </source>
      <source>
        <name>New York Times</name>
        <ts>2014-07-15T16:01:46Z</ts>
      </source>
      <source>
        <name>Chicago Tribune</name>
        <ts>2014-05-17T09:01:02Z</ts>
      </source>
    </school>
    <school>
      <country>United States</country>
      <name>City University of New York, Bernard M. Baruch College</name>
      <city>Salt Lake City</city>
      <state>UT</state>
      <postal>84170</postal>
      <latitude>40.7</latitude>
      <longitude>-111.99</longitude>
      <source>
        <name>USA Today</name>
        <ts>2017-04-13T10:38:17Z</ts>
      </source>
      <source>
        <name>New York Times</name>
        <ts>2018-11-20T15:58:45Z</ts>
      </source>
    </school>
  </schools>
  <status>Inactive</status>
  <sources>
    <source>
      <name>New York Times</name>
      <ts>2020-09-26T14:16:09Z</ts>
    </source>
  </sources>
  <sources>
    <source>
      <name>Los Angeles Times</name>
      <ts>2013-11-28T01:52:29Z</ts>
    </source>
  </sources>
  <relations>
    <relation>
      <id>/person/10032.xml</id>
      <predicate>relatedTo</predicate>
      <imageSrc>/images/persons/person-01.jpg</imageSrc>
      <fullname>Faustina Elcock </fullname>
      <city>Washington</city>
      <state>DC</state>
    </relation>
    <relation>
      <id>/person/10020.xml</id>
      <predicate>relatedTo</predicate>
      <imageSrc>/images/persons/person-07.jpg</imageSrc>
      <fullname>Susette Cridland </fullname>
      <city>San Antonio</city>
      <state>TX</state>
    </relation>
    <relation>
      <id>/person/10053.xml</id>
      <predicate>livesWith</predicate>
      <imageSrc>/images/persons/person-09.jpg</imageSrc>
      <fullname>Claire Michelet </fullname>
      <city>Alhambra</city>
      <state>CA</state>
    </relation>
    <relation>
      <id>/person/10089.xml</id>
      <predicate>relatedTo</predicate>
      <imageSrc>/images/persons/person-05.jpg</imageSrc>
      <fullname>Lurlene Lealle </fullname>
      <city>Detroit</city>
      <state>MI</state>
    </relation>
  </relations>
  <createdOn>
    <ts>2022-01-05T21:11:50Z</ts>
    <user>gfranzewitch1z</user>
  </createdOn>
  <lastUpdated>
    <ts>2022-02-11T03:02:53Z</ts>
    <user>gfranzewitch1z</user>
  </lastUpdated>
  <socials>
    <social>
      <site>facebook</site>
      <handle>lloveland0</handle>
      <address>https://studiopress.com/et/eros/vestibulum/ac/est.json</address>
    </social>
  </socials>
  <memberships>
    <membership>
      <list>list11</list>
      <important>true</important>
      <ts>2022-02-01</ts>
    </membership>
    <membership>
      <list>list9</list>
      <important>true</important>
      <ts>2022-01-23</ts>
    </membership>
    <membership>
      <list>list9</list>
      <important>true</important>
      <ts>2022-02-14</ts>
    </membership>
    <membership>
      <list>list7</list>
      <important>false</important>
      <ts>2022-02-06</ts>
    </membership>
    <membership>
      <list>list3</list>
      <important>false</important>
      <ts>2022-01-12</ts>
    </membership>
    <membership>
      <list>list4</list>
      <important>false</important>
      <ts>2022-01-31</ts>
    </membership>
  </memberships>
  <links>
    <link>
      <label>Quick View</label>
      <url>http://github.io</url>
      <icon>faEye</icon>
    </link>
    <link>
      <label>Nomination History</label>
      <url>http://technorati.com</url>
      <icon>faMedal</icon>
    </link>
    <link>
      <label>Comments</label>
      <url>https://kickstarter.com</url>
      <icon>faComments</icon>
    </link>
  </links>
  <activities>
    <activity>
      <predicate>startedAt</predicate>
      <place>Photofeed</place>
      <predplace>startedAt Photofeed</predplace>
      <ts>2018-07-16T15:37:09Z</ts>
      <source>
        <name>USA Today</name>
        <ts>2020-02-11T13:59:29Z</ts>
        <createdBy>Dedra Paskin</createdBy>
        <approvedBy>Aleen Le Ball</approvedBy>
      </source>
    </activity>
    <activity>
      <predicate>endedAt</predicate>
      <place>Plajo</place>
      <predplace>endedAt Plajo</predplace>
      <ts>2019-10-30T23:57:55Z</ts>
      <source>
        <name>New York Times</name>
        <ts>2021-10-04T01:59:35Z</ts>
        <createdBy>Margaux Saintpierre</createdBy>
        <approvedBy>Alyosha Iannelli</approvedBy>
      </source>
    </activity>
    <activity>
      <predicate>endedAt</predicate>
      <place>Miboo</place>
      <predplace>endedAt Miboo</predplace>
      <ts>2016-03-08T11:27:38Z</ts>
      <source>
        <name>Chicago Tribune</name>
        <ts>2021-04-13T12:15:33Z</ts>
        <createdBy>Patrizia Wescott</createdBy>
        <approvedBy>Nels Kilalea</approvedBy>
      </source>
    </activity>
  </activities>
  <events>
    <event>
      <predicate>servedIn</predicate>
      <place>Indonesia</place>
      <predplace>servedIn Indonesia</predplace>
      <end>2017-04-07T19:10:02Z</end>
      <start>2015-06-10T21:25:19Z</start>
    </event>
  </events>
  <actions>
    <action>
      <url>https://skype.com</url>
      <icon>faCog</icon>
    </action>
    <action>
      <url>https://linkedin.com</url>
      <icon>faCode</icon>
    </action>
    <action>
      <url>https://cornell.edu</url>
      <icon>faSync</icon>
    </action>
  </actions>
</person>