<?xml version="1.0" encoding="UTF-8" standalone="yes"?>
<person>
  <personId>10074</personId>
  <nameGroup>
    <givenname>
      <value>Paton</value>
    </givenname>
    <surname>
      <value>Bemrose</value>
    </surname>
    <fullname>
      <classification>C</classification>
      <restricted>true</restricted>
      <value>Paton Bemrose </value>
      <source>
        <name>Los Angeles Times</name>
        <ts>2019-10-24T10:16:04Z</ts>
      </source>
      <source>
        <name>Chicago Tribune</name>
        <ts>2010-08-14T09:42:30Z</ts>
      </source>
    </fullname>
  </nameGroup>
  <emails>
    <email>
      <value>dluck0@de.vu</value>
      <classification>S</classification>
      <restricted>false</restricted>
    </email>
    <email>
      <value>warnet1@fastcompany.com</value>
      <classification>U</classification>
      <restricted>false</restricted>
    </email>
  </emails>
  <phone>340-990-7856</phone>
  <contacts>
    <contact>
      <type>phone</type>
      <value>912-942-8891</value>
    </contact>
    <contact>
      <type>phone</type>
      <value>378-524-2847</value>
    </contact>
    <contact>
      <type>email</type>
      <value>ltathacott2@storify.com</value>
    </contact>
  </contacts>
  <ssn>
    <value>120-82-4516</value>
    <classification>(S)</classification>
  </ssn>
  <images>
    <image>
      <url>/images/persons/person-05.jpg</url>
      <source>
        <name>USA Today</name>
        <ts>2016-06-29T09:37:06Z</ts>
        <uploadedBy>modempsey0</uploadedBy>
      </source>
    </image>
    <image>
      <url>/images/persons/person-03.jpg</url>
      <source>
        <name>Washington Post</name>
        <ts>2018-04-21T14:09:12Z</ts>
        <uploadedBy>qkingzet0</uploadedBy>
      </source>
    </image>
    <image>
      <url>/images/persons/person-08.jpg</url>
      <source>
        <name>Chicago Tribune</name>
        <ts>2018-04-04T23:58:10Z</ts>
        <uploadedBy>lratnage0</uploadedBy>
      </source>
    </image>
    <image>
      <url>/images/persons/person-10.jpg</url>
      <source>
        <name>Wall Street Journal</name>
        <ts>2010-05-31T12:37:07Z</ts>
        <uploadedBy>bvanes0</uploadedBy>
      </source>
    </image>
  </images>
  <addresses>
    <address>
      <street>290 Sunfield Crossing</street>
      <city>Lincoln</city>
      <state>NE</state>
      <postal>68583</postal>
      <country>United States</country>
      <latitude>40.7845</latitude>
      <longitude>-96.6888</longitude>
    </address>
    <address>
      <street>90146 Mayer Pass</street>
      <city>Sacramento</city>
      <state>CA</state>
      <postal>94286</postal>
      <country>United States</country>
      <latitude>38.3774</latitude>
      <longitude>-121.4444</longitude>
    </address>
    <address>
      <street>44 Clemons Park</street>
      <city>Midland</city>
      <state>TX</state>
      <postal>79705</postal>
      <country>United States</country>
      <latitude>32.0295</latitude>
      <longitude>-102.0915</longitude>
    </address>
  </addresses>
  <schools>
    <school>
      <country>Canada</country>
      <name>Simon Fraser University</name>
      <city>Baie-Comeau</city>
      <state>QC</state>
      <postal>K1M</postal>
      <latitude>49.2211865</latitude>
      <longitude>-68.1518275</longitude>
      <source>
        <name>USA Today</name>
        <ts>2017-05-24T05:54:16Z</ts>
      </source>
    </school>
    <school>
      <country>Canada</country>
      <name>Université du Québec à Rimouski</name>
      <city>Winnipeg</city>
      <state>MB</state>
      <postal>R3L</postal>
      <latitude>49.8634627</latitude>
      <longitude>-97.1373403</longitude>
      <source>
        <name>USA Today</name>
        <ts>2011-04-16T19:42:52Z</ts>
      </source>
      <source>
        <name>New York Times</name>
        <ts>2011-04-05T17:19:53Z</ts>
      </source>
    </school>
  </schools>
  <status>Inactive</status>
  <sources>
    <source>
      <name>USA Today</name>
      <ts>2016-06-29T11:07:34Z</ts>
    </source>
  </sources>
  <sources>
    <source>
      <name>USA Today</name>
      <ts>2011-03-25T18:23:54Z</ts>
    </source>
  </sources>
  <sources>
    <source>
      <name>Chicago Tribune</name>
      <ts>2014-10-09T12:13:58Z</ts>
    </source>
  </sources>
  <relations>
    <relation>
      <id>/person/10035.xml</id>
      <predicate>livesWith</predicate>
      <imageSrc>/images/persons/person-06.jpg</imageSrc>
      <fullname>Larisa Keneford </fullname>
      <city>Boston</city>
      <state>MA</state>
    </relation>
    <relation>
      <id>/person/10036.xml</id>
      <predicate>livesWith</predicate>
      <imageSrc>/images/persons/person-09.jpg</imageSrc>
      <fullname>Tomaso Harty </fullname>
      <city>Wilmington</city>
      <state>DE</state>
    </relation>
    <relation>
      <id>/person/10014.xml</id>
      <predicate>relatedTo</predicate>
      <imageSrc>/images/persons/person-05.jpg</imageSrc>
      <fullname>Emmy St. John </fullname>
      <city>Southfield</city>
      <state>MI</state>
    </relation>
    <relation>
      <id>/person/10091.xml</id>
      <predicate>relatedTo</predicate>
      <imageSrc>/images/persons/person-09.jpg</imageSrc>
      <fullname>Nealy Trevaskiss </fullname>
      <city>El Paso</city>
      <state>TX</state>
    </relation>
    <relation>
      <id>/person/10075.xml</id>
      <predicate>livesWith</predicate>
      <imageSrc>/images/persons/person-05.jpg</imageSrc>
      <fullname>Brigitta Haxell </fullname>
      <city>Huntington</city>
      <state>WV</state>
    </relation>
  </relations>
  <createdOn>
    <ts>2022-01-28T17:18:03Z</ts>
    <user>pbemrose21</user>
  </createdOn>
  <lastUpdated>
    <ts>2022-01-15T02:22:56Z</ts>
    <user>pbemrose21</user>
  </lastUpdated>
  <socials>
    <social>
      <site>twitter</site>
      <handle>cswindells0</handle>
      <address>http://desdev.cn/at/vulputate/vitae.html</address>
    </social>
  </socials>
  <memberships>
    <membership>
      <list>list11</list>
      <important>false</important>
      <ts>2022-01-19</ts>
    </membership>
    <membership>
      <list>list6</list>
      <important>false</important>
      <ts>2022-02-05</ts>
    </membership>
    <membership>
      <list>list12</list>
      <important>false</important>
      <ts>2022-01-27</ts>
    </membership>
    <membership>
      <list>list11</list>
      <important>false</important>
      <ts>2022-02-04</ts>
    </membership>
    <membership>
      <list>list8</list>
      <important>true</important>
      <ts>2022-02-25</ts>
    </membership>
  </memberships>
  <links>
    <link>
      <label>Quick View</label>
      <url>http://skyrock.com</url>
      <icon>faEye</icon>
    </link>
    <link>
      <label>Nomination History</label>
      <url>http://patch.com</url>
      <icon>faMedal</icon>
    </link>
    <link>
      <label>Comments</label>
      <url>http://earthlink.net</url>
      <icon>faComments</icon>
    </link>
  </links>
  <activities>
    <activity>
      <predicate>startedAt</predicate>
      <place>Linkbuzz</place>
      <predplace>startedAt Linkbuzz</predplace>
      <ts>2017-03-07T00:08:26Z</ts>
      <source>
        <name>USA Today</name>
        <ts>2021-07-09T03:08:22Z</ts>
        <createdBy>Berry Casbon</createdBy>
        <approvedBy>Mill Aspinal</approvedBy>
      </source>
    </activity>
    <activity>
      <predicate>endedAt</predicate>
      <place>Edgewire</place>
      <predplace>endedAt Edgewire</predplace>
      <ts>2014-07-31T11:21:40Z</ts>
      <source>
        <name>New York Times</name>
        <ts>2020-11-14T01:29:11Z</ts>
        <createdBy>Dorine Pinsent</createdBy>
        <approvedBy>Cinda Currall</approvedBy>
      </source>
    </activity>
    <activity>
      <predicate>movedTo</predicate>
      <place>Livetube</place>
      <predplace>movedTo Livetube</predplace>
      <ts>2017-12-30T02:18:37Z</ts>
      <source>
        <name>Chicago Tribune</name>
        <ts>2022-02-20T13:56:16Z</ts>
        <createdBy>Davidde Emlen</createdBy>
        <approvedBy>Dukie Figge</approvedBy>
      </source>
    </activity>
  </activities>
  <events>
    <event>
      <predicate>visited</predicate>
      <place>Poland</place>
      <predplace>visited Poland</predplace>
      <end>2018-04-24T16:13:05Z</end>
      <start>2016-06-07T13:03:03Z</start>
    </event>
  </events>
  <actions>
    <action>
      <url>https://tinypic.com</url>
      <icon>faCog</icon>
    </action>
    <action>
      <url>https://odnoklassniki.ru</url>
      <icon>faCode</icon>
    </action>
    <action>
      <url>https://wired.com</url>
      <icon>faSync</icon>
    </action>
  </actions>
</person>