<?xml version="1.0" encoding="UTF-8" standalone="yes"?>
<person>
  <personId>10078</personId>
  <nameGroup>
    <givenname>
      <value>Addy</value>
    </givenname>
    <surname>
      <value>Le Lievre</value>
    </surname>
    <fullname>
      <classification>U</classification>
      <restricted>false</restricted>
      <value>Addy Le Lievre </value>
      <source>
        <name>Los Angeles Times</name>
        <ts>2011-08-26T03:27:29Z</ts>
      </source>
      <source>
        <name>Wall Street Journal</name>
        <ts>2021-05-07T01:13:53Z</ts>
      </source>
    </fullname>
  </nameGroup>
  <emails>
    <email>
      <value>mbagnal0@t-online.de</value>
      <classification>U</classification>
      <restricted>false</restricted>
    </email>
    <email>
      <value>criccioppo1@gravatar.com</value>
      <classification>U</classification>
      <restricted>false</restricted>
    </email>
    <email>
      <value>tgreenset2@slideshare.net</value>
      <classification>S</classification>
      <restricted>false</restricted>
    </email>
  </emails>
  <phone>490-164-3132</phone>
  <contacts>
    <contact>
      <type>email</type>
      <value>cguirard0@ovh.net</value>
    </contact>
    <contact>
      <type>phone</type>
      <value>507-209-2405</value>
    </contact>
    <contact>
      <type>email</type>
      <value>vcometto2@goodreads.com</value>
    </contact>
  </contacts>
  <ssn>
    <value>693-08-8146</value>
    <classification>(S)</classification>
  </ssn>
  <images>
    <image>
      <url>/images/persons/person-03.jpg</url>
      <source>
        <name>Wall Street Journal</name>
        <ts>2013-03-25T10:45:43Z</ts>
        <uploadedBy>ppelfer0</uploadedBy>
      </source>
    </image>
  </images>
  <addresses>
    <address>
      <street>0 Manley Crossing</street>
      <city>Atlanta</city>
      <state>GA</state>
      <postal>31106</postal>
      <country>United States</country>
      <latitude>33.8444</latitude>
      <longitude>-84.474</longitude>
    </address>
  </addresses>
  <schools>
    <school>
      <country>Mexico</country>
      <name>Universidad Autónoma de Sinaloa</name>
      <city>El Refugio</city>
      <state>JAL</state>
      <postal>45310</postal>
      <latitude>20.6729456</latitude>
      <longitude>-103.7379675</longitude>
      <source>
        <name>USA Today</name>
        <ts>2020-04-08T03:28:53Z</ts>
      </source>
      <source>
        <name>New York Times</name>
        <ts>2015-10-29T04:56:55Z</ts>
      </source>
      <source>
        <name>Chicago Tribune</name>
        <ts>2019-05-21T14:38:50Z</ts>
      </source>
    </school>
  </schools>
  <status>Inactive</status>
  <sources>
    <source>
      <name>Chicago Tribune</name>
      <ts>2013-03-19T03:22:15Z</ts>
    </source>
  </sources>
  <sources>
    <source>
      <name>Washington Post</name>
      <ts>2010-09-28T08:15:49Z</ts>
    </source>
  </sources>
  <relations>
    <relation>
      <id>/person/10082.xml</id>
      <predicate>livesWith</predicate>
      <imageSrc>/images/persons/person-01.jpg</imageSrc>
      <fullname>Wenona Gyver </fullname>
      <city>Naples</city>
      <state>FL</state>
    </relation>
    <relation>
      <id>/person/10041.xml</id>
      <predicate>livesWith</predicate>
      <imageSrc>/images/persons/person-04.jpg</imageSrc>
      <fullname>Rene Drew-Clifton </fullname>
      <city>San Antonio</city>
      <state>TX</state>
    </relation>
    <relation>
      <id>/person/10069.xml</id>
      <predicate>worksWith</predicate>
      <imageSrc>/images/persons/person-07.jpg</imageSrc>
      <fullname>Davon Jentle </fullname>
      <city>Champaign</city>
      <state>IL</state>
    </relation>
    <relation>
      <id>/person/10002.xml</id>
      <predicate>worksWith</predicate>
      <imageSrc>/images/persons/person-08.jpg</imageSrc>
      <fullname>Ashlin Phizakarley </fullname>
      <city>Spartanburg</city>
      <state>SC</state>
    </relation>
  </relations>
  <createdOn>
    <ts>2022-01-27T00:17:06Z</ts>
    <user>alelievre25</user>
  </createdOn>
  <lastUpdated>
    <ts>2022-02-06T16:46:39Z</ts>
    <user>alelievre25</user>
  </lastUpdated>
  <socials>
    <social>
      <site>twitter</site>
      <handle>jroache0</handle>
      <address>https://about.com/massa/donec/dapibus/duis/at/velit/eu.jpg</address>
    </social>
    <social>
      <site>twitter</site>
      <handle>usmurthwaite1</handle>
      <address>http://hugedomains.com/eget/elit/sodales/scelerisque/mauris.xml</address>
    </social>
    <social>
      <site>facebook</site>
      <handle>battwill2</handle>
      <address>https://cnn.com/in/tempor/turpis/nec/euismod.html</address>
    </social>
  </socials>
  <memberships/>
  <links>
    <link>
      <label>Quick View</label>
      <url>http://hc360.com</url>
      <icon>faEye</icon>
    </link>
    <link>
      <label>Nomination History</label>
      <url>https://buzzfeed.com</url>
      <icon>faMedal</icon>
    </link>
    <link>
      <label>Comments</label>
      <url>http://wunderground.com</url>
      <icon>faComments</icon>
    </link>
  </links>
  <activities>
    <activity>
      <predicate>endedAt</predicate>
      <place>Trudeo</place>
      <predplace>endedAt Trudeo</predplace>
      <ts>2016-02-25T13:08:00Z</ts>
      <source>
        <name>USA Today</name>
        <ts>2020-02-24T04:43:51Z</ts>
        <createdBy>Kimmy Baggot</createdBy>
        <approvedBy>Eleanor Forcade</approvedBy>
      </source>
    </activity>
    <activity>
      <predicate>movedTo</predicate>
      <place>Realfire</place>
      <predplace>movedTo Realfire</predplace>
      <ts>2016-12-14T15:09:51Z</ts>
      <source>
        <name>New York Times</name>
        <ts>2020-03-19T22:52:27Z</ts>
        <createdBy>Rasia Lofts</createdBy>
        <approvedBy>Fitzgerald Farloe</approvedBy>
      </source>
    </activity>
    <activity>
      <predicate>startedAt</predicate>
      <place>Rhyzio</place>
      <predplace>startedAt Rhyzio</predplace>
      <ts>2018-09-08T01:21:11Z</ts>
      <source>
        <name>Chicago Tribune</name>
        <ts>2021-10-22T00:49:35Z</ts>
        <createdBy>Ward Guthrie</createdBy>
        <approvedBy>Brittaney Peggrem</approvedBy>
      </source>
    </activity>
    <activity>
      <predicate>startedAt</predicate>
      <place>Mynte</place>
      <predplace>startedAt Mynte</predplace>
      <ts>2017-12-14T16:58:23Z</ts>
      <source>
        <name>Los Angeles Times</name>
        <ts>2020-09-27T21:03:31Z</ts>
        <createdBy>Bertram Klausen</createdBy>
        <approvedBy>Brody Woodcroft</approvedBy>
      </source>
    </activity>
  </activities>
  <events>
    <event>
      <predicate>visited</predicate>
      <place>Philippines</place>
      <predplace>visited Philippines</predplace>
      <end>2017-04-05T01:24:54Z</end>
      <start>2016-06-16T16:38:11Z</start>
    </event>
  </events>
  <actions>
    <action>
      <url>https://vkontakte.ru</url>
      <icon>faCog</icon>
    </action>
    <action>
      <url>https://gravatar.com</url>
      <icon>faCode</icon>
    </action>
    <action>
      <url>https://is.gd</url>
      <icon>faSync</icon>
    </action>
  </actions>
</person>