<?xml version="1.0" encoding="UTF-8" standalone="yes"?>
<person>
  <personId>10089</personId>
  <nameGroup>
    <givenname>
      <value>Lurlene</value>
    </givenname>
    <surname>
      <value>Lealle</value>
    </surname>
    <fullname>
      <classification>S</classification>
      <restricted>false</restricted>
      <value>Lurlene Lealle </value>
      <source>
        <name>USA Today</name>
        <ts>2015-06-03T16:53:33Z</ts>
      </source>
    </fullname>
  </nameGroup>
  <emails>
    <email>
      <value>tshapter0@hostgator.com</value>
      <classification>U</classification>
      <restricted>false</restricted>
    </email>
    <email>
      <value>pmulqueen1@fda.gov</value>
      <classification>S</classification>
      <restricted>false</restricted>
    </email>
    <email>
      <value>jshewan2@reference.com</value>
      <classification>U</classification>
      <restricted>false</restricted>
    </email>
  </emails>
  <phone>969-385-4730</phone>
  <contacts>
    <contact>
      <type>phone</type>
      <value>134-205-9059</value>
    </contact>
    <contact>
      <type>phone</type>
      <value>381-756-6822</value>
    </contact>
    <contact>
      <type>email</type>
      <value>rblaker2@cbslocal.com</value>
    </contact>
  </contacts>
  <ssn>
    <value>232-19-2176</value>
    <classification>(S)</classification>
  </ssn>
  <images>
    <image>
      <url>/images/persons/person-05.jpg</url>
      <source>
        <name>Los Angeles Times</name>
        <ts>2013-01-16T17:11:24Z</ts>
        <uploadedBy>ulillicrap0</uploadedBy>
      </source>
    </image>
  </images>
  <addresses>
    <address>
      <street>383 Oak Center</street>
      <city>Detroit</city>
      <state>MI</state>
      <postal>48217</postal>
      <country>United States</country>
      <latitude>42.2719</latitude>
      <longitude>-83.1545</longitude>
    </address>
    <address>
      <street>49154 Bultman Street</street>
      <city>Springfield</city>
      <state>IL</state>
      <postal>62723</postal>
      <country>United States</country>
      <latitude>39.7495</latitude>
      <longitude>-89.606</longitude>
    </address>
  </addresses>
  <schools>
    <school>
      <country>United Kingdom</country>
      <name>University of Wales</name>
      <city>Newport</city>
      <state>ENG</state>
      <postal>NR29</postal>
      <latitude>52.6915552</latitude>
      <longitude>1.6993747</longitude>
      <source>
        <name>USA Today</name>
        <ts>2012-09-10T01:07:15Z</ts>
      </source>
    </school>
  </schools>
  <status>Active</status>
  <sources>
    <source>
      <name>New York Times</name>
      <ts>2014-10-06T08:36:11Z</ts>
    </source>
  </sources>
  <sources>
    <source>
      <name>Chicago Tribune</name>
      <ts>2010-01-23T14:25:45Z</ts>
    </source>
  </sources>
  <relations>
    <relation>
      <id>/person/10043.xml</id>
      <predicate>relatedTo</predicate>
      <imageSrc>/images/persons/person-09.jpg</imageSrc>
      <fullname>Jannel Priddey </fullname>
      <city>Tacoma</city>
      <state>WA</state>
    </relation>
    <relation>
      <id>/person/10035.xml</id>
      <predicate>relatedTo</predicate>
      <imageSrc>/images/persons/person-06.jpg</imageSrc>
      <fullname>Larisa Keneford </fullname>
      <city>Boston</city>
      <state>MA</state>
    </relation>
    <relation>
      <id>/person/10073.xml</id>
      <predicate>relatedTo</predicate>
      <imageSrc>/images/persons/person-04.jpg</imageSrc>
      <fullname>Hakim Mattisssen </fullname>
      <city>Newton</city>
      <state>MA</state>
    </relation>
    <relation>
      <id>/person/10048.xml</id>
      <predicate>relatedTo</predicate>
      <imageSrc>/images/persons/person-01.jpg</imageSrc>
      <fullname>Anatola Elman </fullname>
      <city>Colorado Springs</city>
      <state>CO</state>
    </relation>
    <relation>
      <id>/person/10006.xml</id>
      <predicate>livesWith</predicate>
      <imageSrc>/images/persons/person-09.jpg</imageSrc>
      <fullname>Gannon Gecke </fullname>
      <city>Corpus Christi</city>
      <state>TX</state>
    </relation>
  </relations>
  <createdOn>
    <ts>2022-01-18T04:10:56Z</ts>
    <user>llealle2g</user>
  </createdOn>
  <lastUpdated>
    <ts>2022-01-20T01:44:38Z</ts>
    <user>llealle2g</user>
  </lastUpdated>
  <socials/>
  <memberships>
    <membership>
      <list>list6</list>
      <important>true</important>
      <ts>2022-02-11</ts>
    </membership>
  </memberships>
  <links>
    <link>
      <label>Quick View</label>
      <url>http://ovh.net</url>
      <icon>faEye</icon>
    </link>
    <link>
      <label>Nomination History</label>
      <url>https://flavors.me</url>
      <icon>faMedal</icon>
    </link>
    <link>
      <label>Comments</label>
      <url>https://alexa.com</url>
      <icon>faComments</icon>
    </link>
  </links>
  <activities>
    <activity>
      <predicate>endedAt</predicate>
      <place>Skyndu</place>
      <predplace>endedAt Skyndu</predplace>
      <ts>2013-12-07T22:03:28Z</ts>
      <source>
        <name>USA Today</name>
        <ts>2021-12-08T14:46:58Z</ts>
        <createdBy>Anny Baildon</createdBy>
        <approvedBy>Lory Soigoux</approvedBy>
      </source>
    </activity>
    <activity>
      <predicate>transferredTo</predicate>
      <place>Gigazoom</place>
      <predplace>transferredTo Gigazoom</predplace>
      <ts>2015-04-11T07:13:49Z</ts>
      <source>
        <name>New York Times</name>
        <ts>2021-04-03T20:02:44Z</ts>
        <createdBy>Doll Lightning</createdBy>
        <approvedBy>Casey Featherstonhaugh</approvedBy>
      </source>
    </activity>
    <activity>
      <predicate>movedTo</predicate>
      <place>Twitterworks</place>
      <predplace>movedTo Twitterworks</predplace>
      <ts>2019-12-02T16:48:10Z</ts>
      <source>
        <name>Chicago Tribune</name>
        <ts>2021-07-08T14:12:38Z</ts>
        <createdBy>Fifi Gong</createdBy>
        <approvedBy>Dar Sparshett</approvedBy>
      </source>
    </activity>
    <activity>
      <predicate>movedTo</predicate>
      <place>Cogidoo</place>
      <predplace>movedTo Cogidoo</predplace>
      <ts>2017-10-24T20:33:23Z</ts>
      <source>
        <name>Los Angeles Times</name>
        <ts>2021-10-14T01:21:22Z</ts>
        <createdBy>Joshia Visco</createdBy>
        <approvedBy>Corly Pennone</approvedBy>
      </source>
    </activity>
  </activities>
  <events>
    <event>
      <predicate>livedIn</predicate>
      <place>Kazakhstan</place>
      <predplace>livedIn Kazakhstan</predplace>
      <end>2018-03-20T15:03:26Z</end>
      <start>2014-04-09T23:12:56Z</start>
    </event>
  </events>
  <actions>
    <action>
      <url>http://independent.co.uk</url>
      <icon>faCog</icon>
    </action>
    <action>
      <url>https://yale.edu</url>
      <icon>faCode</icon>
    </action>
    <action>
      <url>http://dailymotion.com</url>
      <icon>faSync</icon>
    </action>
  </actions>
</person>