<?xml version="1.0" encoding="UTF-8" standalone="yes"?>
<person>
  <personId>10086</personId>
  <nameGroup>
    <givenname>
      <value>Muffin</value>
    </givenname>
    <surname>
      <value>Feyer</value>
    </surname>
    <fullname>
      <classification>S</classification>
      <restricted>false</restricted>
      <value>Muffin Feyer </value>
      <source>
        <name>Los Angeles Times</name>
        <ts>2020-10-18T01:08:39Z</ts>
      </source>
      <source>
        <name>New York Times</name>
        <ts>2014-10-08T18:36:11Z</ts>
      </source>
    </fullname>
  </nameGroup>
  <emails>
    <email>
      <value>bwapple0@wix.com</value>
      <classification>S</classification>
      <restricted>false</restricted>
    </email>
    <email>
      <value>cbabon1@mac.com</value>
      <classification>U</classification>
      <restricted>false</restricted>
    </email>
  </emails>
  <phone>546-962-0643</phone>
  <contacts>
    <contact>
      <type>phone</type>
      <value>299-740-8974</value>
    </contact>
    <contact>
      <type>phone</type>
      <value>846-408-1017</value>
    </contact>
    <contact>
      <type>phone</type>
      <value>369-524-5294</value>
    </contact>
  </contacts>
  <ssn>
    <value>227-50-9779</value>
    <classification>(S)</classification>
  </ssn>
  <images>
    <image>
      <url>/images/persons/person-08.jpg</url>
      <source>
        <name>USA Today</name>
        <ts>2019-10-30T04:12:23Z</ts>
        <uploadedBy>wbirtwistle0</uploadedBy>
      </source>
    </image>
    <image>
      <url>/images/persons/person-04.jpg</url>
      <source>
        <name>USA Today</name>
        <ts>2012-06-27T00:11:45Z</ts>
        <uploadedBy>cmccuaig0</uploadedBy>
      </source>
    </image>
    <image>
      <url>/images/persons/person-07.jpg</url>
      <source>
        <name>Los Angeles Times</name>
        <ts>2013-04-26T10:18:44Z</ts>
        <uploadedBy>vfrude0</uploadedBy>
      </source>
    </image>
    <image>
      <url>/images/persons/person-02.jpg</url>
      <source>
        <name>New York Times</name>
        <ts>2010-09-17T12:44:53Z</ts>
        <uploadedBy>briccio0</uploadedBy>
      </source>
    </image>
  </images>
  <addresses>
    <address>
      <street>26 Fair Oaks Hill</street>
      <city>Tyler</city>
      <state>TX</state>
      <postal>75705</postal>
      <country>United States</country>
      <latitude>32.3766</latitude>
      <longitude>-95.1252</longitude>
    </address>
  </addresses>
  <schools>
    <school>
      <country>Canada</country>
      <name>Saskatchewan Indian Federated College</name>
      <city>Walnut Grove</city>
      <state>BC</state>
      <postal>V2X</postal>
      <latitude>49.2165148</latitude>
      <longitude>-122.6562872</longitude>
      <source>
        <name>USA Today</name>
        <ts>2017-03-03T15:18:21Z</ts>
      </source>
      <source>
        <name>New York Times</name>
        <ts>2018-07-22T02:57:13Z</ts>
      </source>
      <source>
        <name>Chicago Tribune</name>
        <ts>2015-05-16T23:45:01Z</ts>
      </source>
    </school>
  </schools>
  <status>Inactive</status>
  <sources>
    <source>
      <name>New York Times</name>
      <ts>2017-11-07T10:41:55Z</ts>
    </source>
  </sources>
  <relations>
    <relation>
      <id>/person/10050.xml</id>
      <predicate>worksWith</predicate>
      <imageSrc>/images/persons/person-01.jpg</imageSrc>
      <fullname>Orland Mears </fullname>
      <city>Houston</city>
      <state>TX</state>
    </relation>
    <relation>
      <id>/person/10092.xml</id>
      <predicate>livesWith</predicate>
      <imageSrc>/images/persons/person-07.jpg</imageSrc>
      <fullname>Sharon Forster </fullname>
      <city>Fort Lauderdale</city>
      <state>FL</state>
    </relation>
    <relation>
      <id>/person/10013.xml</id>
      <predicate>relatedTo</predicate>
      <imageSrc>/images/persons/person-10.jpg</imageSrc>
      <fullname>Tori Jerzykiewicz </fullname>
      <city>Minneapolis</city>
      <state>MN</state>
    </relation>
  </relations>
  <createdOn>
    <ts>2022-02-25T04:19:35Z</ts>
    <user>mfeyer2d</user>
  </createdOn>
  <lastUpdated>
    <ts>2022-01-19T18:55:11Z</ts>
    <user>mfeyer2d</user>
  </lastUpdated>
  <socials>
    <social>
      <site>twitter</site>
      <handle>mpate0</handle>
      <address>https://state.gov/eros/vestibulum/ac/est.aspx</address>
    </social>
    <social>
      <site>facebook</site>
      <handle/>
      <address>http://wired.com/sapien/urna/pretium/nisl.xml</address>
    </social>
    <social>
      <site>linkedin</site>
      <handle>aprestney2</handle>
      <address>https://pagesperso-orange.fr/ut/tellus/nulla/ut/erat.aspx</address>
    </social>
  </socials>
  <memberships>
    <membership>
      <list>list7</list>
      <important>true</important>
      <ts>2022-01-09</ts>
    </membership>
    <membership>
      <list>list5</list>
      <important>false</important>
      <ts>2022-02-21</ts>
    </membership>
    <membership>
      <list>list1</list>
      <important>false</important>
      <ts>2022-02-10</ts>
    </membership>
  </memberships>
  <links>
    <link>
      <label>Quick View</label>
      <url>https://telegraph.co.uk</url>
      <icon>faEye</icon>
    </link>
    <link>
      <label>Nomination History</label>
      <url>https://fda.gov</url>
      <icon>faMedal</icon>
    </link>
    <link>
      <label>Comments</label>
      <url>https://examiner.com</url>
      <icon>faComments</icon>
    </link>
  </links>
  <activities>
    <activity>
      <predicate>movedTo</predicate>
      <place>Skipstorm</place>
      <predplace>movedTo Skipstorm</predplace>
      <ts>2014-08-16T05:13:32Z</ts>
      <source>
        <name>USA Today</name>
        <ts>2021-05-15T05:24:42Z</ts>
        <createdBy>Danielle Androlli</createdBy>
        <approvedBy>Quinton Morten</approvedBy>
      </source>
    </activity>
    <activity>
      <predicate>movedTo</predicate>
      <place>Wordtune</place>
      <predplace>movedTo Wordtune</predplace>
      <ts>2019-01-18T12:13:45Z</ts>
      <source>
        <name>New York Times</name>
        <ts>2021-04-03T01:19:37Z</ts>
        <createdBy>Britney Monte</createdBy>
        <approvedBy>Corly Bentote</approvedBy>
      </source>
    </activity>
    <activity>
      <predicate>transferredTo</predicate>
      <place>Blogspan</place>
      <predplace>transferredTo Blogspan</predplace>
      <ts>2017-11-13T01:56:44Z</ts>
      <source>
        <name>Chicago Tribune</name>
        <ts>2021-05-30T23:17:55Z</ts>
        <createdBy>Ulrich Woodger</createdBy>
        <approvedBy>Stephannie Fuxman</approvedBy>
      </source>
    </activity>
  </activities>
  <events>
    <event>
      <predicate>visited</predicate>
      <place>Greece</place>
      <predplace>visited Greece</predplace>
      <end>2018-07-16T01:42:17Z</end>
      <start>2014-11-26T20:40:38Z</start>
    </event>
  </events>
  <actions>
    <action>
      <url>http://storify.com</url>
      <icon>faCog</icon>
    </action>
    <action>
      <url>http://edublogs.org</url>
      <icon>faCode</icon>
    </action>
    <action>
      <url>https://bandcamp.com</url>
      <icon>faSync</icon>
    </action>
  </actions>
</person>