<?xml version="1.0" encoding="UTF-8" standalone="yes"?>
<person>
  <personId>10085</personId>
  <nameGroup>
    <givenname>
      <value>Ashlen</value>
    </givenname>
    <surname>
      <value>Weinberg</value>
    </surname>
    <fullname>
      <classification>C</classification>
      <restricted>false</restricted>
      <value>Ashlen Weinberg </value>
      <source>
        <name>New York Times</name>
        <ts>2015-02-22T00:33:52Z</ts>
      </source>
      <source>
        <name>Washington Post</name>
        <ts>2018-08-09T22:58:12Z</ts>
      </source>
    </fullname>
  </nameGroup>
  <emails>
    <email>
      <value>gsipson0@mapquest.com</value>
      <classification>C</classification>
      <restricted>false</restricted>
    </email>
    <email>
      <value>lbroughton1@adobe.com</value>
      <classification>S</classification>
      <restricted>false</restricted>
    </email>
  </emails>
  <phone>515-980-1338</phone>
  <contacts>
    <contact>
      <type>email</type>
      <value>ggullane0@google.co.jp</value>
    </contact>
    <contact>
      <type>phone</type>
      <value>222-523-2297</value>
    </contact>
    <contact>
      <type>phone</type>
      <value>413-287-5439</value>
    </contact>
  </contacts>
  <ssn>
    <value>614-34-9350</value>
    <classification>(S)</classification>
  </ssn>
  <images>
    <image>
      <url>/images/persons/person-10.jpg</url>
      <source>
        <name>Washington Post</name>
        <ts>2017-08-24T05:31:44Z</ts>
        <uploadedBy>jdawtre0</uploadedBy>
      </source>
    </image>
    <image>
      <url>/images/persons/person-07.jpg</url>
      <source>
        <name>Los Angeles Times</name>
        <ts>2015-08-01T20:30:45Z</ts>
        <uploadedBy>lmingo0</uploadedBy>
      </source>
    </image>
    <image>
      <url>/images/persons/person-05.jpg</url>
      <source>
        <name>Washington Post</name>
        <ts>2014-08-14T12:07:35Z</ts>
        <uploadedBy>agodbehere0</uploadedBy>
      </source>
    </image>
    <image>
      <url>/images/persons/person-01.jpg</url>
      <source>
        <name>Los Angeles Times</name>
        <ts>2017-06-13T04:56:07Z</ts>
        <uploadedBy>ojarnell0</uploadedBy>
      </source>
    </image>
  </images>
  <addresses>
    <address>
      <street>01783 Briar Crest Plaza</street>
      <city>El Paso</city>
      <state>TX</state>
      <postal>88558</postal>
      <country>United States</country>
      <latitude>31.6948</latitude>
      <longitude>-106.3</longitude>
    </address>
    <address>
      <street>83 Melrose Court</street>
      <city>San Diego</city>
      <state>CA</state>
      <postal>92191</postal>
      <country>United States</country>
      <latitude>33.0169</latitude>
      <longitude>-116.846</longitude>
    </address>
    <address>
      <street>145 Beilfuss Way</street>
      <city>Tucson</city>
      <state>AZ</state>
      <postal>85710</postal>
      <country>United States</country>
      <latitude>32.2138</latitude>
      <longitude>-110.824</longitude>
    </address>
  </addresses>
  <schools>
    <school>
      <country>United States</country>
      <name>City University of New York, Queens College</name>
      <city>Toledo</city>
      <state>OH</state>
      <postal>43666</postal>
      <latitude>41.64</latitude>
      <longitude>-83.54</longitude>
      <source>
        <name>USA Today</name>
        <ts>2013-09-23T08:29:54Z</ts>
      </source>
      <source>
        <name>New York Times</name>
        <ts>2016-07-29T17:30:33Z</ts>
      </source>
      <source>
        <name>Chicago Tribune</name>
        <ts>2010-09-24T09:51:40Z</ts>
      </source>
    </school>
  </schools>
  <status>Inactive</status>
  <sources>
    <source>
      <name>Chicago Tribune</name>
      <ts>2011-09-09T13:21:31Z</ts>
    </source>
  </sources>
  <sources>
    <source>
      <name>USA Today</name>
      <ts>2016-02-08T20:18:24Z</ts>
    </source>
  </sources>
  <sources>
    <source>
      <name>USA Today</name>
      <ts>2011-05-09T10:58:28Z</ts>
    </source>
  </sources>
  <relations>
    <relation>
      <id>/person/10043.xml</id>
      <predicate>relatedTo</predicate>
      <imageSrc>/images/persons/person-09.jpg</imageSrc>
      <fullname>Jannel Priddey </fullname>
      <city>Tacoma</city>
      <state>WA</state>
    </relation>
    <relation>
      <id>/person/10079.xml</id>
      <predicate>relatedTo</predicate>
      <imageSrc>/images/persons/person-02.jpg</imageSrc>
      <fullname>Duke Hanson </fullname>
      <city>Trenton</city>
      <state>NJ</state>
    </relation>
    <relation>
      <id>/person/10006.xml</id>
      <predicate>relatedTo</predicate>
      <imageSrc>/images/persons/person-09.jpg</imageSrc>
      <fullname>Gannon Gecke </fullname>
      <city>Corpus Christi</city>
      <state>TX</state>
    </relation>
    <relation>
      <id>/person/10045.xml</id>
      <predicate>relatedTo</predicate>
      <imageSrc>/images/persons/person-06.jpg</imageSrc>
      <fullname>Leonid Plail </fullname>
      <city>Redwood City</city>
      <state>CA</state>
    </relation>
  </relations>
  <createdOn>
    <ts>2022-01-19T05:26:45Z</ts>
    <user>aweinberg2c</user>
  </createdOn>
  <lastUpdated>
    <ts>2022-01-19T07:44:58Z</ts>
    <user>aweinberg2c</user>
  </lastUpdated>
  <socials>
    <social>
      <site>twitter</site>
      <handle>mmorcom0</handle>
      <address>http://oaic.gov.au/ut/nulla/sed/accumsan/felis/ut/at.aspx</address>
    </social>
  </socials>
  <memberships>
    <membership>
      <list>list5</list>
      <important>true</important>
      <ts>2022-01-24</ts>
    </membership>
    <membership>
      <list>list6</list>
      <important>true</important>
      <ts>2022-02-10</ts>
    </membership>
    <membership>
      <list>list10</list>
      <important>true</important>
      <ts>2022-02-04</ts>
    </membership>
    <membership>
      <list>list12</list>
      <important>true</important>
      <ts>2022-01-26</ts>
    </membership>
  </memberships>
  <links>
    <link>
      <label>Quick View</label>
      <url>https://nature.com</url>
      <icon>faEye</icon>
    </link>
    <link>
      <label>Nomination History</label>
      <url>https://arizona.edu</url>
      <icon>faMedal</icon>
    </link>
    <link>
      <label>Comments</label>
      <url>https://pbs.org</url>
      <icon>faComments</icon>
    </link>
  </links>
  <activities>
    <activity>
      <predicate>endedAt</predicate>
      <place>Minyx</place>
      <predplace>endedAt Minyx</predplace>
      <ts>2017-01-28T12:58:04Z</ts>
      <source>
        <name>USA Today</name>
        <ts>2021-04-09T05:39:12Z</ts>
        <createdBy>Sela Seacombe</createdBy>
        <approvedBy>Theodora Cauldfield</approvedBy>
      </source>
    </activity>
    <activity>
      <predicate>startedAt</predicate>
      <place>Devbug</place>
      <predplace>startedAt Devbug</predplace>
      <ts>2012-12-05T13:07:43Z</ts>
      <source>
        <name>New York Times</name>
        <ts>2020-01-03T16:48:50Z</ts>
        <createdBy>Timoteo Trosdall</createdBy>
        <approvedBy>Silvester Liversage</approvedBy>
      </source>
    </activity>
    <activity>
      <predicate>movedTo</predicate>
      <place>Feedspan</place>
      <predplace>movedTo Feedspan</predplace>
      <ts>2013-05-30T14:48:12Z</ts>
      <source>
        <name>Chicago Tribune</name>
        <ts>2021-11-08T18:00:38Z</ts>
        <createdBy>Norry Sidwick</createdBy>
        <approvedBy>Mellisent Lambert</approvedBy>
      </source>
    </activity>
    <activity>
      <predicate>movedTo</predicate>
      <place>Skajo</place>
      <predplace>movedTo Skajo</predplace>
      <ts>2019-08-26T17:17:17Z</ts>
      <source>
        <name>Los Angeles Times</name>
        <ts>2021-04-24T23:23:19Z</ts>
        <createdBy>Sidney Flew</createdBy>
        <approvedBy>Sadie Paaso</approvedBy>
      </source>
    </activity>
  </activities>
  <events>
    <event>
      <predicate>servedIn</predicate>
      <place>Philippines</place>
      <predplace>servedIn Philippines</predplace>
      <end>2017-03-22T08:58:13Z</end>
      <start>2016-04-29T19:32:37Z</start>
    </event>
  </events>
  <actions>
    <action>
      <url>https://si.edu</url>
      <icon>faCog</icon>
    </action>
    <action>
      <url>https://time.com</url>
      <icon>faCode</icon>
    </action>
    <action>
      <url>http://shareasale.com</url>
      <icon>faSync</icon>
    </action>
  </actions>
</person>