<?xml version="1.0" encoding="UTF-8" standalone="yes"?>
<person>
  <personId>10083</personId>
  <nameGroup>
    <givenname>
      <value>Jodie</value>
    </givenname>
    <surname>
      <value>Huddleston</value>
    </surname>
    <fullname>
      <classification>S</classification>
      <restricted>true</restricted>
      <value>Jodie Huddleston </value>
      <source>
        <name>Los Angeles Times</name>
        <ts>2019-10-06T07:49:45Z</ts>
      </source>
      <source>
        <name>Wall Street Journal</name>
        <ts>2013-09-02T21:50:33Z</ts>
      </source>
      <source>
        <name>Wall Street Journal</name>
        <ts>2011-02-26T16:25:56Z</ts>
      </source>
    </fullname>
  </nameGroup>
  <emails>
    <email>
      <value>cboneham0@marriott.com</value>
      <classification>C</classification>
      <restricted>false</restricted>
    </email>
  </emails>
  <phone>457-790-9609</phone>
  <contacts>
    <contact>
      <type>email</type>
      <value>ekrink0@squidoo.com</value>
    </contact>
    <contact>
      <type>email</type>
      <value>uchristene1@bloomberg.com</value>
    </contact>
    <contact>
      <type>email</type>
      <value>tsuermeiers2@multiply.com</value>
    </contact>
  </contacts>
  <ssn>
    <value>186-72-8715</value>
    <classification>(S)</classification>
  </ssn>
  <images>
    <image>
      <url>/images/persons/person-09.jpg</url>
      <source>
        <name>Chicago Tribune</name>
        <ts>2010-06-15T20:30:53Z</ts>
        <uploadedBy>bwein0</uploadedBy>
      </source>
    </image>
    <image>
      <url>/images/persons/person-04.jpg</url>
      <source>
        <name>Wall Street Journal</name>
        <ts>2012-04-24T23:02:09Z</ts>
        <uploadedBy/>
      </source>
    </image>
    <image>
      <url>/images/persons/person-05.jpg</url>
      <source>
        <name>USA Today</name>
        <ts>2015-06-21T09:28:52Z</ts>
        <uploadedBy>zjankovic0</uploadedBy>
      </source>
    </image>
    <image>
      <url>/images/persons/person-01.jpg</url>
      <source>
        <name>New York Times</name>
        <ts>2012-05-05T19:52:35Z</ts>
        <uploadedBy>kbrood0</uploadedBy>
      </source>
    </image>
  </images>
  <addresses>
    <address>
      <street>2 Sunfield Pass</street>
      <city>Pittsburgh</city>
      <state>PA</state>
      <postal>15235</postal>
      <country>United States</country>
      <latitude>40.4598</latitude>
      <longitude>-79.8224</longitude>
    </address>
    <address>
      <street>17801 Mariners Cove Circle</street>
      <city>Albany</city>
      <state>NY</state>
      <postal>12255</postal>
      <country>United States</country>
      <latitude>42.6149</latitude>
      <longitude>-73.9708</longitude>
    </address>
    <address>
      <street>7 Messerschmidt Center</street>
      <city>Canton</city>
      <state>OH</state>
      <postal>44760</postal>
      <country>United States</country>
      <latitude>40.854</latitude>
      <longitude>-81.4278</longitude>
    </address>
  </addresses>
  <schools>
    <school>
      <country>Mexico</country>
      <name>Universidad Xicotepetl</name>
      <city>Petrolera</city>
      <state>VER</state>
      <postal>94723</postal>
      <latitude>18.1436128</latitude>
      <longitude>-94.4452233</longitude>
      <source>
        <name>USA Today</name>
        <ts>2016-08-02T00:29:53Z</ts>
      </source>
      <source>
        <name>New York Times</name>
        <ts>2021-07-24T04:16:58Z</ts>
      </source>
      <source>
        <name>Chicago Tribune</name>
        <ts>2015-08-16T02:39:50Z</ts>
      </source>
    </school>
    <school>
      <country>United States</country>
      <name>Lebanon Valley College</name>
      <city>Fort Myers</city>
      <state>FL</state>
      <postal>33994</postal>
      <latitude>26.6732151</latitude>
      <longitude>-81.8181961</longitude>
      <source>
        <name>USA Today</name>
        <ts>2015-11-12T21:00:24Z</ts>
      </source>
    </school>
  </schools>
  <status>Active</status>
  <sources>
    <source>
      <name>USA Today</name>
      <ts>2021-11-03T18:59:29Z</ts>
    </source>
  </sources>
  <sources>
    <source>
      <name>New York Times</name>
      <ts>2017-07-08T12:38:30Z</ts>
    </source>
  </sources>
  <sources>
    <source>
      <name>New York Times</name>
      <ts>2010-10-30T05:14:51Z</ts>
    </source>
  </sources>
  <relations>
    <relation>
      <id>/person/10097.xml</id>
      <predicate>worksWith</predicate>
      <imageSrc>/images/persons/person-01.jpg</imageSrc>
      <fullname>Faydra Habben </fullname>
      <city>El Paso</city>
      <state>TX</state>
    </relation>
    <relation>
      <id>/person/10033.xml</id>
      <predicate>relatedTo</predicate>
      <imageSrc>/images/persons/person-02.jpg</imageSrc>
      <fullname>Mag Garnsey </fullname>
      <city>Schenectady</city>
      <state>NY</state>
    </relation>
  </relations>
  <createdOn>
    <ts>2022-01-26T01:39:40Z</ts>
    <user>jhuddleston2a</user>
  </createdOn>
  <lastUpdated>
    <ts>2022-01-21T17:39:57Z</ts>
    <user>jhuddleston2a</user>
  </lastUpdated>
  <socials/>
  <memberships>
    <membership>
      <list>list8</list>
      <important>true</important>
      <ts>2022-02-25</ts>
    </membership>
    <membership>
      <list>list2</list>
      <important>false</important>
      <ts>2022-01-27</ts>
    </membership>
    <membership>
      <list>list4</list>
      <important>true</important>
      <ts>2022-01-13</ts>
    </membership>
  </memberships>
  <links>
    <link>
      <label>Quick View</label>
      <url>http://prweb.com</url>
      <icon>faEye</icon>
    </link>
    <link>
      <label>Nomination History</label>
      <url>http://rediff.com</url>
      <icon>faMedal</icon>
    </link>
    <link>
      <label>Comments</label>
      <url>http://yandex.ru</url>
      <icon>faComments</icon>
    </link>
  </links>
  <activities>
    <activity>
      <predicate>startedAt</predicate>
      <place>Voomm</place>
      <predplace>startedAt Voomm</predplace>
      <ts>2019-05-09T07:15:27Z</ts>
      <source>
        <name>USA Today</name>
        <ts>2021-07-01T19:03:37Z</ts>
        <createdBy>Benton Moretto</createdBy>
        <approvedBy>Terence Gerrietz</approvedBy>
      </source>
    </activity>
    <activity>
      <predicate>startedAt</predicate>
      <place>Eayo</place>
      <predplace>startedAt Eayo</predplace>
      <ts>2013-10-04T12:12:47Z</ts>
      <source>
        <name>New York Times</name>
        <ts>2021-10-01T15:10:13Z</ts>
        <createdBy>Felicle Pointing</createdBy>
        <approvedBy>Aurora Corradi</approvedBy>
      </source>
    </activity>
  </activities>
  <events>
    <event>
      <predicate>visited</predicate>
      <place>China</place>
      <predplace>visited China</predplace>
      <end>2018-08-10T04:09:40Z</end>
      <start>2015-11-18T01:54:30Z</start>
    </event>
  </events>
  <actions>
    <action>
      <url>http://bloomberg.com</url>
      <icon>faCog</icon>
    </action>
    <action>
      <url>http://mtv.com</url>
      <icon>faCode</icon>
    </action>
    <action>
      <url>http://github.io</url>
      <icon>faSync</icon>
    </action>
  </actions>
</person>