<?xml version="1.0" encoding="UTF-8" standalone="yes"?>
<person>
  <personId>10088</personId>
  <nameGroup>
    <givenname>
      <value>Bing</value>
    </givenname>
    <surname>
      <value>Pittoli</value>
    </surname>
    <fullname>
      <classification>C</classification>
      <restricted>false</restricted>
      <value>Bing Pittoli </value>
      <source>
        <name>Los Angeles Times</name>
        <ts>2020-06-15T19:01:42Z</ts>
      </source>
    </fullname>
  </nameGroup>
  <emails>
    <email>
      <value>mbonnaire0@ezinearticles.com</value>
      <classification>U</classification>
      <restricted>false</restricted>
    </email>
  </emails>
  <phone>952-799-0848</phone>
  <contacts>
    <contact>
      <type>email</type>
      <value>ncutill0@livejournal.com</value>
    </contact>
    <contact>
      <type>phone</type>
      <value>641-755-9509</value>
    </contact>
    <contact>
      <type>email</type>
      <value>fodoghesty2@spiegel.de</value>
    </contact>
  </contacts>
  <ssn>
    <value>192-18-7682</value>
    <classification>(S)</classification>
  </ssn>
  <images>
    <image>
      <url>/images/persons/person-05.jpg</url>
      <source>
        <name>USA Today</name>
        <ts>2020-04-09T00:00:18Z</ts>
        <uploadedBy/>
      </source>
    </image>
    <image>
      <url>/images/persons/person-01.jpg</url>
      <source>
        <name>Los Angeles Times</name>
        <ts>2020-04-08T18:56:40Z</ts>
        <uploadedBy>vdeavall0</uploadedBy>
      </source>
    </image>
    <image>
      <url>/images/persons/person-07.jpg</url>
      <source>
        <name>Chicago Tribune</name>
        <ts>2018-07-28T03:09:38Z</ts>
        <uploadedBy>iedmundson0</uploadedBy>
      </source>
    </image>
    <image>
      <url>/images/persons/person-06.jpg</url>
      <source>
        <name>Wall Street Journal</name>
        <ts>2011-01-28T02:13:21Z</ts>
        <uploadedBy>atradewell0</uploadedBy>
      </source>
    </image>
  </images>
  <addresses>
    <address>
      <street>9226 Marquette Drive</street>
      <city>Tucson</city>
      <state>AZ</state>
      <postal>85705</postal>
      <country>United States</country>
      <latitude>32.2691</latitude>
      <longitude>-110.9845</longitude>
    </address>
    <address>
      <street>98499 Pepper Wood Circle</street>
      <city>Bronx</city>
      <state>NY</state>
      <postal>10454</postal>
      <country>United States</country>
      <latitude>40.8085</latitude>
      <longitude>-73.9198</longitude>
    </address>
  </addresses>
  <schools>
    <school>
      <country>United Kingdom</country>
      <name>University of Glamorgan</name>
      <city>Liverpool</city>
      <state>ENG</state>
      <postal>L33</postal>
      <latitude>53.4913801</latitude>
      <longitude>-2.867264</longitude>
      <source>
        <name>USA Today</name>
        <ts>2017-08-18T14:29:27Z</ts>
      </source>
      <source>
        <name>New York Times</name>
        <ts>2010-07-18T21:35:08Z</ts>
      </source>
      <source>
        <name>Chicago Tribune</name>
        <ts>2010-09-11T02:03:34Z</ts>
      </source>
    </school>
    <school>
      <country>United States</country>
      <name>University of Texas Health Science Center at San Antonio</name>
      <city>Irving</city>
      <state>TX</state>
      <postal>75037</postal>
      <latitude>32.886855</latitude>
      <longitude>-96.967936</longitude>
      <source>
        <name>USA Today</name>
        <ts>2016-04-05T16:59:19Z</ts>
      </source>
      <source>
        <name>New York Times</name>
        <ts>2020-08-16T20:08:21Z</ts>
      </source>
    </school>
  </schools>
  <status>Inactive</status>
  <sources>
    <source>
      <name>Chicago Tribune</name>
      <ts>2018-09-05T05:55:40Z</ts>
    </source>
  </sources>
  <sources>
    <source>
      <name>Chicago Tribune</name>
      <ts>2012-05-14T21:41:28Z</ts>
    </source>
  </sources>
  <sources>
    <source>
      <name>Washington Post</name>
      <ts>2010-06-04T20:31:00Z</ts>
    </source>
  </sources>
  <relations>
    <relation>
      <id>/person/10022.xml</id>
      <predicate>livesWith</predicate>
      <imageSrc>/images/persons/person-07.jpg</imageSrc>
      <fullname>Parrnell Chandler </fullname>
      <city>El Paso</city>
      <state>TX</state>
    </relation>
    <relation>
      <id>/person/10071.xml</id>
      <predicate>livesWith</predicate>
      <imageSrc>/images/persons/person-02.jpg</imageSrc>
      <fullname>Hope Firpo </fullname>
      <city>Des Moines</city>
      <state>IA</state>
    </relation>
    <relation>
      <id>/person/10017.xml</id>
      <predicate>worksWith</predicate>
      <imageSrc>/images/persons/person-09.jpg</imageSrc>
      <fullname>Carlye Saxon </fullname>
      <city>Vancouver</city>
      <state>WA</state>
    </relation>
  </relations>
  <createdOn>
    <ts>2022-01-31T05:51:05Z</ts>
    <user>bpittoli2f</user>
  </createdOn>
  <lastUpdated>
    <ts>2022-01-08T15:35:43Z</ts>
    <user>bpittoli2f</user>
  </lastUpdated>
  <socials>
    <social>
      <site>linkedin</site>
      <handle>jconigsby0</handle>
      <address>http://google.pl/quisque.json</address>
    </social>
  </socials>
  <memberships>
    <membership>
      <list>list10</list>
      <important>false</important>
      <ts>2022-01-29</ts>
    </membership>
    <membership>
      <list>list8</list>
      <important>false</important>
      <ts>2022-01-06</ts>
    </membership>
    <membership>
      <list>list8</list>
      <important>false</important>
      <ts>2022-01-06</ts>
    </membership>
  </memberships>
  <links>
    <link>
      <label>Quick View</label>
      <url>https://who.int</url>
      <icon>faEye</icon>
    </link>
    <link>
      <label>Nomination History</label>
      <url>http://noaa.gov</url>
      <icon>faMedal</icon>
    </link>
    <link>
      <label>Comments</label>
      <url>http://china.com.cn</url>
      <icon>faComments</icon>
    </link>
  </links>
  <activities>
    <activity>
      <predicate>transferredTo</predicate>
      <place>Edgepulse</place>
      <predplace>transferredTo Edgepulse</predplace>
      <ts>2018-10-11T10:38:46Z</ts>
      <source>
        <name>USA Today</name>
        <ts>2020-04-30T20:44:32Z</ts>
        <createdBy>Rudy Vanlint</createdBy>
        <approvedBy>Lynn Hartus</approvedBy>
      </source>
    </activity>
    <activity>
      <predicate>startedAt</predicate>
      <place>Edgeblab</place>
      <predplace>startedAt Edgeblab</predplace>
      <ts>2019-11-25T05:50:53Z</ts>
      <source>
        <name>New York Times</name>
        <ts>2021-06-13T06:05:52Z</ts>
        <createdBy>Abdel Logesdale</createdBy>
        <approvedBy>Pandora Foley</approvedBy>
      </source>
    </activity>
  </activities>
  <events>
    <event>
      <predicate>visited</predicate>
      <place>China</place>
      <predplace>visited China</predplace>
      <end>2017-01-27T06:43:47Z</end>
      <start>2014-06-15T05:49:38Z</start>
    </event>
  </events>
  <actions>
    <action>
      <url>http://statcounter.com</url>
      <icon>faCog</icon>
    </action>
    <action>
      <url>http://cnet.com</url>
      <icon>faCode</icon>
    </action>
    <action>
      <url>https://tmall.com</url>
      <icon>faSync</icon>
    </action>
  </actions>
</person>