<?xml version="1.0" encoding="UTF-8" standalone="yes"?>
<person>
  <personId>10087</personId>
  <nameGroup>
    <givenname>
      <value>Carlyle</value>
    </givenname>
    <surname>
      <value>Dowker</value>
    </surname>
    <fullname>
      <classification>U</classification>
      <restricted>false</restricted>
      <value>Carlyle Dowker </value>
      <source>
        <name>Wall Street Journal</name>
        <ts>2015-05-09T15:34:52Z</ts>
      </source>
      <source>
        <name>USA Today</name>
        <ts>2011-10-21T19:29:00Z</ts>
      </source>
    </fullname>
  </nameGroup>
  <emails>
    <email>
      <value>mgorman0@google.fr</value>
      <classification>S</classification>
      <restricted>false</restricted>
    </email>
    <email>
      <value>lfarr1@prnewswire.com</value>
      <classification>C</classification>
      <restricted>false</restricted>
    </email>
    <email>
      <value>nscrimshaw2@google.cn</value>
      <classification>S</classification>
      <restricted>false</restricted>
    </email>
  </emails>
  <phone>951-613-2463</phone>
  <contacts>
    <contact>
      <type>email</type>
      <value>jrumsey0@tmall.com</value>
    </contact>
    <contact>
      <type>email</type>
      <value>esillick1@archive.org</value>
    </contact>
    <contact>
      <type>phone</type>
      <value>960-588-1783</value>
    </contact>
  </contacts>
  <ssn>
    <value>352-12-1640</value>
    <classification>(S)</classification>
  </ssn>
  <images>
    <image>
      <url>/images/persons/person-07.jpg</url>
      <source>
        <name>Washington Post</name>
        <ts>2017-09-19T10:21:54Z</ts>
        <uploadedBy>tklimke0</uploadedBy>
      </source>
    </image>
  </images>
  <addresses>
    <address>
      <street>06740 Lighthouse Bay Hill</street>
      <city>Memphis</city>
      <state>TN</state>
      <postal>38161</postal>
      <country>United States</country>
      <latitude>35.2017</latitude>
      <longitude>-89.9715</longitude>
    </address>
  </addresses>
  <schools>
    <school>
      <country>United States</country>
      <name>College of St. Rose</name>
      <city>Maple Plain</city>
      <state>MN</state>
      <postal>55579</postal>
      <latitude>45.01</latitude>
      <longitude>-93.65</longitude>
      <source>
        <name>USA Today</name>
        <ts>2016-03-23T23:33:04Z</ts>
      </source>
      <source>
        <name>New York Times</name>
        <ts>2016-08-16T05:59:48Z</ts>
      </source>
      <source>
        <name>Chicago Tribune</name>
        <ts>2021-09-05T00:40:42Z</ts>
      </source>
    </school>
  </schools>
  <status>Active</status>
  <sources>
    <source>
      <name>Los Angeles Times</name>
      <ts>2016-11-07T10:39:38Z</ts>
    </source>
  </sources>
  <sources>
    <source>
      <name>USA Today</name>
      <ts>2016-11-18T09:30:12Z</ts>
    </source>
  </sources>
  <sources>
    <source>
      <name>Wall Street Journal</name>
      <ts>2010-02-26T12:10:13Z</ts>
    </source>
  </sources>
  <relations>
    <relation>
      <id>/person/10031.xml</id>
      <predicate>worksWith</predicate>
      <imageSrc>/images/persons/person-03.jpg</imageSrc>
      <fullname>Adamo Downham </fullname>
      <city>Salt Lake City</city>
      <state>UT</state>
    </relation>
    <relation>
      <id>/person/10075.xml</id>
      <predicate>livesWith</predicate>
      <imageSrc>/images/persons/person-05.jpg</imageSrc>
      <fullname>Brigitta Haxell </fullname>
      <city>Huntington</city>
      <state>WV</state>
    </relation>
    <relation>
      <id>/person/10064.xml</id>
      <predicate>worksWith</predicate>
      <imageSrc>/images/persons/person-09.jpg</imageSrc>
      <fullname>Quintina Gower </fullname>
      <city>Davenport</city>
      <state>IA</state>
    </relation>
    <relation>
      <id>/person/10041.xml</id>
      <predicate>relatedTo</predicate>
      <imageSrc>/images/persons/person-04.jpg</imageSrc>
      <fullname>Rene Drew-Clifton </fullname>
      <city>San Antonio</city>
      <state>TX</state>
    </relation>
    <relation>
      <id>/person/10058.xml</id>
      <predicate>relatedTo</predicate>
      <imageSrc>/images/persons/person-10.jpg</imageSrc>
      <fullname>Gilligan Darbyshire </fullname>
      <city>Wilmington</city>
      <state>DE</state>
    </relation>
  </relations>
  <createdOn>
    <ts>2022-01-17T14:32:58Z</ts>
    <user>cdowker2e</user>
  </createdOn>
  <lastUpdated>
    <ts>2022-02-09T22:39:03Z</ts>
    <user>cdowker2e</user>
  </lastUpdated>
  <socials>
    <social>
      <site>facebook</site>
      <handle>cshearston0</handle>
      <address>https://hibu.com/a/pede/posuere.json</address>
    </social>
  </socials>
  <memberships/>
  <links>
    <link>
      <label>Quick View</label>
      <url>https://constantcontact.com</url>
      <icon>faEye</icon>
    </link>
    <link>
      <label>Nomination History</label>
      <url>https://artisteer.com</url>
      <icon>faMedal</icon>
    </link>
    <link>
      <label>Comments</label>
      <url>http://sitemeter.com</url>
      <icon>faComments</icon>
    </link>
  </links>
  <activities>
    <activity>
      <predicate>transferredTo</predicate>
      <place>Yadel</place>
      <predplace>transferredTo Yadel</predplace>
      <ts>2017-02-10T15:58:15Z</ts>
      <source>
        <name>USA Today</name>
        <ts>2022-02-09T01:19:53Z</ts>
        <createdBy>Haily Chippindale</createdBy>
        <approvedBy>Dalila Lewing</approvedBy>
      </source>
    </activity>
    <activity>
      <predicate>endedAt</predicate>
      <place>Centizu</place>
      <predplace>endedAt Centizu</predplace>
      <ts>2017-12-21T09:09:06Z</ts>
      <source>
        <name>New York Times</name>
        <ts>2020-07-26T05:37:58Z</ts>
        <createdBy>Tani Sante</createdBy>
        <approvedBy>Osborn Kiddye</approvedBy>
      </source>
    </activity>
  </activities>
  <events>
    <event>
      <predicate>visited</predicate>
      <place>Indonesia</place>
      <predplace>visited Indonesia</predplace>
      <end>2017-09-16T20:01:12Z</end>
      <start>2015-04-21T01:40:51Z</start>
    </event>
  </events>
  <actions>
    <action>
      <url>http://digg.com</url>
      <icon>faCog</icon>
    </action>
    <action>
      <url>http://xrea.com</url>
      <icon>faCode</icon>
    </action>
    <action>
      <url>http://unicef.org</url>
      <icon>faSync</icon>
    </action>
  </actions>
</person>