<?xml version="1.0" encoding="UTF-8" standalone="yes"?>
<person>
  <personId>10084</personId>
  <nameGroup>
    <givenname>
      <value>Sharleen</value>
    </givenname>
    <surname>
      <value>Harness</value>
    </surname>
    <fullname>
      <classification>C</classification>
      <restricted>true</restricted>
      <value>Sharleen Harness </value>
      <source>
        <name>Chicago Tribune</name>
        <ts>2016-09-22T05:20:38Z</ts>
      </source>
      <source>
        <name>Los Angeles Times</name>
        <ts>2019-08-21T05:16:13Z</ts>
      </source>
    </fullname>
  </nameGroup>
  <emails>
    <email>
      <value>aclamo0@jalbum.net</value>
      <classification>U</classification>
      <restricted>false</restricted>
    </email>
  </emails>
  <phone>206-374-9469</phone>
  <contacts>
    <contact>
      <type>phone</type>
      <value>522-310-8271</value>
    </contact>
    <contact>
      <type>phone</type>
      <value>621-490-1153</value>
    </contact>
    <contact>
      <type>phone</type>
      <value>478-792-3418</value>
    </contact>
  </contacts>
  <ssn>
    <value>755-64-3796</value>
    <classification>(S)</classification>
  </ssn>
  <images>
    <image>
      <url>/images/persons/person-08.jpg</url>
      <source>
        <name>USA Today</name>
        <ts>2010-11-14T13:12:47Z</ts>
        <uploadedBy>dvarley0</uploadedBy>
      </source>
    </image>
    <image>
      <url>/images/persons/person-06.jpg</url>
      <source>
        <name>Wall Street Journal</name>
        <ts>2019-02-28T11:11:34Z</ts>
        <uploadedBy>gdougill0</uploadedBy>
      </source>
    </image>
    <image>
      <url>/images/persons/person-02.jpg</url>
      <source>
        <name>USA Today</name>
        <ts>2015-02-13T16:26:12Z</ts>
        <uploadedBy>bjenkerson0</uploadedBy>
      </source>
    </image>
    <image>
      <url>/images/persons/person-01.jpg</url>
      <source>
        <name>New York Times</name>
        <ts>2021-11-07T22:48:15Z</ts>
        <uploadedBy>gbirtles0</uploadedBy>
      </source>
    </image>
  </images>
  <addresses>
    <address>
      <street>55 David Drive</street>
      <city>Los Angeles</city>
      <state>CA</state>
      <postal>90101</postal>
      <country>United States</country>
      <latitude>33.7866</latitude>
      <longitude>-118.2987</longitude>
    </address>
  </addresses>
  <schools>
    <school>
      <country>Canada</country>
      <name>Université du Québec en Abitibi-Témiscamingue</name>
      <city>Wabana</city>
      <state>NL</state>
      <postal>V7X</postal>
      <latitude>47.63319</latitude>
      <longitude>-52.94806</longitude>
      <source>
        <name>USA Today</name>
        <ts>2010-05-04T03:30:58Z</ts>
      </source>
      <source>
        <name>New York Times</name>
        <ts>2013-03-26T09:08:48Z</ts>
      </source>
      <source>
        <name>Chicago Tribune</name>
        <ts>2015-11-22T14:15:51Z</ts>
      </source>
    </school>
  </schools>
  <status>Inactive</status>
  <sources>
    <source>
      <name>New York Times</name>
      <ts>2016-05-25T11:02:18Z</ts>
    </source>
  </sources>
  <sources>
    <source>
      <name>Los Angeles Times</name>
      <ts>2010-07-22T14:11:42Z</ts>
    </source>
  </sources>
  <relations>
    <relation>
      <id>/person/10013.xml</id>
      <predicate>relatedTo</predicate>
      <imageSrc>/images/persons/person-10.jpg</imageSrc>
      <fullname>Tori Jerzykiewicz </fullname>
      <city>Minneapolis</city>
      <state>MN</state>
    </relation>
    <relation>
      <id>/person/10021.xml</id>
      <predicate>worksWith</predicate>
      <imageSrc>/images/persons/person-07.jpg</imageSrc>
      <fullname>Harman Doud </fullname>
      <city>Lexington</city>
      <state>KY</state>
    </relation>
  </relations>
  <createdOn>
    <ts>2022-01-31T15:58:46Z</ts>
    <user>sharness2b</user>
  </createdOn>
  <lastUpdated>
    <ts>2022-02-05T17:59:37Z</ts>
    <user>sharness2b</user>
  </lastUpdated>
  <socials>
    <social>
      <site>facebook</site>
      <handle>fbenezeit0</handle>
      <address>http://cdbaby.com/malesuada.png</address>
    </social>
    <social>
      <site>linkedin</site>
      <handle/>
      <address>https://storify.com/id/sapien/in/sapien/iaculis/congue.html</address>
    </social>
  </socials>
  <memberships>
    <membership>
      <list>list5</list>
      <important>true</important>
      <ts>2022-01-03</ts>
    </membership>
  </memberships>
  <links>
    <link>
      <label>Quick View</label>
      <url>https://barnesandnoble.com</url>
      <icon>faEye</icon>
    </link>
    <link>
      <label>Nomination History</label>
      <url>https://google.com.br</url>
      <icon>faMedal</icon>
    </link>
    <link>
      <label>Comments</label>
      <url>http://stumbleupon.com</url>
      <icon>faComments</icon>
    </link>
  </links>
  <activities>
    <activity>
      <predicate>endedAt</predicate>
      <place>Kare</place>
      <predplace>endedAt Kare</predplace>
      <ts>2013-03-30T03:37:57Z</ts>
      <source>
        <name>USA Today</name>
        <ts>2020-02-28T03:24:53Z</ts>
        <createdBy>Danita Penddreth</createdBy>
        <approvedBy>Ferdy Morpeth</approvedBy>
      </source>
    </activity>
    <activity>
      <predicate>transferredTo</predicate>
      <place>Oodoo</place>
      <predplace>transferredTo Oodoo</predplace>
      <ts>2017-03-14T18:22:34Z</ts>
      <source>
        <name>New York Times</name>
        <ts>2021-01-11T22:02:07Z</ts>
        <createdBy>Muriel Uzielli</createdBy>
        <approvedBy>Claretta Katz</approvedBy>
      </source>
    </activity>
    <activity>
      <predicate>movedTo</predicate>
      <place>Zooveo</place>
      <predplace>movedTo Zooveo</predplace>
      <ts>2015-10-31T19:46:19Z</ts>
      <source>
        <name>Chicago Tribune</name>
        <ts>2021-05-07T03:31:04Z</ts>
        <createdBy>Tyne Trevers</createdBy>
        <approvedBy>Morley Poynor</approvedBy>
      </source>
    </activity>
  </activities>
  <events>
    <event>
      <predicate>visited</predicate>
      <place>China</place>
      <predplace>visited China</predplace>
      <end>2018-10-11T07:09:05Z</end>
      <start>2014-12-10T20:27:44Z</start>
    </event>
  </events>
  <actions>
    <action>
      <url>http://twitpic.com</url>
      <icon>faCog</icon>
    </action>
    <action>
      <url>https://wordpress.com</url>
      <icon>faCode</icon>
    </action>
    <action>
      <url>http://house.gov</url>
      <icon>faSync</icon>
    </action>
  </actions>
</person>