<?xml version="1.0" encoding="UTF-8" standalone="yes"?>
<person>
  <personId>10081</personId>
  <nameGroup>
    <givenname>
      <value>George</value>
    </givenname>
    <surname>
      <value>Foad</value>
    </surname>
    <fullname>
      <classification>U</classification>
      <restricted>false</restricted>
      <value>George Foad </value>
      <source>
        <name>New York Times</name>
        <ts>2016-09-11T11:41:10Z</ts>
      </source>
    </fullname>
  </nameGroup>
  <emails>
    <email>
      <value>ltreadaway0@discuz.net</value>
      <classification>U</classification>
      <restricted>false</restricted>
    </email>
    <email>
      <value>ddudney1@europa.eu</value>
      <classification>C</classification>
      <restricted>false</restricted>
    </email>
  </emails>
  <phone>802-629-6463</phone>
  <contacts>
    <contact>
      <type>phone</type>
      <value>664-693-1374</value>
    </contact>
    <contact>
      <type>email</type>
      <value>hjurgen1@wisc.edu</value>
    </contact>
    <contact>
      <type>phone</type>
      <value>643-902-2278</value>
    </contact>
  </contacts>
  <ssn>
    <value>393-09-1856</value>
    <classification>(S)</classification>
  </ssn>
  <images>
    <image>
      <url>/images/persons/person-03.jpg</url>
      <source>
        <name>Chicago Tribune</name>
        <ts>2017-01-19T11:14:38Z</ts>
        <uploadedBy>adrummond0</uploadedBy>
      </source>
    </image>
  </images>
  <addresses>
    <address>
      <street>7796 Duke Lane</street>
      <city>Fargo</city>
      <state>ND</state>
      <postal>58122</postal>
      <country>United States</country>
      <latitude>46.9346</latitude>
      <longitude>-97.2297</longitude>
    </address>
  </addresses>
  <schools>
    <school>
      <country>United States</country>
      <name>Northeastern University</name>
      <city>Washington</city>
      <state>DC</state>
      <postal>20022</postal>
      <latitude>38.9187037</latitude>
      <longitude>-76.9611991</longitude>
      <source>
        <name>USA Today</name>
        <ts>2016-07-27T08:46:00Z</ts>
      </source>
      <source>
        <name>New York Times</name>
        <ts>2017-02-24T14:13:03Z</ts>
      </source>
    </school>
    <school>
      <country>United States</country>
      <name>University of Texas of the Permian Basin</name>
      <city>Baltimore</city>
      <state>MD</state>
      <postal>21216</postal>
      <latitude>39.3096984</latitude>
      <longitude>-76.6701475</longitude>
      <source>
        <name>USA Today</name>
        <ts>2015-08-24T08:29:55Z</ts>
      </source>
      <source>
        <name>New York Times</name>
        <ts>2020-08-30T19:11:14Z</ts>
      </source>
      <source>
        <name>Chicago Tribune</name>
        <ts>2011-10-10T08:25:54Z</ts>
      </source>
    </school>
  </schools>
  <status>Inactive</status>
  <sources>
    <source>
      <name>USA Today</name>
      <ts>2015-07-19T05:56:48Z</ts>
    </source>
  </sources>
  <sources>
    <source>
      <name>Los Angeles Times</name>
      <ts>2013-05-16T10:20:34Z</ts>
    </source>
  </sources>
  <relations>
    <relation>
      <id>/person/10054.xml</id>
      <predicate>relatedTo</predicate>
      <imageSrc>/images/persons/person-03.jpg</imageSrc>
      <fullname>Amargo Hicklingbottom </fullname>
      <city>Kansas City</city>
      <state>MO</state>
    </relation>
    <relation>
      <id>/person/10064.xml</id>
      <predicate>livesWith</predicate>
      <imageSrc>/images/persons/person-09.jpg</imageSrc>
      <fullname>Quintina Gower </fullname>
      <city>Davenport</city>
      <state>IA</state>
    </relation>
    <relation>
      <id>/person/10040.xml</id>
      <predicate>relatedTo</predicate>
      <imageSrc>/images/persons/person-05.jpg</imageSrc>
      <fullname>Lib Yurocjkin </fullname>
      <city>Nashville</city>
      <state>TN</state>
    </relation>
  </relations>
  <createdOn>
    <ts>2022-01-21T18:21:56Z</ts>
    <user>gfoad28</user>
  </createdOn>
  <lastUpdated>
    <ts>2022-01-29T05:46:09Z</ts>
    <user>gfoad28</user>
  </lastUpdated>
  <socials>
    <social>
      <site>facebook</site>
      <handle>bferrino0</handle>
      <address>https://nature.com/nec/euismod/scelerisque/quam.xml</address>
    </social>
    <social>
      <site>twitter</site>
      <handle>eshera1</handle>
      <address>https://cnn.com/etiam/vel/augue/vestibulum/rutrum/rutrum/neque.html</address>
    </social>
    <social>
      <site>twitter</site>
      <handle>fkob2</handle>
      <address>https://shop-pro.jp/nec/condimentum/neque/sapien/placerat.jsp</address>
    </social>
  </socials>
  <memberships>
    <membership>
      <list>list3</list>
      <important>true</important>
      <ts>2022-02-13</ts>
    </membership>
    <membership>
      <list>list5</list>
      <important>false</important>
      <ts>2022-01-13</ts>
    </membership>
    <membership>
      <list>list7</list>
      <important>true</important>
      <ts>2022-02-24</ts>
    </membership>
    <membership>
      <list>list5</list>
      <important>true</important>
      <ts>2022-01-02</ts>
    </membership>
    <membership>
      <list>list11</list>
      <important>false</important>
      <ts>2022-01-04</ts>
    </membership>
  </memberships>
  <links>
    <link>
      <label>Quick View</label>
      <url>http://smugmug.com</url>
      <icon>faEye</icon>
    </link>
    <link>
      <label>Nomination History</label>
      <url>http://xing.com</url>
      <icon>faMedal</icon>
    </link>
    <link>
      <label>Comments</label>
      <url>http://howstuffworks.com</url>
      <icon>faComments</icon>
    </link>
  </links>
  <activities>
    <activity>
      <predicate>endedAt</predicate>
      <place>Topiclounge</place>
      <predplace>endedAt Topiclounge</predplace>
      <ts>2016-03-17T02:25:11Z</ts>
      <source>
        <name>USA Today</name>
        <ts>2021-03-14T00:44:10Z</ts>
        <createdBy>Cherie Bernaldez</createdBy>
        <approvedBy>Kerrie Jacobs</approvedBy>
      </source>
    </activity>
    <activity>
      <predicate>movedTo</predicate>
      <place>Livepath</place>
      <predplace>movedTo Livepath</predplace>
      <ts>2018-10-30T05:18:32Z</ts>
      <source>
        <name>New York Times</name>
        <ts>2020-01-11T09:30:17Z</ts>
        <createdBy>Jelene Portchmouth</createdBy>
        <approvedBy>Sisile Tousey</approvedBy>
      </source>
    </activity>
    <activity>
      <predicate>transferredTo</predicate>
      <place>Eazzy</place>
      <predplace>transferredTo Eazzy</predplace>
      <ts>2013-03-21T10:48:59Z</ts>
      <source>
        <name>Chicago Tribune</name>
        <ts>2020-04-12T20:08:06Z</ts>
        <createdBy>Claudette Bethune</createdBy>
        <approvedBy>Nickie Dumbare</approvedBy>
      </source>
    </activity>
    <activity>
      <predicate>transferredTo</predicate>
      <place>Rhyloo</place>
      <predplace>transferredTo Rhyloo</predplace>
      <ts>2012-02-29T11:27:31Z</ts>
      <source>
        <name>Los Angeles Times</name>
        <ts>2021-03-27T23:20:12Z</ts>
        <createdBy>Eba Trowsdale</createdBy>
        <approvedBy>Marylee Dawkes</approvedBy>
      </source>
    </activity>
    <activity>
      <predicate>endedAt</predicate>
      <place>Browsecat</place>
      <predplace>endedAt Browsecat</predplace>
      <ts>2019-06-11T04:49:37Z</ts>
      <source>
        <name>Wall Street Journal</name>
        <ts>2021-06-29T05:32:57Z</ts>
        <createdBy>Marleah Lazenby</createdBy>
        <approvedBy>Peder Danbrook</approvedBy>
      </source>
    </activity>
  </activities>
  <events>
    <event>
      <predicate>visited</predicate>
      <place>Mongolia</place>
      <predplace>visited Mongolia</predplace>
      <end>2017-03-22T02:29:34Z</end>
      <start>2016-01-28T14:33:38Z</start>
    </event>
  </events>
  <actions>
    <action>
      <url>https://huffingtonpost.com</url>
      <icon>faCog</icon>
    </action>
    <action>
      <url>http://vkontakte.ru</url>
      <icon>faCode</icon>
    </action>
    <action>
      <url>https://gravatar.com</url>
      <icon>faSync</icon>
    </action>
  </actions>
</person>