<?xml version="1.0" encoding="UTF-8" standalone="yes"?>
<person>
  <personId>10082</personId>
  <nameGroup>
    <givenname>
      <value>Wenona</value>
    </givenname>
    <surname>
      <value>Gyver</value>
    </surname>
    <fullname>
      <classification>S</classification>
      <restricted>true</restricted>
      <value>Wenona Gyver </value>
      <source>
        <name>Wall Street Journal</name>
        <ts>2016-12-04T06:46:21Z</ts>
      </source>
      <source>
        <name>Wall Street Journal</name>
        <ts>2017-11-27T22:38:17Z</ts>
      </source>
    </fullname>
  </nameGroup>
  <emails>
    <email>
      <value>jedgson0@deliciousdays.com</value>
      <classification>S</classification>
      <restricted>false</restricted>
    </email>
  </emails>
  <phone>191-640-9992</phone>
  <contacts>
    <contact>
      <type>phone</type>
      <value>253-272-5002</value>
    </contact>
    <contact>
      <type>phone</type>
      <value>298-160-8294</value>
    </contact>
    <contact>
      <type>email</type>
      <value>cturtle2@cargocollective.com</value>
    </contact>
  </contacts>
  <ssn>
    <value>512-36-0298</value>
    <classification>(S)</classification>
  </ssn>
  <images>
    <image>
      <url>/images/persons/person-01.jpg</url>
      <source>
        <name>USA Today</name>
        <ts>2020-06-12T11:38:25Z</ts>
        <uploadedBy>sstapele0</uploadedBy>
      </source>
    </image>
    <image>
      <url>/images/persons/person-03.jpg</url>
      <source>
        <name>Washington Post</name>
        <ts>2020-11-06T01:30:02Z</ts>
        <uploadedBy>acuer0</uploadedBy>
      </source>
    </image>
  </images>
  <addresses>
    <address>
      <street>862 Debs Drive</street>
      <city>Naples</city>
      <state>FL</state>
      <postal>34108</postal>
      <country>United States</country>
      <latitude>26.2416</latitude>
      <longitude>-81.8071</longitude>
    </address>
  </addresses>
  <schools>
    <school>
      <country>Mexico</country>
      <name>Universidad de Colima</name>
      <city>Nicolas Bravo</city>
      <state>GRO</state>
      <postal>40030</postal>
      <latitude>19.453837</latitude>
      <longitude>-99.1227878</longitude>
      <source>
        <name>USA Today</name>
        <ts>2021-08-25T02:50:41Z</ts>
      </source>
      <source>
        <name>New York Times</name>
        <ts>2017-01-28T04:45:22Z</ts>
      </source>
      <source>
        <name>Chicago Tribune</name>
        <ts>2012-11-13T16:40:55Z</ts>
      </source>
    </school>
  </schools>
  <status>Inactive</status>
  <sources>
    <source>
      <name>New York Times</name>
      <ts>2020-08-26T21:03:29Z</ts>
    </source>
  </sources>
  <sources>
    <source>
      <name>Wall Street Journal</name>
      <ts>2018-06-23T18:32:02Z</ts>
    </source>
  </sources>
  <relations>
    <relation>
      <id>/person/10021.xml</id>
      <predicate>livesWith</predicate>
      <imageSrc>/images/persons/person-07.jpg</imageSrc>
      <fullname>Harman Doud </fullname>
      <city>Lexington</city>
      <state>KY</state>
    </relation>
    <relation>
      <id>/person/10035.xml</id>
      <predicate>livesWith</predicate>
      <imageSrc>/images/persons/person-06.jpg</imageSrc>
      <fullname>Larisa Keneford </fullname>
      <city>Boston</city>
      <state>MA</state>
    </relation>
    <relation>
      <id>/person/10062.xml</id>
      <predicate>relatedTo</predicate>
      <imageSrc>/images/persons/person-05.jpg</imageSrc>
      <fullname>Rem Spolton </fullname>
      <city>Philadelphia</city>
      <state>PA</state>
    </relation>
  </relations>
  <createdOn>
    <ts>2022-02-03T18:19:50Z</ts>
    <user>wgyver29</user>
  </createdOn>
  <lastUpdated>
    <ts>2022-01-02T11:03:29Z</ts>
    <user>wgyver29</user>
  </lastUpdated>
  <socials/>
  <memberships/>
  <links>
    <link>
      <label>Quick View</label>
      <url>http://mapy.cz</url>
      <icon>faEye</icon>
    </link>
    <link>
      <label>Nomination History</label>
      <url>https://zimbio.com</url>
      <icon>faMedal</icon>
    </link>
    <link>
      <label>Comments</label>
      <url>http://tripadvisor.com</url>
      <icon>faComments</icon>
    </link>
  </links>
  <activities>
    <activity>
      <predicate>movedTo</predicate>
      <place>Eadel</place>
      <predplace>movedTo Eadel</predplace>
      <ts>2018-03-16T23:29:12Z</ts>
      <source>
        <name>USA Today</name>
        <ts>2021-04-25T17:49:01Z</ts>
        <createdBy>Cecelia Blumsom</createdBy>
        <approvedBy>Burnard Twells</approvedBy>
      </source>
    </activity>
    <activity>
      <predicate>transferredTo</predicate>
      <place>Babbleset</place>
      <predplace>transferredTo Babbleset</predplace>
      <ts>2017-08-20T16:30:29Z</ts>
      <source>
        <name>New York Times</name>
        <ts>2021-03-16T15:28:16Z</ts>
        <createdBy>Glennis Varcoe</createdBy>
        <approvedBy>Clementia Snepp</approvedBy>
      </source>
    </activity>
    <activity>
      <predicate>startedAt</predicate>
      <place>Mybuzz</place>
      <predplace>startedAt Mybuzz</predplace>
      <ts>2018-02-12T03:50:14Z</ts>
      <source>
        <name>Chicago Tribune</name>
        <ts>2021-12-11T17:44:20Z</ts>
        <createdBy>Rivalee Housbie</createdBy>
        <approvedBy>Laurena Browncey</approvedBy>
      </source>
    </activity>
    <activity>
      <predicate>movedTo</predicate>
      <place>Thoughtblab</place>
      <predplace>movedTo Thoughtblab</predplace>
      <ts>2015-08-17T17:41:56Z</ts>
      <source>
        <name>Los Angeles Times</name>
        <ts>2020-07-04T14:17:27Z</ts>
        <createdBy>Julissa McPhelimy</createdBy>
        <approvedBy>Revkah Beyn</approvedBy>
      </source>
    </activity>
    <activity>
      <predicate>startedAt</predicate>
      <place>Aibox</place>
      <predplace>startedAt Aibox</predplace>
      <ts>2017-03-29T14:13:18Z</ts>
      <source>
        <name>Wall Street Journal</name>
        <ts>2020-12-20T14:20:46Z</ts>
        <createdBy>Gates Vyse</createdBy>
        <approvedBy>Hillery Lethlay</approvedBy>
      </source>
    </activity>
  </activities>
  <events>
    <event>
      <predicate>visited</predicate>
      <place>Indonesia</place>
      <predplace>visited Indonesia</predplace>
      <end>2018-01-25T18:53:16Z</end>
      <start>2014-05-29T09:56:52Z</start>
    </event>
  </events>
  <actions>
    <action>
      <url>https://ftc.gov</url>
      <icon>faCog</icon>
    </action>
    <action>
      <url>https://mozilla.com</url>
      <icon>faCode</icon>
    </action>
    <action>
      <url>https://java.com</url>
      <icon>faSync</icon>
    </action>
  </actions>
</person>