<?xml version="1.0" encoding="UTF-8" standalone="yes"?>
<person>
  <personId>10099</personId>
  <nameGroup>
    <givenname>
      <value>Chloe</value>
    </givenname>
    <surname>
      <value>Seale</value>
    </surname>
    <fullname>
      <classification>C</classification>
      <restricted>true</restricted>
      <value>Chloe Seale </value>
      <source>
        <name>USA Today</name>
        <ts>2021-10-11T03:19:16Z</ts>
      </source>
    </fullname>
  </nameGroup>
  <emails>
    <email>
      <value>etamblyn0@vk.com</value>
      <classification>C</classification>
      <restricted>false</restricted>
    </email>
    <email>
      <value>akermannes1@umich.edu</value>
      <classification>S</classification>
      <restricted>false</restricted>
    </email>
  </emails>
  <phone>185-658-3183</phone>
  <contacts>
    <contact>
      <type>phone</type>
      <value>850-367-6237</value>
    </contact>
    <contact>
      <type>email</type>
      <value>mcosley1@europa.eu</value>
    </contact>
    <contact>
      <type>phone</type>
      <value>423-355-0807</value>
    </contact>
  </contacts>
  <ssn>
    <value>584-31-7218</value>
    <classification>(S)</classification>
  </ssn>
  <images>
    <image>
      <url>/images/persons/person-03.jpg</url>
      <source>
        <name>Washington Post</name>
        <ts>2015-02-17T18:03:24Z</ts>
        <uploadedBy>khorwell0</uploadedBy>
      </source>
    </image>
    <image>
      <url>/images/persons/person-07.jpg</url>
      <source>
        <name>New York Times</name>
        <ts>2010-09-15T12:33:21Z</ts>
        <uploadedBy>jdobney0</uploadedBy>
      </source>
    </image>
    <image>
      <url>/images/persons/person-02.jpg</url>
      <source>
        <name>Chicago Tribune</name>
        <ts>2014-07-21T20:53:57Z</ts>
        <uploadedBy/>
      </source>
    </image>
    <image>
      <url>/images/persons/person-05.jpg</url>
      <source>
        <name>Los Angeles Times</name>
        <ts>2010-12-30T01:39:32Z</ts>
        <uploadedBy>mbarradell0</uploadedBy>
      </source>
    </image>
  </images>
  <addresses>
    <address>
      <street>1380 Tomscot Crossing</street>
      <city>Cincinnati</city>
      <state>OH</state>
      <postal>45243</postal>
      <country>United States</country>
      <latitude>39.1848</latitude>
      <longitude>-84.3448</longitude>
    </address>
    <address>
      <street>01122 Oxford Junction</street>
      <city>Punta Gorda</city>
      <state>FL</state>
      <postal>33982</postal>
      <country>United States</country>
      <latitude>26.9668</latitude>
      <longitude>-81.9545</longitude>
    </address>
    <address>
      <street>6433 Mockingbird Parkway</street>
      <city>Los Angeles</city>
      <state>CA</state>
      <postal>90087</postal>
      <country>United States</country>
      <latitude>33.7866</latitude>
      <longitude>-118.2987</longitude>
    </address>
  </addresses>
  <schools>
    <school>
      <country>United States</country>
      <name>Virginia State University</name>
      <city>Montgomery</city>
      <state>AL</state>
      <postal>36109</postal>
      <latitude>32.3855324</latitude>
      <longitude>-86.2514126</longitude>
      <source>
        <name>USA Today</name>
        <ts>2011-02-21T01:33:12Z</ts>
      </source>
    </school>
  </schools>
  <status>Active</status>
  <sources>
    <source>
      <name>Chicago Tribune</name>
      <ts>2014-01-02T16:59:13Z</ts>
    </source>
  </sources>
  <sources>
    <source>
      <name>Chicago Tribune</name>
      <ts>2012-04-13T03:29:31Z</ts>
    </source>
  </sources>
  <sources>
    <source>
      <name>Los Angeles Times</name>
      <ts>2011-01-03T03:38:14Z</ts>
    </source>
  </sources>
  <relations>
    <relation>
      <id>/person/10087.xml</id>
      <predicate>worksWith</predicate>
      <imageSrc>/images/persons/person-07.jpg</imageSrc>
      <fullname>Carlyle Dowker </fullname>
      <city>Memphis</city>
      <state>TN</state>
    </relation>
    <relation>
      <id>/person/10043.xml</id>
      <predicate>relatedTo</predicate>
      <imageSrc>/images/persons/person-09.jpg</imageSrc>
      <fullname>Jannel Priddey </fullname>
      <city>Tacoma</city>
      <state>WA</state>
    </relation>
  </relations>
  <createdOn>
    <ts>2022-02-01T02:30:16Z</ts>
    <user>cseale2q</user>
  </createdOn>
  <lastUpdated>
    <ts>2022-02-18T23:00:40Z</ts>
    <user>cseale2q</user>
  </lastUpdated>
  <socials>
    <social>
      <site>twitter</site>
      <handle>crosendale0</handle>
      <address>http://github.io/nec/sem/duis.png</address>
    </social>
    <social>
      <site>linkedin</site>
      <handle>vpfaff1</handle>
      <address>https://webeden.co.uk/non/mauris/morbi/non/lectus.xml</address>
    </social>
  </socials>
  <memberships/>
  <links>
    <link>
      <label>Quick View</label>
      <url>https://miibeian.gov.cn</url>
      <icon>faEye</icon>
    </link>
    <link>
      <label>Nomination History</label>
      <url>http://pagesperso-orange.fr</url>
      <icon>faMedal</icon>
    </link>
    <link>
      <label>Comments</label>
      <url>https://arizona.edu</url>
      <icon>faComments</icon>
    </link>
  </links>
  <activities>
    <activity>
      <predicate>startedAt</predicate>
      <place>Cogidoo</place>
      <predplace>startedAt Cogidoo</predplace>
      <ts>2018-05-17T06:34:37Z</ts>
      <source>
        <name>USA Today</name>
        <ts>2021-04-12T21:24:26Z</ts>
        <createdBy>Roscoe Lacotte</createdBy>
        <approvedBy>Courtenay Marling</approvedBy>
      </source>
    </activity>
    <activity>
      <predicate>startedAt</predicate>
      <place>Yozio</place>
      <predplace>startedAt Yozio</predplace>
      <ts>2013-07-29T19:34:48Z</ts>
      <source>
        <name>New York Times</name>
        <ts>2020-08-05T07:47:44Z</ts>
        <createdBy>Gardener Brockelsby</createdBy>
        <approvedBy>Harris Blaxeland</approvedBy>
      </source>
    </activity>
    <activity>
      <predicate>movedTo</predicate>
      <place>Browsebug</place>
      <predplace>movedTo Browsebug</predplace>
      <ts>2013-10-20T07:04:17Z</ts>
      <source>
        <name>Chicago Tribune</name>
        <ts>2021-11-15T20:11:00Z</ts>
        <createdBy>Broddie Sollitt</createdBy>
        <approvedBy>Darrell Aubery</approvedBy>
      </source>
    </activity>
    <activity>
      <predicate>transferredTo</predicate>
      <place>Roomm</place>
      <predplace>transferredTo Roomm</predplace>
      <ts>2017-09-14T14:29:52Z</ts>
      <source>
        <name>Los Angeles Times</name>
        <ts>2021-01-17T09:41:20Z</ts>
        <createdBy>Othelia Licas</createdBy>
        <approvedBy>Ingar Ashwood</approvedBy>
      </source>
    </activity>
    <activity>
      <predicate>transferredTo</predicate>
      <place>Browseblab</place>
      <predplace>transferredTo Browseblab</predplace>
      <ts>2017-05-14T05:23:43Z</ts>
      <source>
        <name>Wall Street Journal</name>
        <ts>2020-09-13T03:35:58Z</ts>
        <createdBy>Peyter Gianolini</createdBy>
        <approvedBy>Glyn Michallat</approvedBy>
      </source>
    </activity>
  </activities>
  <events>
    <event>
      <predicate>livedIn</predicate>
      <place>France</place>
      <predplace>livedIn France</predplace>
      <end>2017-05-13T05:02:49Z</end>
      <start>2015-03-23T14:19:05Z</start>
    </event>
  </events>
  <actions>
    <action>
      <url>https://sfgate.com</url>
      <icon>faCog</icon>
    </action>
    <action>
      <url>https://shutterfly.com</url>
      <icon>faCode</icon>
    </action>
    <action>
      <url>https://unblog.fr</url>
      <icon>faSync</icon>
    </action>
  </actions>
</person>