<?xml version="1.0" encoding="UTF-8" standalone="yes"?>
<person>
  <personId>10090</personId>
  <nameGroup>
    <givenname>
      <value>Krishnah</value>
    </givenname>
    <surname>
      <value>Winslade</value>
    </surname>
    <fullname>
      <classification>U</classification>
      <restricted>true</restricted>
      <value>Krishnah Winslade </value>
      <source>
        <name>Los Angeles Times</name>
        <ts>2011-09-07T04:06:43Z</ts>
      </source>
    </fullname>
  </nameGroup>
  <emails>
    <email>
      <value>tsaben0@infoseek.co.jp</value>
      <classification>C</classification>
      <restricted>false</restricted>
    </email>
  </emails>
  <phone>672-495-7604</phone>
  <contacts>
    <contact>
      <type>email</type>
      <value>kscourfield0@ox.ac.uk</value>
    </contact>
    <contact>
      <type>phone</type>
      <value>135-332-0444</value>
    </contact>
    <contact>
      <type>email</type>
      <value>ddoutch2@creativecommons.org</value>
    </contact>
  </contacts>
  <ssn>
    <value>896-50-5661</value>
    <classification>(S)</classification>
  </ssn>
  <images>
    <image>
      <url>/images/persons/person-04.jpg</url>
      <source>
        <name>New York Times</name>
        <ts>2015-07-12T19:59:10Z</ts>
        <uploadedBy>gtombling0</uploadedBy>
      </source>
    </image>
    <image>
      <url>/images/persons/person-05.jpg</url>
      <source>
        <name>Wall Street Journal</name>
        <ts>2015-09-17T17:07:31Z</ts>
        <uploadedBy/>
      </source>
    </image>
    <image>
      <url>/images/persons/person-06.jpg</url>
      <source>
        <name>New York Times</name>
        <ts>2016-10-27T10:46:03Z</ts>
        <uploadedBy>erudkin0</uploadedBy>
      </source>
    </image>
  </images>
  <addresses>
    <address>
      <street>5 3rd Point</street>
      <city>Minneapolis</city>
      <state>MN</state>
      <postal>55436</postal>
      <country>United States</country>
      <latitude>44.9034</latitude>
      <longitude>-93.374</longitude>
    </address>
    <address>
      <street>8 Vermont Drive</street>
      <city>Knoxville</city>
      <state>TN</state>
      <postal>37919</postal>
      <country>United States</country>
      <latitude>35.9244</latitude>
      <longitude>-84.0015</longitude>
    </address>
  </addresses>
  <schools>
    <school>
      <country>United States</country>
      <name>Humphreys College</name>
      <city>Houston</city>
      <state>TX</state>
      <postal>77260</postal>
      <latitude>32.9536923</latitude>
      <longitude>-96.816156</longitude>
      <source>
        <name>USA Today</name>
        <ts>2010-11-29T06:41:32Z</ts>
      </source>
      <source>
        <name>New York Times</name>
        <ts>2021-07-21T06:40:52Z</ts>
      </source>
      <source>
        <name>Chicago Tribune</name>
        <ts>2012-08-18T06:06:27Z</ts>
      </source>
    </school>
    <school>
      <country>Canada</country>
      <name>Télé-université, Université du Québec</name>
      <city>Irricana</city>
      <state>AB</state>
      <postal>B3T</postal>
      <latitude>51.32372</latitude>
      <longitude>-113.60475</longitude>
      <source>
        <name>USA Today</name>
        <ts>2020-01-30T03:02:54Z</ts>
      </source>
      <source>
        <name>New York Times</name>
        <ts>2010-12-24T22:58:40Z</ts>
      </source>
      <source>
        <name>Chicago Tribune</name>
        <ts>2019-10-19T06:33:55Z</ts>
      </source>
    </school>
  </schools>
  <status>Inactive</status>
  <sources>
    <source>
      <name>USA Today</name>
      <ts>2017-11-03T21:00:13Z</ts>
    </source>
  </sources>
  <relations>
    <relation>
      <id>/person/10038.xml</id>
      <predicate>livesWith</predicate>
      <imageSrc>/images/persons/person-10.jpg</imageSrc>
      <fullname>Abie O'Shaughnessy </fullname>
      <city>Santa Monica</city>
      <state>CA</state>
    </relation>
    <relation>
      <id>/person/10056.xml</id>
      <predicate>worksWith</predicate>
      <imageSrc>/images/persons/person-04.jpg</imageSrc>
      <fullname>Arnold Besemer </fullname>
      <city>Durham</city>
      <state>NC</state>
    </relation>
    <relation>
      <id>/person/10003.xml</id>
      <predicate>relatedTo</predicate>
      <imageSrc>/images/persons/person-03.jpg</imageSrc>
      <fullname>Gram Guillou </fullname>
      <city>Buffalo</city>
      <state>NY</state>
    </relation>
    <relation>
      <id>/person/10072.xml</id>
      <predicate>relatedTo</predicate>
      <imageSrc>/images/persons/person-02.jpg</imageSrc>
      <fullname>Garrek Franzewitch </fullname>
      <city>Salt Lake City</city>
      <state>UT</state>
    </relation>
  </relations>
  <createdOn>
    <ts>2022-02-13T10:48:54Z</ts>
    <user>kwinslade2h</user>
  </createdOn>
  <lastUpdated>
    <ts>2022-02-14T08:17:38Z</ts>
    <user>kwinslade2h</user>
  </lastUpdated>
  <socials>
    <social>
      <site>linkedin</site>
      <handle>rdael0</handle>
      <address>https://nasa.gov/nisl/duis/bibendum/felis/sed.png</address>
    </social>
  </socials>
  <memberships>
    <membership>
      <list>list8</list>
      <important>false</important>
      <ts>2022-02-16</ts>
    </membership>
    <membership>
      <list>list3</list>
      <important>false</important>
      <ts>2022-01-25</ts>
    </membership>
  </memberships>
  <links>
    <link>
      <label>Quick View</label>
      <url>https://google.com.au</url>
      <icon>faEye</icon>
    </link>
    <link>
      <label>Nomination History</label>
      <url>https://webs.com</url>
      <icon>faMedal</icon>
    </link>
    <link>
      <label>Comments</label>
      <url>http://wikia.com</url>
      <icon>faComments</icon>
    </link>
  </links>
  <activities>
    <activity>
      <predicate>startedAt</predicate>
      <place>Podcat</place>
      <predplace>startedAt Podcat</predplace>
      <ts>2018-09-12T03:50:21Z</ts>
      <source>
        <name>USA Today</name>
        <ts>2021-12-27T06:04:23Z</ts>
        <createdBy>Jamie Nannetti</createdBy>
        <approvedBy>Reube Swadden</approvedBy>
      </source>
    </activity>
    <activity>
      <predicate>movedTo</predicate>
      <place>Innojam</place>
      <predplace>movedTo Innojam</predplace>
      <ts>2015-03-24T23:11:14Z</ts>
      <source>
        <name>New York Times</name>
        <ts>2021-06-25T20:21:33Z</ts>
        <createdBy>Tamma Raspin</createdBy>
        <approvedBy>Hughie Hamblett</approvedBy>
      </source>
    </activity>
    <activity>
      <predicate>endedAt</predicate>
      <place>Miboo</place>
      <predplace>endedAt Miboo</predplace>
      <ts>2014-06-20T10:37:13Z</ts>
      <source>
        <name>Chicago Tribune</name>
        <ts>2020-02-24T04:44:32Z</ts>
        <createdBy>Prince Sreenan</createdBy>
        <approvedBy>Benjy Hawkey</approvedBy>
      </source>
    </activity>
  </activities>
  <events>
    <event>
      <predicate>servedIn</predicate>
      <place>Moldova</place>
      <predplace>servedIn Moldova</predplace>
      <end>2018-06-19T19:23:51Z</end>
      <start>2014-10-11T15:36:22Z</start>
    </event>
  </events>
  <actions>
    <action>
      <url>http://dion.ne.jp</url>
      <icon>faCog</icon>
    </action>
    <action>
      <url>http://ibm.com</url>
      <icon>faCode</icon>
    </action>
    <action>
      <url>https://state.tx.us</url>
      <icon>faSync</icon>
    </action>
  </actions>
</person>