<?xml version="1.0" encoding="UTF-8" standalone="yes"?>
<person>
  <personId>10092</personId>
  <nameGroup>
    <givenname>
      <value>Sharon</value>
    </givenname>
    <surname>
      <value>Forster</value>
    </surname>
    <fullname>
      <classification>C</classification>
      <restricted>false</restricted>
      <value>Sharon Forster </value>
      <source>
        <name>Washington Post</name>
        <ts>2016-02-09T06:30:54Z</ts>
      </source>
      <source>
        <name>Wall Street Journal</name>
        <ts>2017-05-13T20:44:05Z</ts>
      </source>
      <source>
        <name>Washington Post</name>
        <ts>2019-01-21T05:32:10Z</ts>
      </source>
    </fullname>
  </nameGroup>
  <emails>
    <email>
      <value>estailey0@whitehouse.gov</value>
      <classification>C</classification>
      <restricted>false</restricted>
    </email>
    <email>
      <value>bfishburn1@t-online.de</value>
      <classification>C</classification>
      <restricted>false</restricted>
    </email>
    <email>
      <value>sbettis2@moonfruit.com</value>
      <classification>U</classification>
      <restricted>false</restricted>
    </email>
  </emails>
  <phone>954-178-5449</phone>
  <contacts>
    <contact>
      <type>phone</type>
      <value>303-854-1477</value>
    </contact>
    <contact>
      <type>email</type>
      <value>gryson1@tripadvisor.com</value>
    </contact>
    <contact>
      <type>phone</type>
      <value>997-175-6135</value>
    </contact>
  </contacts>
  <ssn>
    <value>617-34-0647</value>
    <classification>(S)</classification>
  </ssn>
  <images>
    <image>
      <url>/images/persons/person-07.jpg</url>
      <source>
        <name>Los Angeles Times</name>
        <ts>2011-01-15T05:04:31Z</ts>
        <uploadedBy>aandrini0</uploadedBy>
      </source>
    </image>
    <image>
      <url>/images/persons/person-09.jpg</url>
      <source>
        <name>Washington Post</name>
        <ts>2020-08-27T16:30:30Z</ts>
        <uploadedBy>rbletsoe0</uploadedBy>
      </source>
    </image>
    <image>
      <url>/images/persons/person-09.jpg</url>
      <source>
        <name>USA Today</name>
        <ts>2015-08-30T04:10:02Z</ts>
        <uploadedBy>ddrinkhall0</uploadedBy>
      </source>
    </image>
    <image>
      <url>/images/persons/person-02.jpg</url>
      <source>
        <name>New York Times</name>
        <ts>2019-01-08T08:14:52Z</ts>
        <uploadedBy>jreedyhough0</uploadedBy>
      </source>
    </image>
  </images>
  <addresses>
    <address>
      <street>52822 Bellgrove Pass</street>
      <city>Fort Lauderdale</city>
      <state>FL</state>
      <postal>33320</postal>
      <country>United States</country>
      <latitude>26.1625</latitude>
      <longitude>-80.2582</longitude>
    </address>
    <address>
      <street>97570 Elka Parkway</street>
      <city>Columbus</city>
      <state>OH</state>
      <postal>43268</postal>
      <country>United States</country>
      <latitude>39.969</latitude>
      <longitude>-83.0114</longitude>
    </address>
    <address>
      <street>2 Manley Junction</street>
      <city>Raleigh</city>
      <state>NC</state>
      <postal>27658</postal>
      <country>United States</country>
      <latitude>35.7977</latitude>
      <longitude>-78.6253</longitude>
    </address>
  </addresses>
  <schools>
    <school>
      <country>United States</country>
      <name>Bridgewater State College</name>
      <city>Omaha</city>
      <state>NE</state>
      <postal>68117</postal>
      <latitude>41.2101217</latitude>
      <longitude>-95.9991228</longitude>
      <source>
        <name>USA Today</name>
        <ts>2015-08-18T13:29:34Z</ts>
      </source>
      <source>
        <name>New York Times</name>
        <ts>2020-07-08T17:08:57Z</ts>
      </source>
    </school>
  </schools>
  <status>Active</status>
  <sources>
    <source>
      <name>Wall Street Journal</name>
      <ts>2014-10-04T06:13:25Z</ts>
    </source>
  </sources>
  <relations>
    <relation>
      <id>/person/10077.xml</id>
      <predicate>worksWith</predicate>
      <imageSrc>/images/persons/person-08.jpg</imageSrc>
      <fullname>Lay MacCorley </fullname>
      <city>Stockton</city>
      <state>CA</state>
    </relation>
    <relation>
      <id>/person/10060.xml</id>
      <predicate>relatedTo</predicate>
      <imageSrc>/images/persons/person-02.jpg</imageSrc>
      <fullname>Hilda Jahns </fullname>
      <city>San Jose</city>
      <state>CA</state>
    </relation>
  </relations>
  <createdOn>
    <ts>2022-01-16T11:07:44Z</ts>
    <user>sforster2j</user>
  </createdOn>
  <lastUpdated>
    <ts>2022-01-31T07:00:30Z</ts>
    <user>sforster2j</user>
  </lastUpdated>
  <socials>
    <social>
      <site>twitter</site>
      <handle>rlympenie0</handle>
      <address>https://360.cn/non/quam/nec/dui/luctus/rutrum/nulla.json</address>
    </social>
    <social>
      <site>linkedin</site>
      <handle>wkikke1</handle>
      <address>https://drupal.org/condimentum/neque/sapien/placerat/ante.jsp</address>
    </social>
  </socials>
  <memberships>
    <membership>
      <list>list7</list>
      <important>false</important>
      <ts>2022-02-09</ts>
    </membership>
    <membership>
      <list>list4</list>
      <important>true</important>
      <ts>2022-02-20</ts>
    </membership>
    <membership>
      <list>list5</list>
      <important>false</important>
      <ts>2022-01-17</ts>
    </membership>
    <membership>
      <list>list9</list>
      <important>false</important>
      <ts>2022-02-26</ts>
    </membership>
  </memberships>
  <links>
    <link>
      <label>Quick View</label>
      <url>https://trellian.com</url>
      <icon>faEye</icon>
    </link>
    <link>
      <label>Nomination History</label>
      <url>https://chron.com</url>
      <icon>faMedal</icon>
    </link>
    <link>
      <label>Comments</label>
      <url>http://google.pl</url>
      <icon>faComments</icon>
    </link>
  </links>
  <activities>
    <activity>
      <predicate>movedTo</predicate>
      <place>Brainverse</place>
      <predplace>movedTo Brainverse</predplace>
      <ts>2016-04-10T11:45:04Z</ts>
      <source>
        <name>USA Today</name>
        <ts>2021-03-23T21:16:15Z</ts>
        <createdBy>Uriah Vakhonin</createdBy>
        <approvedBy>Anita Scrivens</approvedBy>
      </source>
    </activity>
    <activity>
      <predicate>startedAt</predicate>
      <place>Tavu</place>
      <predplace>startedAt Tavu</predplace>
      <ts>2016-07-18T22:24:54Z</ts>
      <source>
        <name>New York Times</name>
        <ts>2022-02-02T13:38:21Z</ts>
        <createdBy>Beatrice Camus</createdBy>
        <approvedBy>Rivi Juan</approvedBy>
      </source>
    </activity>
    <activity>
      <predicate>startedAt</predicate>
      <place>Skynoodle</place>
      <predplace>startedAt Skynoodle</predplace>
      <ts>2015-03-24T07:41:46Z</ts>
      <source>
        <name>Chicago Tribune</name>
        <ts>2021-08-20T17:48:42Z</ts>
        <createdBy>Bernita Tregunna</createdBy>
        <approvedBy>Lara Corps</approvedBy>
      </source>
    </activity>
    <activity>
      <predicate>startedAt</predicate>
      <place>Devpoint</place>
      <predplace>startedAt Devpoint</predplace>
      <ts>2012-01-29T09:33:55Z</ts>
      <source>
        <name>Los Angeles Times</name>
        <ts>2020-03-22T08:15:23Z</ts>
        <createdBy>Ly Tynan</createdBy>
        <approvedBy>Nevsa Young</approvedBy>
      </source>
    </activity>
    <activity>
      <predicate>transferredTo</predicate>
      <place>Skivee</place>
      <predplace>transferredTo Skivee</predplace>
      <ts>2012-01-04T21:31:32Z</ts>
      <source>
        <name>Wall Street Journal</name>
        <ts>2021-09-29T18:06:19Z</ts>
        <createdBy>Ludwig Silburn</createdBy>
        <approvedBy>Verla Washington</approvedBy>
      </source>
    </activity>
  </activities>
  <events>
    <event>
      <predicate>livedIn</predicate>
      <place>Somalia</place>
      <predplace>livedIn Somalia</predplace>
      <end>2018-04-18T03:35:06Z</end>
      <start>2016-03-05T21:36:34Z</start>
    </event>
  </events>
  <actions>
    <action>
      <url>https://bravesites.com</url>
      <icon>faCog</icon>
    </action>
    <action>
      <url>http://cnn.com</url>
      <icon>faCode</icon>
    </action>
    <action>
      <url>https://usnews.com</url>
      <icon>faSync</icon>
    </action>
  </actions>
</person>