<?xml version="1.0" encoding="UTF-8" standalone="yes"?>
<person>
  <personId>10091</personId>
  <nameGroup>
    <givenname>
      <value>Nealy</value>
    </givenname>
    <surname>
      <value>Trevaskiss</value>
    </surname>
    <fullname>
      <classification>S</classification>
      <restricted>true</restricted>
      <value>Nealy Trevaskiss </value>
      <source>
        <name>Chicago Tribune</name>
        <ts>2011-06-01T03:51:42Z</ts>
      </source>
    </fullname>
  </nameGroup>
  <emails>
    <email>
      <value>gyosevitz0@tripod.com</value>
      <classification>U</classification>
      <restricted>false</restricted>
    </email>
  </emails>
  <phone>925-898-9006</phone>
  <contacts>
    <contact>
      <type>email</type>
      <value>rarthey0@ifeng.com</value>
    </contact>
    <contact>
      <type>email</type>
      <value>ggrzeszczyk1@wordpress.com</value>
    </contact>
    <contact>
      <type>phone</type>
      <value>965-614-4479</value>
    </contact>
  </contacts>
  <ssn>
    <value>883-65-5487</value>
    <classification>(S)</classification>
  </ssn>
  <images>
    <image>
      <url>/images/persons/person-09.jpg</url>
      <source>
        <name>Chicago Tribune</name>
        <ts>2019-07-29T22:22:00Z</ts>
        <uploadedBy>odeakin0</uploadedBy>
      </source>
    </image>
    <image>
      <url>/images/persons/person-03.jpg</url>
      <source>
        <name>New York Times</name>
        <ts>2020-09-22T12:42:29Z</ts>
        <uploadedBy>cbooley0</uploadedBy>
      </source>
    </image>
  </images>
  <addresses>
    <address>
      <street>24272 Carioca Street</street>
      <city>El Paso</city>
      <state>TX</state>
      <postal>79934</postal>
      <country>United States</country>
      <latitude>31.9386</latitude>
      <longitude>-106.4073</longitude>
    </address>
    <address>
      <street>283 2nd Center</street>
      <city>Mansfield</city>
      <state>OH</state>
      <postal>44905</postal>
      <country>United States</country>
      <latitude>40.7779</latitude>
      <longitude>-82.4613</longitude>
    </address>
    <address>
      <street>61975 Florence Crossing</street>
      <city>Meridian</city>
      <state>MS</state>
      <postal>39305</postal>
      <country>United States</country>
      <latitude>32.4401</latitude>
      <longitude>-88.6783</longitude>
    </address>
  </addresses>
  <schools>
    <school>
      <country>United States</country>
      <name>Pittsburg State University</name>
      <city>Philadelphia</city>
      <state>PA</state>
      <postal>19120</postal>
      <latitude>40.0380778</latitude>
      <longitude>-75.1136721</longitude>
      <source>
        <name>USA Today</name>
        <ts>2013-03-25T02:09:28Z</ts>
      </source>
      <source>
        <name>New York Times</name>
        <ts>2011-03-23T02:30:34Z</ts>
      </source>
      <source>
        <name>Chicago Tribune</name>
        <ts>2010-03-30T13:15:18Z</ts>
      </source>
    </school>
    <school>
      <country>Mexico</country>
      <name>Instituto de Estudios Superiores de la Sierra</name>
      <city>La Soledad</city>
      <state>OAX</state>
      <postal>70324</postal>
      <latitude>21.8756188</latitude>
      <longitude>-102.2848729</longitude>
      <source>
        <name>USA Today</name>
        <ts>2010-06-01T19:31:10Z</ts>
      </source>
    </school>
  </schools>
  <status>Inactive</status>
  <sources>
    <source>
      <name>Wall Street Journal</name>
      <ts>2013-05-26T01:08:07Z</ts>
    </source>
  </sources>
  <sources>
    <source>
      <name>New York Times</name>
      <ts>2014-02-15T22:58:51Z</ts>
    </source>
  </sources>
  <relations>
    <relation>
      <id>/person/10017.xml</id>
      <predicate>worksWith</predicate>
      <imageSrc>/images/persons/person-09.jpg</imageSrc>
      <fullname>Carlye Saxon </fullname>
      <city>Vancouver</city>
      <state>WA</state>
    </relation>
    <relation>
      <id>/person/10089.xml</id>
      <predicate>livesWith</predicate>
      <imageSrc>/images/persons/person-05.jpg</imageSrc>
      <fullname>Lurlene Lealle </fullname>
      <city>Detroit</city>
      <state>MI</state>
    </relation>
  </relations>
  <createdOn>
    <ts>2022-01-23T23:51:59Z</ts>
    <user>ntrevaskiss2i</user>
  </createdOn>
  <lastUpdated>
    <ts>2022-02-17T03:18:07Z</ts>
    <user>ntrevaskiss2i</user>
  </lastUpdated>
  <socials>
    <social>
      <site>linkedin</site>
      <handle>kdonner0</handle>
      <address>http://bing.com/auctor/gravida.jsp</address>
    </social>
  </socials>
  <memberships>
    <membership>
      <list>list3</list>
      <important>false</important>
      <ts>2022-01-26</ts>
    </membership>
    <membership>
      <list>list12</list>
      <important>true</important>
      <ts>2022-01-01</ts>
    </membership>
  </memberships>
  <links>
    <link>
      <label>Quick View</label>
      <url>https://nytimes.com</url>
      <icon>faEye</icon>
    </link>
    <link>
      <label>Nomination History</label>
      <url>https://bluehost.com</url>
      <icon>faMedal</icon>
    </link>
    <link>
      <label>Comments</label>
      <url>https://usda.gov</url>
      <icon>faComments</icon>
    </link>
  </links>
  <activities>
    <activity>
      <predicate>movedTo</predicate>
      <place>Oyoyo</place>
      <predplace>movedTo Oyoyo</predplace>
      <ts>2014-12-29T05:27:55Z</ts>
      <source>
        <name>USA Today</name>
        <ts>2021-11-20T02:43:34Z</ts>
        <createdBy>Georgine Rayhill</createdBy>
        <approvedBy>Leandra Daout</approvedBy>
      </source>
    </activity>
    <activity>
      <predicate>startedAt</predicate>
      <place>Skyble</place>
      <predplace>startedAt Skyble</predplace>
      <ts>2012-06-25T19:30:13Z</ts>
      <source>
        <name>New York Times</name>
        <ts>2021-07-29T11:05:25Z</ts>
        <createdBy>Bronny Horwell</createdBy>
        <approvedBy>Adelaida Plitz</approvedBy>
      </source>
    </activity>
  </activities>
  <events>
    <event>
      <predicate>visited</predicate>
      <place>Japan</place>
      <predplace>visited Japan</predplace>
      <end>2018-01-23T06:38:52Z</end>
      <start>2015-06-07T06:35:11Z</start>
    </event>
  </events>
  <actions>
    <action>
      <url>https://guardian.co.uk</url>
      <icon>faCog</icon>
    </action>
    <action>
      <url>http://clickbank.net</url>
      <icon>faCode</icon>
    </action>
    <action>
      <url>http://about.me</url>
      <icon>faSync</icon>
    </action>
  </actions>
</person>