<?xml version="1.0" encoding="UTF-8" standalone="yes"?>
<person>
  <personId>10096</personId>
  <nameGroup>
    <givenname>
      <value>Stearne</value>
    </givenname>
    <surname>
      <value>Mocquer</value>
    </surname>
    <fullname>
      <classification>S</classification>
      <restricted>true</restricted>
      <value>Stearne Mocquer </value>
      <source>
        <name>Washington Post</name>
        <ts>2011-04-06T00:03:03Z</ts>
      </source>
      <source>
        <name>Los Angeles Times</name>
        <ts>2011-02-12T01:25:48Z</ts>
      </source>
    </fullname>
  </nameGroup>
  <emails>
    <email>
      <value>sellerman0@yahoo.co.jp</value>
      <classification>C</classification>
      <restricted>false</restricted>
    </email>
  </emails>
  <phone>834-168-6384</phone>
  <contacts>
    <contact>
      <type>email</type>
      <value>nohenecan0@parallels.com</value>
    </contact>
    <contact>
      <type>email</type>
      <value>tinchcomb1@chron.com</value>
    </contact>
    <contact>
      <type>phone</type>
      <value>289-722-3021</value>
    </contact>
  </contacts>
  <ssn>
    <value>270-16-5983</value>
    <classification>(S)</classification>
  </ssn>
  <images>
    <image>
      <url>/images/persons/person-09.jpg</url>
      <source>
        <name>USA Today</name>
        <ts>2021-10-26T00:13:12Z</ts>
        <uploadedBy/>
      </source>
    </image>
    <image>
      <url>/images/persons/person-01.jpg</url>
      <source>
        <name>Wall Street Journal</name>
        <ts>2018-09-04T13:38:01Z</ts>
        <uploadedBy>scallcott0</uploadedBy>
      </source>
    </image>
    <image>
      <url>/images/persons/person-09.jpg</url>
      <source>
        <name>Washington Post</name>
        <ts>2017-05-18T11:19:49Z</ts>
        <uploadedBy>pstockin0</uploadedBy>
      </source>
    </image>
  </images>
  <addresses>
    <address>
      <street>32 Boyd Park</street>
      <city>Kansas City</city>
      <state>MO</state>
      <postal>64136</postal>
      <country>United States</country>
      <latitude>39.0187</latitude>
      <longitude>-94.4008</longitude>
    </address>
    <address>
      <street>456 Cordelia Point</street>
      <city>Garden Grove</city>
      <state>CA</state>
      <postal>92844</postal>
      <country>United States</country>
      <latitude>33.7661</latitude>
      <longitude>-117.9738</longitude>
    </address>
    <address>
      <street>80 Westerfield Crossing</street>
      <city>Oakland</city>
      <state>CA</state>
      <postal>94611</postal>
      <country>United States</country>
      <latitude>37.8471</latitude>
      <longitude>-122.2223</longitude>
    </address>
  </addresses>
  <schools>
    <school>
      <country>Canada</country>
      <name>Wilfrid Laurier University</name>
      <city>Fruitvale</city>
      <state>BC</state>
      <postal>K2H</postal>
      <latitude>49.11654</latitude>
      <longitude>-117.55222</longitude>
      <source>
        <name>USA Today</name>
        <ts>2011-02-23T22:00:05Z</ts>
      </source>
      <source>
        <name>New York Times</name>
        <ts>2017-06-28T15:12:31Z</ts>
      </source>
      <source>
        <name>Chicago Tribune</name>
        <ts>2021-01-30T08:06:58Z</ts>
      </source>
    </school>
    <school>
      <country>United States</country>
      <name>Tiffin University</name>
      <city>Annapolis</city>
      <state>MD</state>
      <postal>21405</postal>
      <latitude>39.0327543</latitude>
      <longitude>-76.5517132</longitude>
      <source>
        <name>USA Today</name>
        <ts>2010-07-02T13:02:58Z</ts>
      </source>
      <source>
        <name>New York Times</name>
        <ts>2021-09-08T14:11:57Z</ts>
      </source>
      <source>
        <name>Chicago Tribune</name>
        <ts>2021-08-26T12:48:38Z</ts>
      </source>
    </school>
  </schools>
  <status>Active</status>
  <sources>
    <source>
      <name>Wall Street Journal</name>
      <ts>2019-02-26T02:00:18Z</ts>
    </source>
  </sources>
  <sources>
    <source>
      <name>Chicago Tribune</name>
      <ts>2011-04-25T04:40:54Z</ts>
    </source>
  </sources>
  <sources>
    <source>
      <name>USA Today</name>
      <ts>2015-03-22T13:31:25Z</ts>
    </source>
  </sources>
  <relations>
    <relation>
      <id>/person/10052.xml</id>
      <predicate>relatedTo</predicate>
      <imageSrc>/images/persons/person-05.jpg</imageSrc>
      <fullname>Celestine Cogger </fullname>
      <city>New York City</city>
      <state>NY</state>
    </relation>
    <relation>
      <id>/person/10054.xml</id>
      <predicate>worksWith</predicate>
      <imageSrc>/images/persons/person-03.jpg</imageSrc>
      <fullname>Amargo Hicklingbottom </fullname>
      <city>Kansas City</city>
      <state>MO</state>
    </relation>
    <relation>
      <id>/person/10042.xml</id>
      <predicate>livesWith</predicate>
      <imageSrc>/images/persons/person-07.jpg</imageSrc>
      <fullname>Arnuad Brewett </fullname>
      <city>Cleveland</city>
      <state>OH</state>
    </relation>
  </relations>
  <createdOn>
    <ts>2022-01-29T18:11:23Z</ts>
    <user>smocquer2n</user>
  </createdOn>
  <lastUpdated>
    <ts>2022-02-17T08:23:52Z</ts>
    <user>smocquer2n</user>
  </lastUpdated>
  <socials>
    <social>
      <site>twitter</site>
      <handle>sarnal0</handle>
      <address>https://ask.com/at/feugiat/non/pretium.jpg</address>
    </social>
  </socials>
  <memberships>
    <membership>
      <list>list7</list>
      <important>false</important>
      <ts>2022-02-20</ts>
    </membership>
    <membership>
      <list>list7</list>
      <important>false</important>
      <ts>2022-02-15</ts>
    </membership>
    <membership>
      <list>list10</list>
      <important>true</important>
      <ts>2022-01-27</ts>
    </membership>
  </memberships>
  <links>
    <link>
      <label>Quick View</label>
      <url>http://examiner.com</url>
      <icon>faEye</icon>
    </link>
    <link>
      <label>Nomination History</label>
      <url>https://dell.com</url>
      <icon>faMedal</icon>
    </link>
    <link>
      <label>Comments</label>
      <url>http://g.co</url>
      <icon>faComments</icon>
    </link>
  </links>
  <activities>
    <activity>
      <predicate>endedAt</predicate>
      <place>Linkbuzz</place>
      <predplace>endedAt Linkbuzz</predplace>
      <ts>2013-05-05T15:15:25Z</ts>
      <source>
        <name>USA Today</name>
        <ts>2021-01-30T02:22:45Z</ts>
        <createdBy>Douglas Narbett</createdBy>
        <approvedBy>Akim Meineking</approvedBy>
      </source>
    </activity>
    <activity>
      <predicate>endedAt</predicate>
      <place>Oyondu</place>
      <predplace>endedAt Oyondu</predplace>
      <ts>2013-08-31T11:56:00Z</ts>
      <source>
        <name>New York Times</name>
        <ts>2022-01-15T22:30:29Z</ts>
        <createdBy>Joan Codi</createdBy>
        <approvedBy>Reese De Mico</approvedBy>
      </source>
    </activity>
    <activity>
      <predicate>endedAt</predicate>
      <place>Edgeblab</place>
      <predplace>endedAt Edgeblab</predplace>
      <ts>2014-10-07T12:35:19Z</ts>
      <source>
        <name>Chicago Tribune</name>
        <ts>2020-11-17T12:56:51Z</ts>
        <createdBy>Irving Schollar</createdBy>
        <approvedBy>Teodorico Antcliffe</approvedBy>
      </source>
    </activity>
    <activity>
      <predicate>startedAt</predicate>
      <place>Eamia</place>
      <predplace>startedAt Eamia</predplace>
      <ts>2013-11-30T10:01:20Z</ts>
      <source>
        <name>Los Angeles Times</name>
        <ts>2020-09-03T02:57:17Z</ts>
        <createdBy>Dene Cuer</createdBy>
        <approvedBy>Martainn Speak</approvedBy>
      </source>
    </activity>
  </activities>
  <events>
    <event>
      <predicate>visited</predicate>
      <place>Czech Republic</place>
      <predplace>visited Czech Republic</predplace>
      <end>2017-10-10T10:11:23Z</end>
      <start>2014-12-20T22:52:53Z</start>
    </event>
  </events>
  <actions>
    <action>
      <url>https://discuz.net</url>
      <icon>faCog</icon>
    </action>
    <action>
      <url>https://gizmodo.com</url>
      <icon>faCode</icon>
    </action>
    <action>
      <url>http://clickbank.net</url>
      <icon>faSync</icon>
    </action>
  </actions>
</person>