<?xml version="1.0" encoding="UTF-8" standalone="yes"?>
<person>
  <personId>10095</personId>
  <nameGroup>
    <givenname>
      <value>Ilaire</value>
    </givenname>
    <surname>
      <value>Voce</value>
    </surname>
    <fullname>
      <classification>U</classification>
      <restricted>false</restricted>
      <value>Ilaire Voce </value>
      <source>
        <name>Wall Street Journal</name>
        <ts>2011-03-09T02:08:48Z</ts>
      </source>
      <source>
        <name>Washington Post</name>
        <ts>2012-01-21T16:33:17Z</ts>
      </source>
    </fullname>
  </nameGroup>
  <emails>
    <email>
      <value>thartmann0@soundcloud.com</value>
      <classification>C</classification>
      <restricted>false</restricted>
    </email>
    <email>
      <value>hfrankton1@vkontakte.ru</value>
      <classification>S</classification>
      <restricted>false</restricted>
    </email>
  </emails>
  <phone>642-801-5193</phone>
  <contacts>
    <contact>
      <type>email</type>
      <value>rgodlee0@imageshack.us</value>
    </contact>
    <contact>
      <type>phone</type>
      <value>181-356-7077</value>
    </contact>
    <contact>
      <type>phone</type>
      <value>961-224-9229</value>
    </contact>
  </contacts>
  <ssn>
    <value>513-40-8330</value>
    <classification>(S)</classification>
  </ssn>
  <images>
    <image>
      <url>/images/persons/person-08.jpg</url>
      <source>
        <name>Los Angeles Times</name>
        <ts>2020-12-14T09:49:18Z</ts>
        <uploadedBy>ocammock0</uploadedBy>
      </source>
    </image>
    <image>
      <url>/images/persons/person-06.jpg</url>
      <source>
        <name>USA Today</name>
        <ts>2021-12-24T01:00:02Z</ts>
        <uploadedBy>kpardon0</uploadedBy>
      </source>
    </image>
  </images>
  <addresses>
    <address>
      <street>77 Northwestern Road</street>
      <city>Macon</city>
      <state>GA</state>
      <postal>31296</postal>
      <country>United States</country>
      <latitude>32.8067</latitude>
      <longitude>-83.6913</longitude>
    </address>
    <address>
      <street>80140 Blackbird Avenue</street>
      <city>Tucson</city>
      <state>AZ</state>
      <postal>85710</postal>
      <country>United States</country>
      <latitude>32.2138</latitude>
      <longitude>-110.824</longitude>
    </address>
    <address>
      <street>556 Pankratz Circle</street>
      <city>Tulsa</city>
      <state>OK</state>
      <postal>74170</postal>
      <country>United States</country>
      <latitude>36.1398</latitude>
      <longitude>-96.0297</longitude>
    </address>
  </addresses>
  <schools>
    <school>
      <country>United States</country>
      <name>Danville Area Community College</name>
      <city>Daytona Beach</city>
      <state>FL</state>
      <postal>32123</postal>
      <latitude>29.1374566</latitude>
      <longitude>-80.9980687</longitude>
      <source>
        <name>USA Today</name>
        <ts>2021-12-13T04:15:58Z</ts>
      </source>
      <source>
        <name>New York Times</name>
        <ts>2019-04-28T20:55:06Z</ts>
      </source>
      <source>
        <name>Chicago Tribune</name>
        <ts>2011-11-20T23:34:26Z</ts>
      </source>
    </school>
  </schools>
  <status>Active</status>
  <sources>
    <source>
      <name>Wall Street Journal</name>
      <ts>2021-04-22T21:44:27Z</ts>
    </source>
  </sources>
  <relations>
    <relation>
      <id>/person/10034.xml</id>
      <predicate>relatedTo</predicate>
      <imageSrc>/images/persons/person-03.jpg</imageSrc>
      <fullname>Hector Madeley </fullname>
      <city>Indianapolis</city>
      <state>IN</state>
    </relation>
    <relation>
      <id>/person/10070.xml</id>
      <predicate>relatedTo</predicate>
      <imageSrc>/images/persons/person-06.jpg</imageSrc>
      <fullname>Oralle Rutter </fullname>
      <city>Saint Petersburg</city>
      <state>FL</state>
    </relation>
  </relations>
  <createdOn>
    <ts>2022-01-26T22:21:20Z</ts>
    <user>ivoce2m</user>
  </createdOn>
  <lastUpdated>
    <ts>2022-01-10T17:58:34Z</ts>
    <user>ivoce2m</user>
  </lastUpdated>
  <socials>
    <social>
      <site>linkedin</site>
      <handle>kbagenal0</handle>
      <address>https://gmpg.org/volutpat/sapien/arcu.json</address>
    </social>
  </socials>
  <memberships>
    <membership>
      <list>list2</list>
      <important>false</important>
      <ts>2022-01-17</ts>
    </membership>
  </memberships>
  <links>
    <link>
      <label>Quick View</label>
      <url>http://devhub.com</url>
      <icon>faEye</icon>
    </link>
    <link>
      <label>Nomination History</label>
      <url>http://eventbrite.com</url>
      <icon>faMedal</icon>
    </link>
    <link>
      <label>Comments</label>
      <url>http://mayoclinic.com</url>
      <icon>faComments</icon>
    </link>
  </links>
  <activities>
    <activity>
      <predicate>startedAt</predicate>
      <place>Demivee</place>
      <predplace>startedAt Demivee</predplace>
      <ts>2018-03-16T22:32:01Z</ts>
      <source>
        <name>USA Today</name>
        <ts>2021-07-09T13:57:49Z</ts>
        <createdBy>Viv Cossans</createdBy>
        <approvedBy>Barnebas Lyptratt</approvedBy>
      </source>
    </activity>
    <activity>
      <predicate>movedTo</predicate>
      <place>Skaboo</place>
      <predplace>movedTo Skaboo</predplace>
      <ts>2019-04-05T11:40:29Z</ts>
      <source>
        <name>New York Times</name>
        <ts>2021-07-28T02:11:24Z</ts>
        <createdBy>Barr Longmate</createdBy>
        <approvedBy>Kaile Poulson</approvedBy>
      </source>
    </activity>
    <activity>
      <predicate>transferredTo</predicate>
      <place>Thoughtworks</place>
      <predplace>transferredTo Thoughtworks</predplace>
      <ts>2016-10-29T15:09:45Z</ts>
      <source>
        <name>Chicago Tribune</name>
        <ts>2020-08-23T15:58:15Z</ts>
        <createdBy>Aeriela Nowell</createdBy>
        <approvedBy>Elke Golton</approvedBy>
      </source>
    </activity>
    <activity>
      <predicate>movedTo</predicate>
      <place>Eidel</place>
      <predplace>movedTo Eidel</predplace>
      <ts>2013-10-22T14:08:55Z</ts>
      <source>
        <name>Los Angeles Times</name>
        <ts>2021-08-27T06:13:36Z</ts>
        <createdBy>Fitz Wenman</createdBy>
        <approvedBy>Leola Haggerstone</approvedBy>
      </source>
    </activity>
    <activity>
      <predicate>endedAt</predicate>
      <place>Meetz</place>
      <predplace>endedAt Meetz</predplace>
      <ts>2018-05-16T07:06:16Z</ts>
      <source>
        <name>Wall Street Journal</name>
        <ts>2021-02-12T18:35:47Z</ts>
        <createdBy>Milli Jura</createdBy>
        <approvedBy>Tresa Wabe</approvedBy>
      </source>
    </activity>
  </activities>
  <events>
    <event>
      <predicate>livedIn</predicate>
      <place>Greece</place>
      <predplace>livedIn Greece</predplace>
      <end>2017-11-06T11:40:31Z</end>
      <start>2014-12-16T11:29:15Z</start>
    </event>
  </events>
  <actions>
    <action>
      <url>http://techcrunch.com</url>
      <icon>faCog</icon>
    </action>
    <action>
      <url>https://dagondesign.com</url>
      <icon>faCode</icon>
    </action>
    <action>
      <url>https://bluehost.com</url>
      <icon>faSync</icon>
    </action>
  </actions>
</person>