<?xml version="1.0" encoding="UTF-8" standalone="yes"?>
<person>
  <personId>10093</personId>
  <nameGroup>
    <givenname>
      <value>Leroy</value>
    </givenname>
    <surname>
      <value>Kimberley</value>
    </surname>
    <fullname>
      <classification>C</classification>
      <restricted>true</restricted>
      <value>Leroy Kimberley </value>
      <source>
        <name>Washington Post</name>
        <ts>2013-10-09T12:52:22Z</ts>
      </source>
      <source>
        <name>Washington Post</name>
        <ts>2019-04-24T14:52:32Z</ts>
      </source>
    </fullname>
  </nameGroup>
  <emails>
    <email>
      <value>mskinner0@hibu.com</value>
      <classification>C</classification>
      <restricted>false</restricted>
    </email>
  </emails>
  <phone>113-415-6642</phone>
  <contacts>
    <contact>
      <type>phone</type>
      <value>230-494-3359</value>
    </contact>
    <contact>
      <type>phone</type>
      <value>402-324-4692</value>
    </contact>
    <contact>
      <type>phone</type>
      <value>484-416-7536</value>
    </contact>
  </contacts>
  <ssn>
    <value>813-44-3655</value>
    <classification>(S)</classification>
  </ssn>
  <images>
    <image>
      <url>/images/persons/person-06.jpg</url>
      <source>
        <name>Los Angeles Times</name>
        <ts>2019-02-18T20:27:16Z</ts>
        <uploadedBy>lsantarelli0</uploadedBy>
      </source>
    </image>
    <image>
      <url>/images/persons/person-05.jpg</url>
      <source>
        <name>USA Today</name>
        <ts>2020-08-31T09:52:49Z</ts>
        <uploadedBy>slashford0</uploadedBy>
      </source>
    </image>
  </images>
  <addresses>
    <address>
      <street>81 Farwell Street</street>
      <city>New Haven</city>
      <state>CT</state>
      <postal>06505</postal>
      <country>United States</country>
      <latitude>41.3057</latitude>
      <longitude>-72.7799</longitude>
    </address>
  </addresses>
  <schools>
    <school>
      <country>United States</country>
      <name>Adams State College</name>
      <city>Garland</city>
      <state>TX</state>
      <postal>75044</postal>
      <latitude>32.9629396</latitude>
      <longitude>-96.6691579</longitude>
      <source>
        <name>USA Today</name>
        <ts>2016-12-01T14:47:18Z</ts>
      </source>
      <source>
        <name>New York Times</name>
        <ts>2014-09-06T20:03:07Z</ts>
      </source>
      <source>
        <name>Chicago Tribune</name>
        <ts>2016-05-21T15:22:56Z</ts>
      </source>
    </school>
  </schools>
  <status>Active</status>
  <sources>
    <source>
      <name>Chicago Tribune</name>
      <ts>2016-12-23T13:59:14Z</ts>
    </source>
  </sources>
  <relations>
    <relation>
      <id>/person/10059.xml</id>
      <predicate>livesWith</predicate>
      <imageSrc>/images/persons/person-01.jpg</imageSrc>
      <fullname>Prentiss Reford </fullname>
      <city>Des Moines</city>
      <state>IA</state>
    </relation>
    <relation>
      <id>/person/10089.xml</id>
      <predicate>worksWith</predicate>
      <imageSrc>/images/persons/person-05.jpg</imageSrc>
      <fullname>Lurlene Lealle </fullname>
      <city>Detroit</city>
      <state>MI</state>
    </relation>
    <relation>
      <id>/person/10034.xml</id>
      <predicate>relatedTo</predicate>
      <imageSrc>/images/persons/person-03.jpg</imageSrc>
      <fullname>Hector Madeley </fullname>
      <city>Indianapolis</city>
      <state>IN</state>
    </relation>
    <relation>
      <id>/person/10063.xml</id>
      <predicate>relatedTo</predicate>
      <imageSrc>/images/persons/person-08.jpg</imageSrc>
      <fullname>Elden Grievson </fullname>
      <city>Miami</city>
      <state>FL</state>
    </relation>
  </relations>
  <createdOn>
    <ts>2022-02-26T06:54:09Z</ts>
    <user>lkimberley2k</user>
  </createdOn>
  <lastUpdated>
    <ts>2022-02-07T22:43:35Z</ts>
    <user>lkimberley2k</user>
  </lastUpdated>
  <socials/>
  <memberships>
    <membership>
      <list>list6</list>
      <important>false</important>
      <ts>2022-01-05</ts>
    </membership>
    <membership>
      <list>list7</list>
      <important>true</important>
      <ts>2022-02-15</ts>
    </membership>
    <membership>
      <list>list7</list>
      <important>false</important>
      <ts>2022-01-17</ts>
    </membership>
    <membership>
      <list>list8</list>
      <important>true</important>
      <ts>2022-02-23</ts>
    </membership>
  </memberships>
  <links>
    <link>
      <label>Quick View</label>
      <url>http://cnbc.com</url>
      <icon>faEye</icon>
    </link>
    <link>
      <label>Nomination History</label>
      <url>https://webs.com</url>
      <icon>faMedal</icon>
    </link>
    <link>
      <label>Comments</label>
      <url>http://webeden.co.uk</url>
      <icon>faComments</icon>
    </link>
  </links>
  <activities>
    <activity>
      <predicate>startedAt</predicate>
      <place>Tagpad</place>
      <predplace>startedAt Tagpad</predplace>
      <ts>2018-10-19T17:20:25Z</ts>
      <source>
        <name>USA Today</name>
        <ts>2020-06-29T15:22:22Z</ts>
        <createdBy>Afton McDonald</createdBy>
        <approvedBy>Francene Kelloway</approvedBy>
      </source>
    </activity>
    <activity>
      <predicate>endedAt</predicate>
      <place>JumpXS</place>
      <predplace>endedAt JumpXS</predplace>
      <ts>2016-09-13T05:00:01Z</ts>
      <source>
        <name>New York Times</name>
        <ts>2020-10-22T06:08:53Z</ts>
        <createdBy>Oliy Coffee</createdBy>
        <approvedBy>Cory Peevor</approvedBy>
      </source>
    </activity>
  </activities>
  <events>
    <event>
      <predicate>livedIn</predicate>
      <place>Colombia</place>
      <predplace>livedIn Colombia</predplace>
      <end>2017-11-25T08:33:39Z</end>
      <start>2014-01-12T18:01:54Z</start>
    </event>
  </events>
  <actions>
    <action>
      <url>https://about.com</url>
      <icon>faCog</icon>
    </action>
    <action>
      <url>https://psu.edu</url>
      <icon>faCode</icon>
    </action>
    <action>
      <url>http://istockphoto.com</url>
      <icon>faSync</icon>
    </action>
  </actions>
</person>