<?xml version="1.0" encoding="UTF-8" standalone="yes"?>
<person>
  <personId>10098</personId>
  <nameGroup>
    <givenname>
      <value>Pepita</value>
    </givenname>
    <surname>
      <value>Yelland</value>
    </surname>
    <fullname>
      <classification>U</classification>
      <restricted>false</restricted>
      <value>Pepita Yelland </value>
      <source>
        <name>Washington Post</name>
        <ts>2020-12-17T22:20:45Z</ts>
      </source>
    </fullname>
  </nameGroup>
  <emails>
    <email>
      <value>cvallis0@altervista.org</value>
      <classification>S</classification>
      <restricted>false</restricted>
    </email>
    <email>
      <value>wohm1@nytimes.com</value>
      <classification>U</classification>
      <restricted>false</restricted>
    </email>
  </emails>
  <phone>157-157-9167</phone>
  <contacts>
    <contact>
      <type>email</type>
      <value>rhatz0@yellowpages.com</value>
    </contact>
    <contact>
      <type>email</type>
      <value>adiss1@cornell.edu</value>
    </contact>
    <contact>
      <type>email</type>
      <value>kmacgowan2@biblegateway.com</value>
    </contact>
  </contacts>
  <ssn>
    <value>406-81-9133</value>
    <classification>(S)</classification>
  </ssn>
  <images>
    <image>
      <url>/images/persons/person-08.jpg</url>
      <source>
        <name>Los Angeles Times</name>
        <ts>2017-02-27T05:16:38Z</ts>
        <uploadedBy/>
      </source>
    </image>
    <image>
      <url>/images/persons/person-07.jpg</url>
      <source>
        <name>Los Angeles Times</name>
        <ts>2013-07-28T22:40:20Z</ts>
        <uploadedBy>dmowsdale0</uploadedBy>
      </source>
    </image>
  </images>
  <addresses>
    <address>
      <street>18 Luster Court</street>
      <city>Fredericksburg</city>
      <state>VA</state>
      <postal>22405</postal>
      <country>United States</country>
      <latitude>38.3365</latitude>
      <longitude>-77.4366</longitude>
    </address>
    <address>
      <street>9961 Randy Center</street>
      <city>Johnson City</city>
      <state>TN</state>
      <postal>37605</postal>
      <country>United States</country>
      <latitude>36.3158</latitude>
      <longitude>-82.3838</longitude>
    </address>
    <address>
      <street>0060 Starling Plaza</street>
      <city>Punta Gorda</city>
      <state>FL</state>
      <postal>33982</postal>
      <country>United States</country>
      <latitude>26.9668</latitude>
      <longitude>-81.9545</longitude>
    </address>
  </addresses>
  <schools>
    <school>
      <country>United States</country>
      <name>Ohio State University - Newark</name>
      <city>Tallahassee</city>
      <state>FL</state>
      <postal>32309</postal>
      <latitude>30.5547139</latitude>
      <longitude>-84.0801613</longitude>
      <source>
        <name>USA Today</name>
        <ts>2019-05-04T11:53:48Z</ts>
      </source>
      <source>
        <name>New York Times</name>
        <ts>2012-12-06T17:09:07Z</ts>
      </source>
      <source>
        <name>Chicago Tribune</name>
        <ts>2019-08-17T10:33:49Z</ts>
      </source>
    </school>
    <school>
      <country>Mexico</country>
      <name>Universidad de Ciencias y Artes de Chiapas</name>
      <city>San Jose</city>
      <state>GRO</state>
      <postal>39266</postal>
      <latitude>25.8007724</latitude>
      <longitude>-100.4277766</longitude>
      <source>
        <name>USA Today</name>
        <ts>2019-02-15T07:20:48Z</ts>
      </source>
      <source>
        <name>New York Times</name>
        <ts>2015-09-03T02:14:01Z</ts>
      </source>
      <source>
        <name>Chicago Tribune</name>
        <ts>2011-03-02T14:40:29Z</ts>
      </source>
    </school>
  </schools>
  <status>Active</status>
  <sources>
    <source>
      <name>New York Times</name>
      <ts>2012-01-03T00:15:43Z</ts>
    </source>
  </sources>
  <sources>
    <source>
      <name>Wall Street Journal</name>
      <ts>2012-12-14T19:16:01Z</ts>
    </source>
  </sources>
  <sources>
    <source>
      <name>USA Today</name>
      <ts>2012-05-05T18:14:07Z</ts>
    </source>
  </sources>
  <relations>
    <relation>
      <id>/person/10008.xml</id>
      <predicate>livesWith</predicate>
      <imageSrc>/images/persons/person-06.jpg</imageSrc>
      <fullname>Clair Yurevich </fullname>
      <city>Saint Petersburg</city>
      <state>FL</state>
    </relation>
    <relation>
      <id>/person/10001.xml</id>
      <predicate>worksWith</predicate>
      <imageSrc>/images/persons/person-01.jpg</imageSrc>
      <fullname>Scottie Jephcote </fullname>
      <city>Tampa</city>
      <state>FL</state>
    </relation>
    <relation>
      <id>/person/10076.xml</id>
      <predicate>relatedTo</predicate>
      <imageSrc>/images/persons/person-04.jpg</imageSrc>
      <fullname>Merilee Lamberton </fullname>
      <city>Saint Louis</city>
      <state>MO</state>
    </relation>
    <relation>
      <id>/person/10027.xml</id>
      <predicate>livesWith</predicate>
      <imageSrc>/images/persons/person-05.jpg</imageSrc>
      <fullname>Wiatt Troyes </fullname>
      <city>Monroe</city>
      <state>LA</state>
    </relation>
  </relations>
  <createdOn>
    <ts>2022-01-17T08:59:07Z</ts>
    <user>pyelland2p</user>
  </createdOn>
  <lastUpdated>
    <ts>2022-01-27T05:04:25Z</ts>
    <user>pyelland2p</user>
  </lastUpdated>
  <socials/>
  <memberships>
    <membership>
      <list>list8</list>
      <important>true</important>
      <ts>2022-01-04</ts>
    </membership>
    <membership>
      <list>list3</list>
      <important>true</important>
      <ts>2022-02-12</ts>
    </membership>
    <membership>
      <list>list3</list>
      <important>false</important>
      <ts>2022-01-12</ts>
    </membership>
    <membership>
      <list>list7</list>
      <important>true</important>
      <ts>2022-01-14</ts>
    </membership>
  </memberships>
  <links>
    <link>
      <label>Quick View</label>
      <url>https://list-manage.com</url>
      <icon>faEye</icon>
    </link>
    <link>
      <label>Nomination History</label>
      <url>https://cafepress.com</url>
      <icon>faMedal</icon>
    </link>
    <link>
      <label>Comments</label>
      <url>http://hatena.ne.jp</url>
      <icon>faComments</icon>
    </link>
  </links>
  <activities>
    <activity>
      <predicate>movedTo</predicate>
      <place>Youtags</place>
      <predplace>movedTo Youtags</predplace>
      <ts>2018-01-09T04:06:28Z</ts>
      <source>
        <name>USA Today</name>
        <ts>2021-11-19T08:05:12Z</ts>
        <createdBy>Letty Le Pine</createdBy>
        <approvedBy>Danyelle Baldocci</approvedBy>
      </source>
    </activity>
    <activity>
      <predicate>startedAt</predicate>
      <place>Babbleset</place>
      <predplace>startedAt Babbleset</predplace>
      <ts>2015-03-23T06:49:49Z</ts>
      <source>
        <name>New York Times</name>
        <ts>2020-07-14T17:29:04Z</ts>
        <createdBy>Lotti Fulle</createdBy>
        <approvedBy>Raddy Fessler</approvedBy>
      </source>
    </activity>
    <activity>
      <predicate>endedAt</predicate>
      <place>Zoonder</place>
      <predplace>endedAt Zoonder</predplace>
      <ts>2019-12-02T00:40:52Z</ts>
      <source>
        <name>Chicago Tribune</name>
        <ts>2020-02-18T02:35:29Z</ts>
        <createdBy>Melisandra O'Kinedy</createdBy>
        <approvedBy>Janice Maynell</approvedBy>
      </source>
    </activity>
  </activities>
  <events>
    <event>
      <predicate>visited</predicate>
      <place>Tanzania</place>
      <predplace>visited Tanzania</predplace>
      <end>2018-07-30T21:30:58Z</end>
      <start>2015-03-01T15:00:28Z</start>
    </event>
  </events>
  <actions>
    <action>
      <url>https://quantcast.com</url>
      <icon>faCog</icon>
    </action>
    <action>
      <url>https://seattletimes.com</url>
      <icon>faCode</icon>
    </action>
    <action>
      <url>https://tripod.com</url>
      <icon>faSync</icon>
    </action>
  </actions>
</person>